OrderKey,SessionID,DeviceType,CartAbandonFlag
2001,sess_56105,Tablet,0
2002,sess_49139,Mobile,0
2003,sess_61116,Tablet,0
2004,sess_64921,Tablet,1
2005,sess_80545,Mobile,0
2006,sess_81582,Mobile,0
2007,sess_89069,Tablet,1
2008,sess_38906,Desktop,0
2009,sess_73993,Tablet,1
2010,sess_38760,Tablet,0
2011,sess_45774,Tablet,0
2012,sess_67125,Tablet,0
2013,sess_73654,Mobile,0
2014,sess_13804,Tablet,1
2015,sess_60968,Desktop,0
2016,sess_54057,Mobile,0
2017,sess_97670,Desktop,0
2018,sess_99016,Desktop,0
2019,sess_62994,Desktop,1
2020,sess_31632,Desktop,0
2021,sess_71261,Mobile,0
2022,sess_26728,Mobile,1
2023,sess_91560,Desktop,0
2024,sess_80008,Desktop,1
2025,sess_13534,Mobile,0
2026,sess_61645,Mobile,0
2027,sess_87580,Mobile,0
2028,sess_83975,Tablet,0
2029,sess_96900,Tablet,1
2030,sess_13552,Tablet,0
2031,sess_21003,Desktop,0
2032,sess_94246,Tablet,0
2033,sess_66179,Desktop,0
2034,sess_27786,Desktop,0
2035,sess_70515,Tablet,1
2036,sess_33819,Desktop,0
2037,sess_16590,Tablet,0
2038,sess_44099,Tablet,0
2039,sess_59689,Mobile,0
2040,sess_52906,Tablet,0
2041,sess_37742,Mobile,0
2042,sess_69598,Tablet,1
2043,sess_52840,Tablet,0
2044,sess_54236,Mobile,0
2045,sess_59692,Mobile,0
2046,sess_46471,Tablet,1
2047,sess_65255,Desktop,0
2048,sess_43065,Mobile,0
2049,sess_20735,Desktop,0
2050,sess_71644,Desktop,0
2051,sess_12540,Desktop,0
2052,sess_80702,Mobile,0
2053,sess_16826,Desktop,0
2054,sess_55870,Mobile,0
2055,sess_39389,Desktop,1
2056,sess_95215,Tablet,1
2057,sess_18993,Tablet,0
2058,sess_95426,Mobile,0
2059,sess_15276,Tablet,0
2060,sess_14067,Tablet,0
2061,sess_42411,Desktop,0
2062,sess_36130,Mobile,0
2063,sess_12671,Desktop,0
2064,sess_91439,Desktop,1
2065,sess_29973,Desktop,0
2066,sess_41266,Desktop,0
2067,sess_26544,Desktop,1
2068,sess_72070,Desktop,0
2069,sess_97747,Desktop,0
2070,sess_24993,Mobile,0
2071,sess_83920,Tablet,0
2072,sess_38569,Desktop,1
2073,sess_70952,Desktop,0
2074,sess_43586,Desktop,0
2075,sess_58351,Desktop,1
2076,sess_31992,Desktop,1
2077,sess_89415,Desktop,1
2078,sess_89593,Tablet,0
2079,sess_25012,Tablet,0
2080,sess_31465,Desktop,1
2081,sess_50768,Tablet,1
2082,sess_24168,Mobile,0
2083,sess_85849,Desktop,0
2084,sess_13365,Mobile,0
2085,sess_50888,Mobile,1
2086,sess_85470,Desktop,0
2087,sess_98781,Tablet,0
2088,sess_59192,Mobile,0
2089,sess_61990,Desktop,0
2090,sess_35995,Mobile,1
2091,sess_19961,Mobile,0
2092,sess_87607,Mobile,1
2093,sess_92213,Mobile,1
2094,sess_41830,Tablet,0
2095,sess_23356,Mobile,0
2096,sess_49529,Mobile,0
2097,sess_99687,Mobile,1
2098,sess_88697,Tablet,0
2099,sess_25866,Mobile,0
2100,sess_84177,Mobile,1
2101,sess_15383,Tablet,0
2102,sess_55508,Tablet,1
2103,sess_79827,Tablet,0
2104,sess_66148,Mobile,0
2105,sess_96706,Tablet,0
2106,sess_58571,Tablet,1
2107,sess_19038,Mobile,0
2108,sess_76317,Tablet,1
2109,sess_94874,Mobile,1
2110,sess_54725,Desktop,0
2111,sess_11658,Tablet,1
2112,sess_65057,Desktop,0
2113,sess_74251,Mobile,0
2114,sess_23833,Tablet,0
2115,sess_66822,Mobile,1
2116,sess_57472,Desktop,0
2117,sess_93307,Mobile,0
2118,sess_70258,Tablet,0
2119,sess_30052,Tablet,0
2120,sess_67080,Desktop,0
2121,sess_33086,Mobile,1
2122,sess_78386,Tablet,1
2123,sess_95256,Desktop,0
2124,sess_45400,Tablet,1
2125,sess_90728,Tablet,0
2126,sess_80539,Mobile,1
2127,sess_73372,Tablet,0
2128,sess_70931,Mobile,0
2129,sess_67091,Tablet,0
2130,sess_87656,Desktop,1
2131,sess_45179,Tablet,0
2132,sess_52245,Mobile,0
2133,sess_42177,Mobile,0
2134,sess_21359,Desktop,0
2135,sess_46559,Tablet,0
2136,sess_69087,Tablet,0
2137,sess_41963,Desktop,1
2138,sess_70910,Tablet,0
2139,sess_84691,Tablet,0
2140,sess_89997,Mobile,0
2141,sess_97580,Tablet,1
2142,sess_59674,Tablet,1
2143,sess_54092,Desktop,0
2144,sess_13761,Desktop,0
2145,sess_74789,Mobile,0
2146,sess_52600,Tablet,0
2147,sess_33834,Tablet,1
2148,sess_73904,Tablet,0
2149,sess_37802,Mobile,0
2150,sess_56507,Mobile,0
2151,sess_43862,Desktop,1
2152,sess_54608,Mobile,0
2153,sess_46655,Tablet,0
2154,sess_88139,Tablet,0
2155,sess_46211,Mobile,1
2156,sess_82848,Tablet,0
2157,sess_11330,Tablet,0
2158,sess_77715,Mobile,0
2159,sess_35042,Mobile,0
2160,sess_21221,Tablet,0
2161,sess_41635,Tablet,0
2162,sess_63271,Tablet,0
2163,sess_74038,Desktop,0
2164,sess_82768,Desktop,0
2165,sess_41499,Desktop,1
2166,sess_72402,Mobile,0
2167,sess_94659,Desktop,1
2168,sess_74332,Mobile,0
2169,sess_68743,Mobile,0
2170,sess_12260,Desktop,0
2171,sess_22196,Desktop,0
2172,sess_48566,Desktop,0
2173,sess_39045,Tablet,0
2174,sess_63005,Desktop,0
2175,sess_41890,Tablet,1
2176,sess_50135,Mobile,0
2177,sess_97026,Tablet,1
2178,sess_86225,Desktop,0
2179,sess_58368,Mobile,0
2180,sess_72031,Mobile,0
2181,sess_82544,Mobile,0
2182,sess_79588,Tablet,0
2183,sess_55056,Desktop,0
2184,sess_65771,Mobile,0
2185,sess_82140,Mobile,0
2186,sess_53357,Mobile,0
2187,sess_56112,Tablet,1
2188,sess_69473,Tablet,1
2189,sess_45509,Desktop,1
2190,sess_50189,Tablet,1
2191,sess_42951,Mobile,0
2192,sess_40217,Desktop,0
2193,sess_25814,Mobile,1
2194,sess_35242,Mobile,0
2195,sess_51359,Tablet,0
2196,sess_25670,Desktop,0
2197,sess_80236,Tablet,0
2198,sess_34267,Tablet,0
2199,sess_35105,Desktop,1
2200,sess_38361,Mobile,0
2201,sess_73464,Mobile,0
2202,sess_46241,Desktop,1
2203,sess_87278,Mobile,0
2204,sess_78765,Desktop,0
2205,sess_88222,Desktop,0
2206,sess_47093,Tablet,0
2207,sess_23176,Desktop,1
2208,sess_35443,Tablet,0
2209,sess_48829,Mobile,1
2210,sess_39816,Mobile,0
2211,sess_57301,Mobile,1
2212,sess_33519,Mobile,1
2213,sess_49618,Tablet,1
2214,sess_11854,Mobile,0
2215,sess_80010,Desktop,1
2216,sess_26591,Desktop,0
2217,sess_45954,Desktop,0
2218,sess_15965,Tablet,1
2219,sess_17146,Mobile,0
2220,sess_82529,Mobile,1
2221,sess_48290,Mobile,0
2222,sess_26551,Tablet,0
2223,sess_93606,Desktop,0
2224,sess_74340,Desktop,0
2225,sess_23446,Mobile,0
2226,sess_11607,Desktop,0
2227,sess_85243,Desktop,0
2228,sess_47268,Tablet,0
2229,sess_71524,Tablet,0
2230,sess_72746,Tablet,0
2231,sess_67733,Tablet,0
2232,sess_54657,Mobile,0
2233,sess_34164,Tablet,0
2234,sess_16734,Desktop,1
2235,sess_43092,Mobile,1
2236,sess_72616,Desktop,0
2237,sess_24953,Desktop,0
2238,sess_18564,Desktop,1
2239,sess_62521,Tablet,0
2240,sess_74454,Tablet,0
2241,sess_19710,Mobile,0
2242,sess_85631,Mobile,1
2243,sess_92502,Tablet,0
2244,sess_99974,Desktop,0
2245,sess_17026,Mobile,1
2246,sess_29887,Tablet,1
2247,sess_29555,Tablet,0
2248,sess_83772,Tablet,0
2249,sess_49824,Desktop,1
2250,sess_21164,Tablet,0
2251,sess_42530,Tablet,0
2252,sess_25525,Tablet,0
2253,sess_83147,Tablet,1
2254,sess_64548,Mobile,0
2255,sess_89471,Mobile,1
2256,sess_88135,Tablet,1
2257,sess_91057,Desktop,0
2258,sess_39581,Mobile,0
2259,sess_78494,Tablet,0
2260,sess_59856,Mobile,0
2261,sess_69049,Mobile,0
2262,sess_68028,Desktop,1
2263,sess_48974,Tablet,0
2264,sess_87139,Tablet,1
2265,sess_66207,Desktop,0
2266,sess_50026,Desktop,0
2267,sess_84531,Tablet,0
2268,sess_91399,Tablet,0
2269,sess_17894,Desktop,0
2270,sess_89905,Mobile,0
2271,sess_23006,Mobile,0
2272,sess_37235,Desktop,0
2273,sess_91987,Mobile,0
2274,sess_37659,Desktop,0
2275,sess_44687,Mobile,0
2276,sess_96563,Mobile,1
2277,sess_20641,Tablet,0
2278,sess_30585,Tablet,0
2279,sess_41439,Mobile,0
2280,sess_32782,Mobile,0
2281,sess_82350,Tablet,0
2282,sess_19838,Tablet,0
2283,sess_30517,Tablet,0
2284,sess_10350,Desktop,0
2285,sess_63545,Mobile,0
2286,sess_69048,Tablet,0
2287,sess_87832,Mobile,0
2288,sess_71592,Desktop,1
2289,sess_48175,Desktop,0
2290,sess_14278,Tablet,0
2291,sess_40340,Desktop,0
2292,sess_47762,Mobile,0
2293,sess_47056,Tablet,0
2294,sess_69510,Mobile,0
2295,sess_19329,Mobile,0
2296,sess_40595,Desktop,0
2297,sess_44675,Desktop,0
2298,sess_91927,Desktop,0
2299,sess_87304,Desktop,0
2300,sess_96662,Desktop,0
2301,sess_35928,Tablet,0
2302,sess_65723,Mobile,1
2303,sess_25043,Mobile,0
2304,sess_81376,Mobile,0
2305,sess_39466,Mobile,0
2306,sess_94886,Desktop,1
2307,sess_29528,Mobile,0
2308,sess_44816,Tablet,0
2309,sess_28643,Tablet,0
2310,sess_19359,Mobile,0
2311,sess_17816,Mobile,0
2312,sess_31747,Tablet,0
2313,sess_50319,Tablet,1
2314,sess_87993,Desktop,0
2315,sess_84607,Tablet,0
2316,sess_47828,Desktop,1
2317,sess_67560,Desktop,0
2318,sess_26299,Desktop,0
2319,sess_71433,Desktop,0
2320,sess_49857,Desktop,0
2321,sess_62757,Mobile,0
2322,sess_45683,Tablet,1
2323,sess_75597,Desktop,0
2324,sess_80776,Tablet,0
2325,sess_74722,Tablet,0
2326,sess_67377,Desktop,1
2327,sess_20543,Mobile,1
2328,sess_88385,Desktop,1
2329,sess_15224,Mobile,0
2330,sess_66626,Tablet,0
2331,sess_52247,Mobile,0
2332,sess_89129,Mobile,0
2333,sess_42816,Mobile,0
2334,sess_13390,Tablet,0
2335,sess_21970,Tablet,0
2336,sess_40005,Mobile,0
2337,sess_98381,Mobile,0
2338,sess_85392,Desktop,0
2339,sess_86955,Mobile,0
2340,sess_12719,Desktop,0
2341,sess_98117,Mobile,0
2342,sess_45325,Desktop,1
2343,sess_85529,Tablet,0
2344,sess_15273,Mobile,0
2345,sess_32962,Mobile,0
2346,sess_71669,Mobile,1
2347,sess_78021,Mobile,0
2348,sess_95394,Desktop,0
2349,sess_67963,Mobile,0
2350,sess_46458,Tablet,0
2351,sess_33788,Tablet,0
2352,sess_86720,Mobile,0
2353,sess_67132,Tablet,1
2354,sess_93202,Mobile,0
2355,sess_74451,Mobile,1
2356,sess_21959,Tablet,0
2357,sess_71605,Mobile,0
2358,sess_55607,Tablet,1
2359,sess_63523,Desktop,0
2360,sess_53687,Mobile,0
2361,sess_52081,Desktop,0
2362,sess_97835,Tablet,0
2363,sess_23710,Desktop,0
2364,sess_31079,Desktop,0
2365,sess_53228,Tablet,0
2366,sess_63955,Desktop,0
2367,sess_74942,Desktop,0
2368,sess_47777,Tablet,0
2369,sess_96846,Desktop,0
2370,sess_62488,Tablet,0
2371,sess_82102,Desktop,0
2372,sess_14809,Tablet,0
2373,sess_69614,Tablet,1
2374,sess_21542,Desktop,0
2375,sess_51224,Desktop,0
2376,sess_43082,Desktop,0
2377,sess_52372,Mobile,0
2378,sess_25194,Mobile,0
2379,sess_62976,Mobile,1
2380,sess_77449,Tablet,0
2381,sess_10150,Desktop,1
2382,sess_96200,Tablet,1
2383,sess_81118,Mobile,1
2384,sess_70552,Desktop,1
2385,sess_64165,Tablet,0
2386,sess_17104,Desktop,0
2387,sess_34586,Tablet,0
2388,sess_77952,Desktop,0
2389,sess_57419,Mobile,0
2390,sess_91609,Mobile,0
2391,sess_75338,Desktop,0
2392,sess_91973,Tablet,0
2393,sess_67939,Mobile,0
2394,sess_16764,Mobile,0
2395,sess_36680,Mobile,0
2396,sess_45003,Desktop,1
2397,sess_81987,Desktop,0
2398,sess_27172,Tablet,0
2399,sess_47752,Tablet,0
2400,sess_67424,Tablet,0
2401,sess_73532,Desktop,0
2402,sess_25915,Desktop,0
2403,sess_13783,Tablet,0
2404,sess_92578,Tablet,0
2405,sess_89806,Desktop,0
2406,sess_41365,Tablet,0
2407,sess_30758,Mobile,0
2408,sess_50730,Desktop,0
2409,sess_82199,Tablet,0
2410,sess_11792,Desktop,1
2411,sess_82384,Mobile,0
2412,sess_63476,Desktop,0
2413,sess_22217,Desktop,0
2414,sess_39451,Desktop,0
2415,sess_24871,Desktop,0
2416,sess_70482,Mobile,0
2417,sess_25396,Desktop,1
2418,sess_94896,Desktop,0
2419,sess_30181,Tablet,0
2420,sess_75323,Desktop,0
2421,sess_48254,Tablet,0
2422,sess_76698,Mobile,0
2423,sess_45838,Mobile,0
2424,sess_64459,Mobile,1
2425,sess_73242,Mobile,0
2426,sess_71894,Tablet,0
2427,sess_41946,Desktop,1
2428,sess_69871,Mobile,0
2429,sess_82255,Desktop,1
2430,sess_28958,Tablet,0
2431,sess_60277,Tablet,1
2432,sess_34983,Tablet,0
2433,sess_88561,Mobile,1
2434,sess_76616,Desktop,1
2435,sess_27892,Desktop,0
2436,sess_19150,Desktop,1
2437,sess_46208,Tablet,0
2438,sess_64387,Mobile,0
2439,sess_54548,Tablet,0
2440,sess_76550,Tablet,0
2441,sess_45018,Desktop,0
2442,sess_10336,Tablet,0
2443,sess_47072,Desktop,0
2444,sess_49132,Mobile,1
2445,sess_86931,Desktop,1
2446,sess_86011,Mobile,0
2447,sess_96499,Desktop,0
2448,sess_74178,Tablet,0
2449,sess_29476,Tablet,0
2450,sess_68529,Mobile,0
2451,sess_80592,Mobile,0
2452,sess_73483,Mobile,0
2453,sess_55236,Desktop,1
2454,sess_53573,Desktop,0
2455,sess_82340,Mobile,0
2456,sess_81228,Tablet,0
2457,sess_59441,Desktop,0
2458,sess_69682,Desktop,0
2459,sess_52176,Desktop,0
2460,sess_34727,Mobile,0
2461,sess_41300,Mobile,0
2462,sess_84946,Mobile,1
2463,sess_60196,Mobile,1
2464,sess_40613,Mobile,0
2465,sess_63841,Tablet,0
2466,sess_15720,Tablet,0
2467,sess_51704,Mobile,0
2468,sess_71993,Desktop,0
2469,sess_59968,Mobile,0
2470,sess_60604,Tablet,0
2471,sess_96991,Tablet,0
2472,sess_95461,Desktop,0
2473,sess_29936,Tablet,1
2474,sess_74923,Mobile,1
2475,sess_14852,Desktop,0
2476,sess_26547,Mobile,0
2477,sess_75836,Mobile,1
2478,sess_87356,Desktop,0
2479,sess_53515,Mobile,1
2480,sess_23154,Tablet,0
2481,sess_67711,Mobile,1
2482,sess_23069,Desktop,0
2483,sess_78937,Desktop,1
2484,sess_69890,Desktop,1
2485,sess_12011,Mobile,0
2486,sess_28894,Desktop,0
2487,sess_63736,Desktop,1
2488,sess_95823,Mobile,0
2489,sess_30232,Tablet,1
2490,sess_19807,Mobile,0
2491,sess_71537,Desktop,0
2492,sess_44737,Desktop,0
2493,sess_54375,Mobile,0
2494,sess_91691,Tablet,1
2495,sess_62098,Desktop,0
2496,sess_95175,Desktop,0
2497,sess_20527,Desktop,0
2498,sess_53065,Mobile,0
2499,sess_98389,Desktop,1
2500,sess_79942,Tablet,1
2501,sess_59808,Desktop,0
2502,sess_51505,Desktop,1
2503,sess_92155,Tablet,1
2504,sess_73956,Desktop,0
2505,sess_80912,Mobile,1
2506,sess_14705,Mobile,0
2507,sess_90931,Mobile,0
2508,sess_18968,Tablet,1
2509,sess_40771,Desktop,0
2510,sess_92727,Mobile,1
2511,sess_99705,Tablet,1
2512,sess_47667,Desktop,0
2513,sess_39817,Tablet,1
2514,sess_21846,Mobile,0
2515,sess_66881,Mobile,0
2516,sess_22903,Mobile,0
2517,sess_93066,Tablet,1
2518,sess_23173,Tablet,0
2519,sess_68153,Mobile,0
2520,sess_31805,Tablet,0
2521,sess_49251,Mobile,0
2522,sess_13794,Mobile,0
2523,sess_16028,Desktop,0
2524,sess_52516,Tablet,0
2525,sess_17355,Mobile,0
2526,sess_48452,Mobile,1
2527,sess_56984,Tablet,0
2528,sess_59131,Desktop,0
2529,sess_66450,Desktop,1
2530,sess_29080,Mobile,0
2531,sess_42007,Tablet,1
2532,sess_79621,Desktop,0
2533,sess_64008,Tablet,1
2534,sess_84177,Tablet,0
2535,sess_99364,Mobile,0
2536,sess_33600,Desktop,0
2537,sess_32280,Mobile,1
2538,sess_32946,Desktop,0
2539,sess_20350,Desktop,0
2540,sess_89887,Desktop,1
2541,sess_60140,Desktop,1
2542,sess_91226,Desktop,0
2543,sess_99539,Tablet,1
2544,sess_41566,Mobile,1
2545,sess_75230,Tablet,0
2546,sess_86435,Desktop,0
2547,sess_28758,Mobile,0
2548,sess_40433,Desktop,0
2549,sess_70443,Mobile,0
2550,sess_93611,Tablet,0
2551,sess_43289,Mobile,0
2552,sess_70236,Mobile,0
2553,sess_43466,Mobile,0
2554,sess_97404,Mobile,1
2555,sess_11231,Mobile,1
2556,sess_70981,Desktop,0
2557,sess_47700,Mobile,1
2558,sess_98815,Mobile,0
2559,sess_81643,Tablet,0
2560,sess_30706,Mobile,0
2561,sess_19681,Tablet,0
2562,sess_67898,Desktop,1
2563,sess_55293,Mobile,0
2564,sess_87014,Tablet,0
2565,sess_49210,Tablet,0
2566,sess_93746,Desktop,0
2567,sess_65615,Mobile,0
2568,sess_42780,Mobile,0
2569,sess_69878,Tablet,0
2570,sess_49599,Mobile,1
2571,sess_36111,Tablet,1
2572,sess_60422,Mobile,0
2573,sess_73335,Tablet,1
2574,sess_23979,Mobile,0
2575,sess_41091,Desktop,0
2576,sess_59986,Mobile,0
2577,sess_84963,Mobile,0
2578,sess_57049,Desktop,1
2579,sess_85341,Mobile,0
2580,sess_48780,Desktop,0
2581,sess_48696,Mobile,0
2582,sess_12875,Tablet,0
2583,sess_96275,Tablet,1
2584,sess_61879,Mobile,0
2585,sess_45976,Mobile,0
2586,sess_11061,Mobile,0
2587,sess_84177,Tablet,0
2588,sess_99889,Mobile,0
2589,sess_16428,Tablet,0
2590,sess_89482,Desktop,0
2591,sess_75107,Tablet,0
2592,sess_47512,Tablet,1
2593,sess_40162,Desktop,1
2594,sess_89569,Tablet,0
2595,sess_56179,Mobile,0
2596,sess_38705,Mobile,0
2597,sess_93442,Tablet,1
2598,sess_34920,Mobile,0
2599,sess_91381,Tablet,0
2600,sess_42850,Mobile,0
2601,sess_98835,Mobile,0
2602,sess_96400,Tablet,0
2603,sess_99241,Mobile,0
2604,sess_27927,Tablet,0
2605,sess_92345,Mobile,0
2606,sess_22735,Mobile,0
2607,sess_92242,Desktop,0
2608,sess_94717,Desktop,0
2609,sess_15167,Tablet,0
2610,sess_50492,Desktop,0
2611,sess_67779,Tablet,0
2612,sess_14373,Desktop,1
2613,sess_85965,Mobile,0
2614,sess_57823,Tablet,0
2615,sess_27224,Tablet,0
2616,sess_21813,Mobile,0
2617,sess_48680,Tablet,0
2618,sess_52823,Tablet,0
2619,sess_64460,Desktop,0
2620,sess_33021,Tablet,1
2621,sess_36318,Mobile,0
2622,sess_27322,Desktop,1
2623,sess_80701,Desktop,1
2624,sess_57953,Mobile,0
2625,sess_79579,Mobile,1
2626,sess_75771,Desktop,0
2627,sess_45720,Tablet,1
2628,sess_31567,Desktop,0
2629,sess_43681,Mobile,0
2630,sess_73156,Desktop,0
2631,sess_48684,Mobile,0
2632,sess_54396,Desktop,0
2633,sess_25095,Tablet,0
2634,sess_71385,Desktop,0
2635,sess_19869,Desktop,0
2636,sess_28449,Mobile,0
2637,sess_39571,Mobile,0
2638,sess_98647,Mobile,1
2639,sess_98395,Desktop,1
2640,sess_62089,Tablet,1
2641,sess_83048,Mobile,0
2642,sess_57942,Mobile,0
2643,sess_21836,Desktop,0
2644,sess_61717,Mobile,1
2645,sess_11824,Tablet,0
2646,sess_44663,Tablet,0
2647,sess_80329,Mobile,0
2648,sess_26199,Mobile,1
2649,sess_69609,Desktop,0
2650,sess_58311,Tablet,0
2651,sess_98188,Tablet,0
2652,sess_98125,Mobile,0
2653,sess_44362,Desktop,0
2654,sess_86619,Tablet,0
2655,sess_59941,Tablet,0
2656,sess_93695,Desktop,1
2657,sess_58689,Desktop,0
2658,sess_24201,Tablet,1
2659,sess_98452,Tablet,1
2660,sess_40647,Desktop,0
2661,sess_71797,Tablet,0
2662,sess_13280,Mobile,0
2663,sess_91205,Mobile,1
2664,sess_83584,Desktop,0
2665,sess_52992,Desktop,0
2666,sess_89964,Desktop,0
2667,sess_39015,Mobile,0
2668,sess_94889,Tablet,0
2669,sess_18285,Mobile,0
2670,sess_93283,Tablet,0
2671,sess_70852,Mobile,0
2672,sess_49608,Tablet,0
2673,sess_95097,Mobile,0
2674,sess_63516,Desktop,0
2675,sess_25292,Mobile,0
2676,sess_28320,Tablet,1
2677,sess_15943,Mobile,0
2678,sess_14877,Mobile,0
2679,sess_49893,Mobile,0
2680,sess_74569,Desktop,0
2681,sess_25220,Mobile,0
2682,sess_22739,Desktop,0
2683,sess_40775,Desktop,1
2684,sess_80457,Mobile,0
2685,sess_27781,Mobile,0
2686,sess_60940,Mobile,0
2687,sess_69459,Tablet,0
2688,sess_58629,Mobile,0
2689,sess_97881,Desktop,0
2690,sess_80804,Mobile,0
2691,sess_64935,Tablet,0
2692,sess_86983,Mobile,0
2693,sess_30253,Tablet,0
2694,sess_64379,Tablet,0
2695,sess_95841,Mobile,0
2696,sess_22978,Desktop,1
2697,sess_74139,Tablet,0
2698,sess_90694,Mobile,0
2699,sess_63492,Mobile,0
2700,sess_46666,Desktop,1
2701,sess_14288,Tablet,1
2702,sess_58566,Tablet,0
2703,sess_38477,Mobile,1
2704,sess_68115,Mobile,0
2705,sess_68287,Desktop,0
2706,sess_40947,Desktop,1
2707,sess_57537,Tablet,1
2708,sess_23022,Tablet,0
2709,sess_99873,Mobile,0
2710,sess_58147,Tablet,0
2711,sess_81364,Desktop,0
2712,sess_94518,Desktop,1
2713,sess_57012,Mobile,0
2714,sess_17936,Desktop,0
2715,sess_62184,Desktop,0
2716,sess_46160,Desktop,0
2717,sess_34878,Desktop,0
2718,sess_26011,Mobile,0
2719,sess_69600,Mobile,1
2720,sess_22015,Tablet,1
2721,sess_96870,Desktop,0
2722,sess_37801,Tablet,1
2723,sess_94109,Mobile,1
2724,sess_93819,Mobile,1
2725,sess_88269,Mobile,0
2726,sess_12799,Mobile,0
2727,sess_16629,Mobile,0
2728,sess_53713,Mobile,0
2729,sess_41925,Mobile,0
2730,sess_26505,Desktop,0
2731,sess_84000,Tablet,0
2732,sess_36896,Mobile,0
2733,sess_18992,Desktop,0
2734,sess_82641,Desktop,0
2735,sess_37152,Tablet,1
2736,sess_86858,Mobile,1
2737,sess_38305,Tablet,1
2738,sess_40539,Mobile,1
2739,sess_53064,Desktop,0
2740,sess_29340,Desktop,1
2741,sess_88116,Desktop,0
2742,sess_10371,Desktop,0
2743,sess_46342,Tablet,0
2744,sess_28964,Mobile,0
2745,sess_27038,Mobile,0
2746,sess_80807,Tablet,0
2747,sess_42853,Mobile,1
2748,sess_32871,Desktop,0
2749,sess_24408,Mobile,0
2750,sess_96646,Desktop,1
2751,sess_13379,Tablet,0
2752,sess_27275,Mobile,0
2753,sess_11947,Tablet,0
2754,sess_56955,Mobile,0
2755,sess_41186,Desktop,0
2756,sess_87182,Tablet,1
2757,sess_52437,Mobile,0
2758,sess_12068,Desktop,0
2759,sess_32838,Tablet,1
2760,sess_44782,Tablet,0
2761,sess_16868,Mobile,0
2762,sess_26614,Mobile,0
2763,sess_65176,Mobile,0
2764,sess_78955,Desktop,0
2765,sess_24896,Mobile,0
2766,sess_18330,Tablet,0
2767,sess_72422,Tablet,1
2768,sess_68756,Mobile,0
2769,sess_57453,Mobile,0
2770,sess_77271,Tablet,0
2771,sess_87812,Desktop,0
2772,sess_24293,Mobile,0
2773,sess_69245,Mobile,0
2774,sess_76039,Tablet,1
2775,sess_39038,Mobile,0
2776,sess_90623,Desktop,0
2777,sess_15683,Tablet,0
2778,sess_96363,Mobile,0
2779,sess_78347,Tablet,0
2780,sess_49535,Mobile,0
2781,sess_70036,Mobile,0
2782,sess_94323,Mobile,0
2783,sess_14082,Desktop,1
2784,sess_17972,Desktop,1
2785,sess_72781,Tablet,1
2786,sess_62640,Mobile,1
2787,sess_65872,Mobile,0
2788,sess_99928,Desktop,1
2789,sess_24150,Mobile,0
2790,sess_74260,Desktop,1
2791,sess_68138,Mobile,1
2792,sess_19632,Tablet,0
2793,sess_20589,Mobile,1
2794,sess_52219,Mobile,0
2795,sess_89730,Desktop,0
2796,sess_29442,Mobile,0
2797,sess_18609,Mobile,0
2798,sess_26540,Desktop,0
2799,sess_46046,Tablet,0
2800,sess_91830,Tablet,1
2801,sess_92978,Desktop,0
2802,sess_86724,Desktop,1
2803,sess_81874,Desktop,1
2804,sess_52622,Desktop,1
2805,sess_59925,Desktop,1
2806,sess_88301,Tablet,0
2807,sess_79541,Tablet,1
2808,sess_48652,Desktop,1
2809,sess_69469,Mobile,0
2810,sess_76263,Desktop,0
2811,sess_89354,Mobile,0
2812,sess_66387,Desktop,0
2813,sess_22999,Desktop,0
2814,sess_24996,Tablet,0
2815,sess_95814,Mobile,0
2816,sess_95316,Mobile,0
2817,sess_82264,Tablet,1
2818,sess_38183,Tablet,0
2819,sess_66370,Tablet,0
2820,sess_69186,Tablet,0
2821,sess_39949,Mobile,0
2822,sess_64239,Mobile,1
2823,sess_54424,Desktop,0
2824,sess_69441,Desktop,0
2825,sess_62262,Tablet,0
2826,sess_64524,Tablet,0
2827,sess_22463,Tablet,1
2828,sess_50966,Desktop,0
2829,sess_65936,Desktop,0
2830,sess_50963,Desktop,0
2831,sess_97177,Desktop,0
2832,sess_43408,Desktop,0
2833,sess_59060,Desktop,0
2834,sess_30006,Desktop,0
2835,sess_72163,Tablet,0
2836,sess_18799,Tablet,0
2837,sess_21957,Tablet,1
2838,sess_21188,Tablet,1
2839,sess_22219,Desktop,0
2840,sess_66606,Mobile,1
2841,sess_22656,Desktop,0
2842,sess_58843,Mobile,0
2843,sess_27054,Tablet,1
2844,sess_82924,Desktop,1
2845,sess_17861,Tablet,1
2846,sess_86869,Desktop,0
2847,sess_83608,Tablet,0
2848,sess_83620,Mobile,1
2849,sess_53207,Mobile,0
2850,sess_97819,Mobile,0
2851,sess_26021,Desktop,0
2852,sess_63845,Mobile,0
2853,sess_56346,Desktop,0
2854,sess_97207,Mobile,0
2855,sess_65435,Mobile,1
2856,sess_16743,Desktop,0
2857,sess_47700,Desktop,0
2858,sess_88696,Mobile,0
2859,sess_50953,Desktop,0
2860,sess_56090,Mobile,0
2861,sess_23579,Desktop,0
2862,sess_85748,Tablet,1
2863,sess_76507,Tablet,0
2864,sess_37884,Tablet,1
2865,sess_30280,Tablet,0
2866,sess_96079,Tablet,0
2867,sess_73201,Mobile,0
2868,sess_39392,Tablet,0
2869,sess_24184,Tablet,1
2870,sess_55890,Tablet,0
2871,sess_82910,Tablet,0
2872,sess_58176,Desktop,1
2873,sess_25058,Mobile,1
2874,sess_46512,Tablet,1
2875,sess_85248,Tablet,0
2876,sess_39643,Tablet,1
2877,sess_66244,Mobile,0
2878,sess_83526,Desktop,0
2879,sess_91490,Mobile,0
2880,sess_90422,Desktop,0
2881,sess_98470,Tablet,0
2882,sess_94239,Tablet,0
2883,sess_82972,Mobile,1
2884,sess_13441,Mobile,0
2885,sess_89822,Desktop,0
2886,sess_96223,Desktop,0
2887,sess_45054,Mobile,1
2888,sess_13794,Desktop,0
2889,sess_33647,Mobile,0
2890,sess_45818,Desktop,1
2891,sess_50499,Mobile,1
2892,sess_54541,Mobile,0
2893,sess_56009,Mobile,0
2894,sess_10800,Desktop,1
2895,sess_33777,Desktop,0
2896,sess_28776,Desktop,0
2897,sess_84228,Mobile,1
2898,sess_96159,Desktop,0
2899,sess_62531,Desktop,0
2900,sess_19120,Mobile,0
2901,sess_28595,Tablet,0
2902,sess_92991,Mobile,0
2903,sess_14018,Desktop,1
2904,sess_22026,Mobile,0
2905,sess_79531,Tablet,0
2906,sess_38197,Mobile,0
2907,sess_59308,Desktop,0
2908,sess_65028,Tablet,1
2909,sess_69460,Desktop,0
2910,sess_54681,Tablet,0
2911,sess_30631,Tablet,0
2912,sess_58503,Mobile,0
2913,sess_50846,Mobile,0
2914,sess_52517,Desktop,0
2915,sess_84395,Mobile,1
2916,sess_88148,Mobile,0
2917,sess_21135,Tablet,0
2918,sess_16895,Mobile,0
2919,sess_30392,Tablet,1
2920,sess_30632,Tablet,0
2921,sess_90981,Tablet,0
2922,sess_16522,Desktop,0
2923,sess_98338,Desktop,0
2924,sess_20693,Desktop,1
2925,sess_45665,Tablet,0
2926,sess_68079,Desktop,0
2927,sess_96761,Desktop,1
2928,sess_65576,Mobile,1
2929,sess_73656,Desktop,1
2930,sess_89570,Desktop,1
2931,sess_67939,Tablet,0
2932,sess_64287,Tablet,0
2933,sess_45804,Tablet,0
2934,sess_38255,Tablet,0
2935,sess_77154,Tablet,0
2936,sess_24918,Tablet,0
2937,sess_55242,Desktop,0
2938,sess_66349,Tablet,1
2939,sess_24534,Tablet,0
2940,sess_47125,Mobile,1
2941,sess_98895,Desktop,0
2942,sess_98930,Desktop,0
2943,sess_87743,Desktop,0
2944,sess_73783,Tablet,0
2945,sess_79066,Tablet,0
2946,sess_97442,Tablet,1
2947,sess_50425,Mobile,0
2948,sess_15952,Tablet,0
2949,sess_38903,Mobile,0
2950,sess_61807,Desktop,0
2951,sess_88554,Tablet,1
2952,sess_17180,Mobile,1
2953,sess_11007,Mobile,0
2954,sess_36794,Tablet,0
2955,sess_49507,Desktop,0
2956,sess_37686,Desktop,1
2957,sess_27987,Desktop,0
2958,sess_43491,Mobile,0
2959,sess_47938,Mobile,1
2960,sess_53007,Mobile,0
2961,sess_25726,Mobile,1
2962,sess_11013,Desktop,0
2963,sess_75193,Tablet,0
2964,sess_66446,Mobile,0
2965,sess_33028,Mobile,1
2966,sess_26932,Desktop,1
2967,sess_59834,Tablet,0
2968,sess_79806,Tablet,0
2969,sess_40161,Desktop,0
2970,sess_75570,Desktop,1
2971,sess_83233,Tablet,0
2972,sess_97562,Mobile,0
2973,sess_56421,Tablet,0
2974,sess_19447,Desktop,1
2975,sess_62044,Mobile,0
2976,sess_15544,Mobile,0
2977,sess_67176,Desktop,0
2978,sess_12456,Desktop,1
2979,sess_70260,Desktop,0
2980,sess_20205,Tablet,0
2981,sess_51033,Tablet,1
2982,sess_85465,Mobile,0
2983,sess_66267,Desktop,0
2984,sess_85156,Mobile,0
2985,sess_63008,Mobile,1
2986,sess_93904,Mobile,0
2987,sess_64747,Mobile,1
2988,sess_47947,Desktop,0
2989,sess_25096,Mobile,0
2990,sess_63088,Desktop,0
2991,sess_12733,Desktop,1
2992,sess_52568,Tablet,0
2993,sess_32527,Desktop,1
2994,sess_91018,Tablet,0
2995,sess_70305,Desktop,0
2996,sess_57428,Desktop,0
2997,sess_21551,Desktop,1
2998,sess_67240,Tablet,0
2999,sess_23875,Tablet,0
3000,sess_41891,Mobile,0
3001,sess_67104,Tablet,1
3002,sess_87184,Tablet,0
3003,sess_62487,Tablet,1
3004,sess_78676,Tablet,0
3005,sess_20308,Mobile,0
3006,sess_61873,Tablet,0
3007,sess_50668,Desktop,1
3008,sess_54500,Desktop,1
3009,sess_39041,Tablet,0
3010,sess_53655,Tablet,0
3011,sess_32037,Desktop,0
3012,sess_20011,Desktop,0
3013,sess_76910,Mobile,0
3014,sess_92998,Desktop,0
3015,sess_24945,Desktop,0
3016,sess_79547,Tablet,0
3017,sess_76840,Desktop,0
3018,sess_35415,Mobile,0
3019,sess_55793,Desktop,0
3020,sess_56019,Tablet,0
3021,sess_94599,Tablet,1
3022,sess_29358,Desktop,0
3023,sess_40968,Tablet,0
3024,sess_23474,Mobile,0
3025,sess_29194,Mobile,0
3026,sess_43550,Desktop,0
3027,sess_35856,Desktop,0
3028,sess_32740,Desktop,1
3029,sess_88957,Tablet,0
3030,sess_30036,Mobile,0
3031,sess_95918,Mobile,0
3032,sess_19876,Tablet,0
3033,sess_33218,Mobile,0
3034,sess_92306,Desktop,1
3035,sess_74764,Desktop,0
3036,sess_70811,Desktop,0
3037,sess_83889,Mobile,0
3038,sess_85952,Desktop,0
3039,sess_68838,Tablet,1
3040,sess_99277,Tablet,0
3041,sess_83989,Mobile,0
3042,sess_94278,Tablet,0
3043,sess_93269,Tablet,1
3044,sess_91857,Mobile,0
3045,sess_52363,Desktop,0
3046,sess_92210,Desktop,0
3047,sess_51436,Desktop,0
3048,sess_29786,Mobile,0
3049,sess_67640,Tablet,0
3050,sess_18950,Desktop,0
3051,sess_71462,Desktop,0
3052,sess_67961,Mobile,0
3053,sess_92756,Desktop,0
3054,sess_49691,Mobile,0
3055,sess_46002,Tablet,0
3056,sess_87518,Mobile,0
3057,sess_17362,Mobile,1
3058,sess_56129,Mobile,0
3059,sess_76497,Mobile,0
3060,sess_19724,Tablet,0
3061,sess_50685,Tablet,1
3062,sess_70521,Desktop,0
3063,sess_69233,Tablet,0
3064,sess_14929,Tablet,0
3065,sess_17456,Desktop,0
3066,sess_58331,Tablet,0
3067,sess_47627,Mobile,0
3068,sess_20057,Mobile,0
3069,sess_94497,Desktop,1
3070,sess_21835,Desktop,0
3071,sess_90610,Desktop,0
3072,sess_87867,Mobile,0
3073,sess_76462,Tablet,0
3074,sess_60394,Mobile,0
3075,sess_70648,Desktop,0
3076,sess_86064,Tablet,0
3077,sess_82655,Tablet,1
3078,sess_15376,Mobile,1
3079,sess_68947,Desktop,0
3080,sess_84928,Mobile,0
3081,sess_95437,Tablet,1
3082,sess_34672,Mobile,0
3083,sess_52143,Mobile,1
3084,sess_89299,Desktop,0
3085,sess_72341,Desktop,0
3086,sess_75715,Tablet,0
3087,sess_29773,Mobile,0
3088,sess_18109,Mobile,0
3089,sess_69050,Mobile,0
3090,sess_23566,Tablet,0
3091,sess_55015,Tablet,0
3092,sess_21053,Desktop,0
3093,sess_76132,Desktop,1
3094,sess_94689,Desktop,0
3095,sess_32617,Mobile,1
3096,sess_15130,Mobile,0
3097,sess_42472,Desktop,0
3098,sess_67377,Mobile,1
3099,sess_67595,Desktop,0
3100,sess_78690,Tablet,0
3101,sess_78517,Desktop,0
3102,sess_89928,Tablet,0
3103,sess_30807,Mobile,0
3104,sess_57696,Desktop,1
3105,sess_58870,Mobile,0
3106,sess_47079,Tablet,0
3107,sess_60779,Tablet,0
3108,sess_63578,Tablet,0
3109,sess_54350,Mobile,0
3110,sess_98984,Mobile,0
3111,sess_88366,Mobile,0
3112,sess_16863,Mobile,0
3113,sess_92691,Tablet,0
3114,sess_94843,Tablet,0
3115,sess_53863,Desktop,0
3116,sess_18639,Desktop,0
3117,sess_53213,Mobile,1
3118,sess_22387,Tablet,0
3119,sess_83133,Tablet,0
3120,sess_98916,Tablet,0
3121,sess_60667,Desktop,0
3122,sess_47243,Desktop,0
3123,sess_43029,Tablet,0
3124,sess_96057,Tablet,0
3125,sess_88997,Tablet,0
3126,sess_29709,Desktop,0
3127,sess_53694,Tablet,0
3128,sess_20682,Tablet,0
3129,sess_86380,Mobile,0
3130,sess_96980,Mobile,1
3131,sess_28537,Desktop,1
3132,sess_55851,Tablet,1
3133,sess_50662,Tablet,1
3134,sess_95990,Mobile,1
3135,sess_96787,Desktop,0
3136,sess_61374,Mobile,0
3137,sess_26901,Mobile,0
3138,sess_87993,Mobile,0
3139,sess_21104,Mobile,0
3140,sess_50577,Tablet,0
3141,sess_83259,Tablet,0
3142,sess_59372,Mobile,0
3143,sess_94343,Desktop,1
3144,sess_53054,Desktop,0
3145,sess_26750,Desktop,0
3146,sess_97833,Desktop,0
3147,sess_99838,Mobile,0
3148,sess_78995,Tablet,1
3149,sess_22249,Desktop,0
3150,sess_94675,Mobile,1
3151,sess_97878,Desktop,0
3152,sess_65496,Desktop,0
3153,sess_76648,Mobile,0
3154,sess_57425,Tablet,0
3155,sess_12389,Tablet,0
3156,sess_57526,Mobile,0
3157,sess_50483,Tablet,0
3158,sess_33627,Mobile,1
3159,sess_38074,Mobile,0
3160,sess_54791,Mobile,1
3161,sess_73736,Tablet,0
3162,sess_35166,Mobile,0
3163,sess_39693,Desktop,0
3164,sess_28030,Tablet,0
3165,sess_30308,Tablet,0
3166,sess_20114,Tablet,0
3167,sess_48770,Tablet,0
3168,sess_23256,Desktop,1
3169,sess_76543,Tablet,0
3170,sess_80748,Tablet,1
3171,sess_79013,Mobile,0
3172,sess_14947,Tablet,0
3173,sess_96760,Desktop,0
3174,sess_54140,Desktop,0
3175,sess_91006,Desktop,0
3176,sess_27176,Desktop,0
3177,sess_88282,Tablet,0
3178,sess_59377,Tablet,0
3179,sess_30218,Desktop,1
3180,sess_31266,Desktop,1
3181,sess_33703,Tablet,0
3182,sess_91885,Desktop,0
3183,sess_31697,Mobile,0
3184,sess_67366,Desktop,0
3185,sess_15726,Desktop,0
3186,sess_63852,Mobile,0
3187,sess_57749,Mobile,0
3188,sess_98652,Tablet,0
3189,sess_41133,Tablet,0
3190,sess_68222,Mobile,1
3191,sess_90031,Mobile,1
3192,sess_47346,Tablet,0
3193,sess_68841,Desktop,1
3194,sess_40671,Mobile,1
3195,sess_79993,Tablet,0
3196,sess_41348,Desktop,0
3197,sess_50562,Mobile,0
3198,sess_71474,Desktop,1
3199,sess_35430,Tablet,1
3200,sess_58213,Mobile,0
3201,sess_98907,Desktop,0
3202,sess_84766,Mobile,0
3203,sess_67749,Desktop,0
3204,sess_70513,Tablet,0
3205,sess_46932,Tablet,1
3206,sess_60052,Mobile,0
3207,sess_75916,Desktop,1
3208,sess_79135,Mobile,1
3209,sess_64874,Mobile,0
3210,sess_31241,Desktop,0
3211,sess_36174,Desktop,0
3212,sess_89254,Desktop,0
3213,sess_28140,Tablet,0
3214,sess_42768,Mobile,0
3215,sess_16839,Mobile,0
3216,sess_94040,Tablet,0
3217,sess_72991,Desktop,0
3218,sess_58655,Tablet,0
3219,sess_82684,Tablet,0
3220,sess_23446,Tablet,0
3221,sess_77621,Mobile,0
3222,sess_26341,Tablet,0
3223,sess_47363,Mobile,0
3224,sess_20993,Mobile,0
3225,sess_31012,Mobile,0
3226,sess_45755,Desktop,0
3227,sess_68893,Mobile,1
3228,sess_77286,Mobile,0
3229,sess_29313,Desktop,0
3230,sess_67340,Mobile,0
3231,sess_22021,Tablet,0
3232,sess_39102,Tablet,0
3233,sess_69130,Mobile,0
3234,sess_55820,Desktop,0
3235,sess_13495,Tablet,0
3236,sess_64381,Desktop,0
3237,sess_16980,Desktop,0
3238,sess_61964,Tablet,0
3239,sess_75799,Desktop,1
3240,sess_59015,Tablet,0
3241,sess_40903,Desktop,0
3242,sess_60615,Tablet,0
3243,sess_20696,Mobile,0
3244,sess_59140,Tablet,0
3245,sess_39430,Tablet,0
3246,sess_13694,Tablet,0
3247,sess_51770,Tablet,0
3248,sess_22987,Desktop,0
3249,sess_95191,Mobile,0
3250,sess_53947,Tablet,1
3251,sess_29142,Desktop,0
3252,sess_28035,Mobile,0
3253,sess_15020,Mobile,0
3254,sess_47601,Mobile,0
3255,sess_71925,Mobile,0
3256,sess_28191,Tablet,0
3257,sess_71487,Tablet,0
3258,sess_68799,Desktop,0
3259,sess_90654,Desktop,0
3260,sess_10688,Desktop,0
3261,sess_20384,Mobile,1
3262,sess_12490,Mobile,0
3263,sess_43544,Tablet,0
3264,sess_38266,Mobile,0
3265,sess_29597,Mobile,0
3266,sess_81932,Mobile,1
3267,sess_89807,Desktop,0
3268,sess_79176,Desktop,0
3269,sess_65476,Tablet,0
3270,sess_24573,Mobile,0
3271,sess_47762,Mobile,0
3272,sess_41147,Tablet,0
3273,sess_49472,Mobile,0
3274,sess_25970,Mobile,0
3275,sess_16258,Desktop,0
3276,sess_41252,Tablet,1
3277,sess_65027,Tablet,1
3278,sess_93748,Tablet,1
3279,sess_91633,Tablet,0
3280,sess_69914,Desktop,0
3281,sess_18232,Desktop,1
3282,sess_24530,Mobile,0
3283,sess_75513,Mobile,0
3284,sess_88215,Mobile,1
3285,sess_80261,Mobile,1
3286,sess_12154,Desktop,0
3287,sess_92831,Tablet,0
3288,sess_77551,Desktop,0
3289,sess_85372,Mobile,1
3290,sess_41711,Desktop,1
3291,sess_28818,Tablet,0
3292,sess_48177,Tablet,0
3293,sess_66261,Desktop,1
3294,sess_10205,Desktop,0
3295,sess_90584,Desktop,0
3296,sess_56244,Mobile,1
3297,sess_41531,Desktop,0
3298,sess_84798,Desktop,0
3299,sess_64600,Desktop,0
3300,sess_34551,Tablet,0
3301,sess_97080,Tablet,1
3302,sess_97584,Mobile,0
3303,sess_21221,Mobile,1
3304,sess_78614,Tablet,0
3305,sess_57265,Tablet,0
3306,sess_18870,Tablet,0
3307,sess_78951,Desktop,0
3308,sess_81313,Desktop,0
3309,sess_76496,Tablet,0
3310,sess_76535,Desktop,0
3311,sess_82633,Desktop,0
3312,sess_12665,Mobile,0
3313,sess_61177,Tablet,0
3314,sess_71621,Tablet,0
3315,sess_15706,Desktop,0
3316,sess_93318,Tablet,0
3317,sess_60709,Mobile,0
3318,sess_58929,Mobile,0
3319,sess_43246,Mobile,0
3320,sess_12128,Tablet,1
3321,sess_56805,Tablet,1
3322,sess_18855,Tablet,0
3323,sess_55193,Tablet,0
3324,sess_41604,Tablet,1
3325,sess_96127,Mobile,0
3326,sess_92346,Desktop,1
3327,sess_23587,Mobile,1
3328,sess_86271,Tablet,1
3329,sess_53583,Mobile,0
3330,sess_27486,Tablet,0
3331,sess_15811,Tablet,0
3332,sess_56176,Mobile,0
3333,sess_81567,Tablet,0
3334,sess_54374,Desktop,0
3335,sess_94252,Tablet,0
3336,sess_32949,Desktop,1
3337,sess_99742,Desktop,0
3338,sess_70899,Tablet,1
3339,sess_72722,Mobile,1
3340,sess_92802,Desktop,0
3341,sess_33891,Mobile,0
3342,sess_27675,Desktop,1
3343,sess_18270,Tablet,0
3344,sess_69988,Tablet,0
3345,sess_14847,Desktop,0
3346,sess_48462,Tablet,0
3347,sess_36422,Desktop,0
3348,sess_15741,Tablet,0
3349,sess_36144,Mobile,0
3350,sess_15492,Tablet,0
3351,sess_51365,Mobile,0
3352,sess_50642,Tablet,0
3353,sess_77552,Mobile,0
3354,sess_62196,Tablet,1
3355,sess_81176,Mobile,0
3356,sess_72049,Desktop,0
3357,sess_43202,Desktop,0
3358,sess_14799,Mobile,0
3359,sess_94790,Tablet,0
3360,sess_35048,Mobile,1
3361,sess_47501,Tablet,0
3362,sess_56789,Desktop,1
3363,sess_16265,Tablet,0
3364,sess_95948,Desktop,0
3365,sess_53506,Tablet,0
3366,sess_45811,Tablet,1
3367,sess_26315,Tablet,0
3368,sess_58237,Mobile,0
3369,sess_67272,Mobile,0
3370,sess_62431,Desktop,0
3371,sess_67637,Desktop,0
3372,sess_60678,Mobile,0
3373,sess_54438,Desktop,0
3374,sess_34486,Mobile,0
3375,sess_75038,Tablet,0
3376,sess_75211,Desktop,1
3377,sess_58148,Desktop,1
3378,sess_78062,Mobile,1
3379,sess_44959,Desktop,0
3380,sess_20828,Desktop,0
3381,sess_65640,Tablet,0
3382,sess_20345,Desktop,0
3383,sess_66440,Tablet,0
3384,sess_88964,Mobile,0
3385,sess_33652,Desktop,0
3386,sess_81496,Tablet,0
3387,sess_48504,Mobile,1
3388,sess_52101,Desktop,0
3389,sess_23447,Mobile,0
3390,sess_20494,Desktop,0
3391,sess_52981,Mobile,0
3392,sess_96628,Mobile,0
3393,sess_48750,Tablet,1
3394,sess_50173,Mobile,1
3395,sess_68447,Desktop,0
3396,sess_88986,Desktop,1
3397,sess_65851,Tablet,1
3398,sess_31842,Desktop,1
3399,sess_68183,Desktop,1
3400,sess_56077,Desktop,0
3401,sess_68606,Mobile,0
3402,sess_15551,Mobile,0
3403,sess_56210,Desktop,0
3404,sess_90589,Tablet,1
3405,sess_67008,Mobile,0
3406,sess_45986,Tablet,0
3407,sess_93816,Desktop,1
3408,sess_17518,Desktop,1
3409,sess_19835,Mobile,1
3410,sess_97973,Desktop,0
3411,sess_93560,Mobile,0
3412,sess_63242,Desktop,0
3413,sess_57619,Desktop,0
3414,sess_77251,Mobile,0
3415,sess_99051,Mobile,0
3416,sess_30969,Mobile,1
3417,sess_14081,Desktop,0
3418,sess_28714,Desktop,0
3419,sess_89635,Tablet,0
3420,sess_98878,Mobile,0
3421,sess_67432,Desktop,0
3422,sess_14561,Desktop,1
3423,sess_26545,Mobile,0
3424,sess_18812,Tablet,1
3425,sess_40932,Mobile,0
3426,sess_94562,Tablet,1
3427,sess_58015,Desktop,0
3428,sess_57467,Tablet,0
3429,sess_60181,Desktop,0
3430,sess_84349,Mobile,1
3431,sess_14244,Mobile,0
3432,sess_89310,Mobile,0
3433,sess_30111,Tablet,1
3434,sess_99006,Desktop,1
3435,sess_68972,Mobile,0
3436,sess_58623,Mobile,0
3437,sess_58760,Desktop,0
3438,sess_68188,Mobile,0
3439,sess_20077,Desktop,0
3440,sess_85225,Desktop,1
3441,sess_28047,Desktop,1
3442,sess_79397,Desktop,0
3443,sess_58096,Desktop,0
3444,sess_62171,Tablet,0
3445,sess_51207,Mobile,1
3446,sess_95139,Tablet,1
3447,sess_46528,Mobile,0
3448,sess_42717,Tablet,1
3449,sess_24869,Desktop,0
3450,sess_13396,Mobile,0
3451,sess_34385,Mobile,0
3452,sess_75410,Tablet,0
3453,sess_77861,Tablet,0
3454,sess_60723,Mobile,0
3455,sess_83619,Tablet,0
3456,sess_25435,Tablet,1
3457,sess_44311,Tablet,0
3458,sess_44116,Desktop,0
3459,sess_68493,Desktop,0
3460,sess_38124,Tablet,0
3461,sess_90199,Tablet,0
3462,sess_47431,Desktop,0
3463,sess_74382,Desktop,0
3464,sess_36237,Mobile,0
3465,sess_26074,Mobile,0
3466,sess_27790,Desktop,0
3467,sess_19706,Tablet,0
3468,sess_69250,Tablet,0
3469,sess_32630,Tablet,0
3470,sess_68341,Tablet,1
3471,sess_21506,Mobile,0
3472,sess_99381,Desktop,0
3473,sess_51889,Tablet,1
3474,sess_97535,Mobile,0
3475,sess_55537,Tablet,0
3476,sess_18511,Desktop,1
3477,sess_82089,Mobile,1
3478,sess_81063,Desktop,1
3479,sess_48058,Desktop,0
3480,sess_49315,Mobile,0
3481,sess_30644,Mobile,0
3482,sess_93584,Mobile,0
3483,sess_32818,Mobile,0
3484,sess_57381,Mobile,0
3485,sess_76683,Mobile,1
3486,sess_39391,Mobile,0
3487,sess_25907,Tablet,0
3488,sess_36342,Desktop,0
3489,sess_28202,Mobile,0
3490,sess_41029,Tablet,0
3491,sess_74752,Tablet,0
3492,sess_13445,Tablet,0
3493,sess_57303,Desktop,0
3494,sess_82616,Mobile,1
3495,sess_85009,Tablet,1
3496,sess_58353,Desktop,0
3497,sess_71263,Desktop,0
3498,sess_82305,Desktop,1
3499,sess_27009,Tablet,1
3500,sess_90209,Mobile,0
3501,sess_21300,Tablet,0
3502,sess_18617,Tablet,0
3503,sess_50539,Mobile,1
3504,sess_62187,Mobile,1
3505,sess_72739,Mobile,0
3506,sess_78903,Desktop,1
3507,sess_63843,Mobile,0
3508,sess_63665,Tablet,1
3509,sess_85353,Mobile,0
3510,sess_19666,Tablet,1
3511,sess_26426,Desktop,0
3512,sess_51553,Tablet,0
3513,sess_94192,Tablet,0
3514,sess_19720,Mobile,1
3515,sess_68979,Mobile,1
3516,sess_71057,Tablet,1
3517,sess_99143,Mobile,1
3518,sess_77811,Desktop,0
3519,sess_55156,Desktop,0
3520,sess_26821,Mobile,0
3521,sess_82260,Desktop,0
3522,sess_93859,Mobile,0
3523,sess_87042,Tablet,0
3524,sess_33850,Tablet,0
3525,sess_26912,Desktop,0
3526,sess_66704,Mobile,0
3527,sess_75911,Mobile,0
3528,sess_17263,Desktop,1
3529,sess_26274,Tablet,1
3530,sess_77908,Desktop,1
3531,sess_30056,Tablet,0
3532,sess_49862,Mobile,0
3533,sess_31581,Tablet,1
3534,sess_31229,Desktop,0
3535,sess_52291,Mobile,0
3536,sess_39552,Desktop,0
3537,sess_55353,Desktop,0
3538,sess_78012,Tablet,0
3539,sess_47230,Desktop,0
3540,sess_20336,Tablet,0
3541,sess_42847,Mobile,0
3542,sess_35729,Tablet,0
3543,sess_93238,Mobile,1
3544,sess_82199,Tablet,0
3545,sess_45972,Desktop,0
3546,sess_26406,Tablet,1
3547,sess_91922,Tablet,0
3548,sess_49691,Mobile,0
3549,sess_90534,Desktop,0
3550,sess_79924,Tablet,0
3551,sess_22245,Desktop,0
3552,sess_75873,Tablet,1
3553,sess_94015,Tablet,0
3554,sess_32103,Desktop,0
3555,sess_87569,Tablet,0
3556,sess_86106,Desktop,0
3557,sess_30210,Tablet,0
3558,sess_32439,Mobile,0
3559,sess_96341,Desktop,0
3560,sess_91851,Tablet,0
3561,sess_89316,Tablet,0
3562,sess_54252,Mobile,0
3563,sess_83874,Desktop,1
3564,sess_15399,Tablet,0
3565,sess_13718,Mobile,0
3566,sess_20646,Tablet,0
3567,sess_15958,Desktop,0
3568,sess_94076,Tablet,0
3569,sess_85598,Tablet,0
3570,sess_44688,Tablet,1
3571,sess_95344,Tablet,1
3572,sess_37631,Mobile,0
3573,sess_84991,Mobile,0
3574,sess_64602,Desktop,1
3575,sess_91016,Mobile,1
3576,sess_93753,Mobile,1
3577,sess_13969,Desktop,0
3578,sess_75278,Mobile,0
3579,sess_92203,Mobile,0
3580,sess_81509,Desktop,0
3581,sess_47967,Desktop,0
3582,sess_94136,Desktop,0
3583,sess_49596,Tablet,1
3584,sess_73300,Tablet,0
3585,sess_42096,Desktop,1
3586,sess_99783,Desktop,0
3587,sess_63227,Desktop,0
3588,sess_48985,Tablet,0
3589,sess_69446,Tablet,1
3590,sess_19564,Mobile,0
3591,sess_17852,Mobile,0
3592,sess_30719,Desktop,1
3593,sess_67619,Tablet,0
3594,sess_64476,Tablet,0
3595,sess_73471,Tablet,0
3596,sess_70875,Desktop,0
3597,sess_36741,Mobile,0
3598,sess_54589,Desktop,0
3599,sess_89516,Mobile,0
3600,sess_28830,Mobile,0
3601,sess_50970,Desktop,0
3602,sess_51853,Mobile,0
3603,sess_55268,Mobile,0
3604,sess_62260,Tablet,0
3605,sess_27139,Mobile,0
3606,sess_58567,Desktop,0
3607,sess_77499,Desktop,0
3608,sess_83616,Mobile,1
3609,sess_23917,Tablet,0
3610,sess_51827,Tablet,1
3611,sess_41685,Mobile,1
3612,sess_71141,Mobile,0
3613,sess_26059,Desktop,0
3614,sess_45058,Mobile,0
3615,sess_68929,Tablet,1
3616,sess_42495,Mobile,0
3617,sess_28465,Desktop,0
3618,sess_22689,Desktop,0
3619,sess_16632,Desktop,1
3620,sess_48038,Desktop,1
3621,sess_60351,Desktop,0
3622,sess_90658,Mobile,0
3623,sess_64805,Mobile,0
3624,sess_42541,Mobile,0
3625,sess_30932,Mobile,1
3626,sess_52917,Desktop,0
3627,sess_85718,Tablet,0
3628,sess_50988,Mobile,0
3629,sess_34881,Tablet,1
3630,sess_30885,Mobile,1
3631,sess_75308,Mobile,0
3632,sess_77466,Tablet,1
3633,sess_71186,Desktop,0
3634,sess_75373,Mobile,0
3635,sess_50441,Mobile,0
3636,sess_75191,Mobile,0
3637,sess_13037,Tablet,0
3638,sess_21802,Desktop,1
3639,sess_61543,Tablet,0
3640,sess_76249,Tablet,0
3641,sess_69930,Desktop,0
3642,sess_41552,Tablet,0
3643,sess_38199,Desktop,1
3644,sess_86460,Mobile,0
3645,sess_56254,Desktop,0
3646,sess_16377,Mobile,1
3647,sess_16624,Tablet,0
3648,sess_46877,Tablet,0
3649,sess_74866,Mobile,0
3650,sess_88317,Tablet,0
3651,sess_95755,Desktop,1
3652,sess_98148,Mobile,1
3653,sess_71680,Tablet,0
3654,sess_47453,Mobile,1
3655,sess_80345,Desktop,0
3656,sess_11071,Desktop,0
3657,sess_24089,Tablet,0
3658,sess_66482,Desktop,0
3659,sess_27555,Mobile,0
3660,sess_44664,Desktop,0
3661,sess_57943,Mobile,1
3662,sess_62855,Mobile,0
3663,sess_57964,Desktop,0
3664,sess_15930,Tablet,0
3665,sess_62505,Desktop,0
3666,sess_16705,Mobile,0
3667,sess_84747,Mobile,0
3668,sess_83638,Desktop,1
3669,sess_35513,Tablet,0
3670,sess_57516,Tablet,0
3671,sess_82512,Mobile,0
3672,sess_47827,Mobile,0
3673,sess_19637,Tablet,0
3674,sess_60639,Desktop,0
3675,sess_76093,Mobile,0
3676,sess_69028,Mobile,0
3677,sess_82070,Tablet,0
3678,sess_46663,Desktop,0
3679,sess_91689,Tablet,0
3680,sess_99181,Desktop,1
3681,sess_90090,Desktop,0
3682,sess_25572,Desktop,1
3683,sess_26864,Mobile,0
3684,sess_22672,Tablet,1
3685,sess_61629,Tablet,0
3686,sess_58915,Desktop,0
3687,sess_54444,Mobile,0
3688,sess_83116,Mobile,1
3689,sess_57920,Tablet,0
3690,sess_28909,Mobile,0
3691,sess_36090,Mobile,0
3692,sess_88966,Desktop,1
3693,sess_76731,Mobile,0
3694,sess_62610,Desktop,1
3695,sess_75546,Tablet,0
3696,sess_15276,Mobile,0
3697,sess_15938,Tablet,0
3698,sess_15100,Tablet,1
3699,sess_27961,Mobile,0
3700,sess_53652,Mobile,1
3701,sess_72094,Tablet,0
3702,sess_78069,Mobile,0
3703,sess_69898,Desktop,0
3704,sess_29521,Desktop,0
3705,sess_89463,Mobile,1
3706,sess_77568,Tablet,1
3707,sess_28321,Mobile,1
3708,sess_52987,Mobile,0
3709,sess_90356,Tablet,0
3710,sess_51750,Tablet,0
3711,sess_31299,Desktop,1
3712,sess_61505,Tablet,0
3713,sess_90805,Desktop,0
3714,sess_49221,Tablet,0
3715,sess_87820,Mobile,0
3716,sess_54089,Desktop,1
3717,sess_76494,Desktop,0
3718,sess_76809,Desktop,0
3719,sess_79774,Mobile,0
3720,sess_74205,Mobile,0
3721,sess_83783,Mobile,0
3722,sess_49294,Mobile,0
3723,sess_72245,Mobile,1
3724,sess_12180,Desktop,1
3725,sess_58281,Mobile,0
3726,sess_53416,Desktop,0
3727,sess_98317,Mobile,1
3728,sess_24366,Tablet,0
3729,sess_64596,Desktop,0
3730,sess_86507,Tablet,0
3731,sess_50327,Desktop,0
3732,sess_92478,Tablet,0
3733,sess_13492,Mobile,1
3734,sess_88238,Mobile,0
3735,sess_72205,Mobile,0
3736,sess_44803,Desktop,0
3737,sess_95929,Tablet,0
3738,sess_85821,Mobile,0
3739,sess_85711,Tablet,1
3740,sess_39824,Tablet,1
3741,sess_16731,Mobile,0
3742,sess_86483,Mobile,1
3743,sess_72973,Tablet,1
3744,sess_32349,Mobile,1
3745,sess_78712,Mobile,0
3746,sess_92447,Mobile,0
3747,sess_91230,Desktop,0
3748,sess_59832,Tablet,0
3749,sess_29369,Tablet,0
3750,sess_99224,Desktop,0
3751,sess_41745,Tablet,1
3752,sess_14138,Mobile,1
3753,sess_85047,Tablet,1
3754,sess_24404,Mobile,0
3755,sess_35006,Desktop,0
3756,sess_12482,Mobile,0
3757,sess_67807,Tablet,0
3758,sess_51116,Tablet,0
3759,sess_64890,Tablet,0
3760,sess_29848,Desktop,0
3761,sess_64127,Desktop,1
3762,sess_36724,Tablet,0
3763,sess_63788,Mobile,0
3764,sess_75774,Desktop,0
3765,sess_90147,Tablet,0
3766,sess_71814,Tablet,0
3767,sess_18163,Desktop,0
3768,sess_28098,Desktop,0
3769,sess_77984,Desktop,0
3770,sess_37176,Mobile,0
3771,sess_83516,Mobile,0
3772,sess_52604,Tablet,0
3773,sess_96799,Desktop,1
3774,sess_72701,Mobile,0
3775,sess_78875,Desktop,0
3776,sess_59391,Tablet,0
3777,sess_51124,Mobile,1
3778,sess_32699,Mobile,1
3779,sess_70249,Mobile,0
3780,sess_79878,Tablet,0
3781,sess_54869,Desktop,1
3782,sess_81601,Mobile,0
3783,sess_56437,Tablet,0
3784,sess_98587,Desktop,0
3785,sess_99226,Tablet,1
3786,sess_94319,Desktop,1
3787,sess_44650,Tablet,0
3788,sess_89963,Desktop,0
3789,sess_73462,Mobile,0
3790,sess_35200,Desktop,0
3791,sess_42311,Tablet,1
3792,sess_46569,Tablet,0
3793,sess_83149,Desktop,0
3794,sess_49124,Mobile,0
3795,sess_39473,Mobile,0
3796,sess_49008,Desktop,0
3797,sess_47880,Desktop,0
3798,sess_37168,Tablet,0
3799,sess_74094,Mobile,0
3800,sess_51555,Desktop,0
3801,sess_72888,Mobile,0
3802,sess_55718,Desktop,0
3803,sess_83464,Desktop,1
3804,sess_45842,Mobile,1
3805,sess_47721,Desktop,1
3806,sess_25974,Desktop,0
3807,sess_85166,Tablet,1
3808,sess_98686,Desktop,0
3809,sess_81197,Desktop,0
3810,sess_59767,Desktop,0
3811,sess_61712,Tablet,0
3812,sess_55237,Mobile,0
3813,sess_29198,Tablet,0
3814,sess_48070,Tablet,0
3815,sess_15513,Mobile,0
3816,sess_47700,Tablet,0
3817,sess_20358,Mobile,0
3818,sess_55398,Tablet,0
3819,sess_67983,Mobile,1
3820,sess_95979,Desktop,1
3821,sess_43612,Tablet,0
3822,sess_72793,Tablet,0
3823,sess_38047,Tablet,0
3824,sess_36485,Tablet,1
3825,sess_80592,Desktop,0
3826,sess_45537,Tablet,0
3827,sess_83664,Desktop,0
3828,sess_45601,Desktop,0
3829,sess_27992,Desktop,0
3830,sess_24316,Desktop,1
3831,sess_90698,Mobile,0
3832,sess_86917,Mobile,0
3833,sess_41363,Tablet,1
3834,sess_41779,Mobile,1
3835,sess_16653,Mobile,0
3836,sess_97796,Tablet,0
3837,sess_79604,Tablet,0
3838,sess_39579,Tablet,1
3839,sess_93616,Mobile,0
3840,sess_40518,Mobile,1
3841,sess_16880,Tablet,0
3842,sess_23133,Desktop,0
3843,sess_64172,Tablet,0
3844,sess_53292,Desktop,0
3845,sess_71918,Desktop,0
3846,sess_23178,Tablet,0
3847,sess_99285,Tablet,0
3848,sess_28018,Tablet,1
3849,sess_10679,Mobile,0
3850,sess_82135,Desktop,0
3851,sess_30701,Mobile,0
3852,sess_63334,Mobile,0
3853,sess_95575,Tablet,0
3854,sess_72350,Mobile,0
3855,sess_72580,Tablet,1
3856,sess_95267,Desktop,0
3857,sess_36143,Tablet,0
3858,sess_47649,Mobile,0
3859,sess_52096,Mobile,0
3860,sess_47409,Tablet,0
3861,sess_94659,Tablet,1
3862,sess_17754,Mobile,1
3863,sess_21725,Desktop,0
3864,sess_95498,Desktop,0
3865,sess_85252,Tablet,0
3866,sess_40437,Desktop,0
3867,sess_80143,Mobile,0
3868,sess_14888,Tablet,0
3869,sess_32946,Mobile,0
3870,sess_64773,Mobile,0
3871,sess_33040,Desktop,0
3872,sess_14763,Tablet,0
3873,sess_62034,Tablet,0
3874,sess_74930,Desktop,0
3875,sess_34420,Mobile,1
3876,sess_47941,Mobile,0
3877,sess_14910,Mobile,0
3878,sess_11214,Mobile,0
3879,sess_49110,Tablet,1
3880,sess_84443,Tablet,0
3881,sess_89007,Desktop,0
3882,sess_24064,Desktop,0
3883,sess_53914,Tablet,0
3884,sess_47298,Tablet,1
3885,sess_69552,Mobile,0
3886,sess_94058,Mobile,1
3887,sess_81211,Desktop,1
3888,sess_78723,Tablet,1
3889,sess_74738,Desktop,0
3890,sess_27589,Tablet,0
3891,sess_76088,Mobile,0
3892,sess_71344,Desktop,1
3893,sess_45761,Desktop,0
3894,sess_35272,Tablet,0
3895,sess_24764,Mobile,0
3896,sess_53343,Desktop,0
3897,sess_31298,Mobile,1
3898,sess_70150,Desktop,0
3899,sess_94972,Mobile,1
3900,sess_43720,Tablet,0
3901,sess_34405,Desktop,1
3902,sess_11846,Desktop,0
3903,sess_54185,Mobile,0
3904,sess_48669,Mobile,1
3905,sess_84420,Desktop,0
3906,sess_98395,Tablet,1
3907,sess_35318,Mobile,0
3908,sess_33002,Mobile,0
3909,sess_90079,Mobile,0
3910,sess_93719,Desktop,0
3911,sess_63148,Desktop,0
3912,sess_66059,Desktop,0
3913,sess_77538,Desktop,0
3914,sess_52982,Tablet,0
3915,sess_21368,Tablet,1
3916,sess_62538,Desktop,1
3917,sess_97720,Tablet,0
3918,sess_22502,Mobile,0
3919,sess_34219,Mobile,0
3920,sess_28430,Mobile,0
3921,sess_72580,Desktop,1
3922,sess_52415,Mobile,1
3923,sess_42512,Tablet,0
3924,sess_10895,Desktop,1
3925,sess_44181,Tablet,0
3926,sess_60275,Mobile,1
3927,sess_40870,Mobile,0
3928,sess_68554,Mobile,0
3929,sess_44995,Desktop,0
3930,sess_53204,Tablet,0
3931,sess_49576,Desktop,0
3932,sess_86344,Desktop,1
3933,sess_85088,Mobile,0
3934,sess_11498,Desktop,0
3935,sess_44282,Desktop,0
3936,sess_95679,Mobile,0
3937,sess_57127,Desktop,0
3938,sess_40972,Mobile,0
3939,sess_18142,Mobile,0
3940,sess_97528,Mobile,0
3941,sess_25495,Mobile,0
3942,sess_71000,Desktop,1
3943,sess_50213,Mobile,1
3944,sess_30934,Mobile,0
3945,sess_63138,Desktop,0
3946,sess_99925,Desktop,0
3947,sess_75866,Tablet,0
3948,sess_50760,Desktop,0
3949,sess_25389,Desktop,0
3950,sess_93717,Tablet,0
3951,sess_48671,Desktop,0
3952,sess_58174,Desktop,0
3953,sess_90560,Desktop,1
3954,sess_38947,Desktop,1
3955,sess_38721,Tablet,0
3956,sess_27507,Desktop,0
3957,sess_72676,Desktop,1
3958,sess_30078,Tablet,1
3959,sess_69634,Mobile,0
3960,sess_89395,Tablet,0
3961,sess_58971,Mobile,0
3962,sess_64505,Tablet,0
3963,sess_81989,Tablet,0
3964,sess_71712,Desktop,0
3965,sess_80453,Mobile,0
3966,sess_97044,Desktop,0
3967,sess_38627,Mobile,1
3968,sess_42435,Tablet,0
3969,sess_99173,Tablet,0
3970,sess_88094,Mobile,0
3971,sess_20730,Desktop,0
3972,sess_78879,Desktop,1
3973,sess_68556,Desktop,0
3974,sess_79228,Desktop,0
3975,sess_57419,Tablet,0
3976,sess_20237,Tablet,0
3977,sess_83946,Tablet,1
3978,sess_24707,Tablet,0
3979,sess_18094,Tablet,0
3980,sess_81781,Desktop,0
3981,sess_76255,Desktop,0
3982,sess_36497,Desktop,1
3983,sess_85065,Desktop,1
3984,sess_80341,Tablet,0
3985,sess_29641,Tablet,0
3986,sess_31566,Tablet,1
3987,sess_53007,Mobile,1
3988,sess_78202,Desktop,0
3989,sess_67912,Desktop,0
3990,sess_25235,Tablet,0
3991,sess_99167,Desktop,1
3992,sess_36922,Desktop,0
3993,sess_86434,Tablet,0
3994,sess_74071,Mobile,1
3995,sess_21919,Mobile,0
3996,sess_76895,Mobile,0
3997,sess_68390,Tablet,0
3998,sess_17292,Desktop,0
3999,sess_69432,Tablet,0
4000,sess_27294,Tablet,0
4001,sess_77272,Desktop,0
4002,sess_64450,Mobile,0
4003,sess_69873,Mobile,1
4004,sess_83912,Tablet,1
4005,sess_17567,Mobile,0
4006,sess_83242,Tablet,0
4007,sess_70604,Tablet,0
4008,sess_98181,Desktop,0
4009,sess_50392,Desktop,0
4010,sess_12853,Desktop,0
4011,sess_61897,Tablet,0
4012,sess_43352,Desktop,0
4013,sess_10395,Mobile,0
4014,sess_38560,Mobile,0
4015,sess_85800,Tablet,0
4016,sess_19572,Tablet,0
4017,sess_15936,Desktop,0
4018,sess_65534,Tablet,1
4019,sess_55158,Tablet,1
4020,sess_18357,Mobile,0
4021,sess_80931,Mobile,0
4022,sess_17897,Desktop,0
4023,sess_19046,Tablet,0
4024,sess_71875,Tablet,0
4025,sess_14159,Mobile,1
4026,sess_47629,Tablet,0
4027,sess_63591,Mobile,1
4028,sess_33590,Desktop,0
4029,sess_27750,Mobile,0
4030,sess_94085,Tablet,0
4031,sess_94656,Desktop,0
4032,sess_65097,Mobile,0
4033,sess_59081,Mobile,0
4034,sess_60132,Desktop,0
4035,sess_68790,Desktop,1
4036,sess_59479,Mobile,0
4037,sess_59236,Tablet,1
4038,sess_20518,Mobile,1
4039,sess_99486,Desktop,1
4040,sess_96742,Mobile,0
4041,sess_80687,Desktop,0
4042,sess_27431,Desktop,1
4043,sess_95660,Tablet,0
4044,sess_55582,Desktop,0
4045,sess_25549,Desktop,0
4046,sess_33392,Tablet,0
4047,sess_80419,Desktop,0
4048,sess_61518,Tablet,0
4049,sess_79316,Tablet,0
4050,sess_26691,Desktop,1
4051,sess_39188,Desktop,0
4052,sess_10455,Mobile,1
4053,sess_12979,Tablet,0
4054,sess_49107,Mobile,1
4055,sess_70686,Desktop,0
4056,sess_98276,Mobile,1
4057,sess_81361,Tablet,0
4058,sess_65591,Mobile,1
4059,sess_79721,Tablet,0
4060,sess_59712,Desktop,1
4061,sess_40102,Desktop,1
4062,sess_42441,Tablet,0
4063,sess_70375,Desktop,0
4064,sess_55371,Desktop,1
4065,sess_30332,Desktop,0
4066,sess_46129,Desktop,1
4067,sess_34704,Tablet,0
4068,sess_24790,Mobile,0
4069,sess_14222,Mobile,1
4070,sess_96533,Desktop,0
4071,sess_64950,Mobile,1
4072,sess_90599,Mobile,0
4073,sess_12050,Desktop,0
4074,sess_41544,Desktop,0
4075,sess_37011,Mobile,0
4076,sess_18819,Tablet,0
4077,sess_23224,Desktop,0
4078,sess_87849,Tablet,0
4079,sess_14400,Mobile,0
4080,sess_68515,Desktop,1
4081,sess_88352,Tablet,0
4082,sess_98083,Desktop,0
4083,sess_16380,Mobile,0
4084,sess_42077,Tablet,0
4085,sess_15798,Mobile,0
4086,sess_62725,Mobile,0
4087,sess_67535,Desktop,0
4088,sess_40715,Tablet,0
4089,sess_80747,Mobile,0
4090,sess_38477,Mobile,1
4091,sess_17398,Tablet,0
4092,sess_28367,Mobile,0
4093,sess_76046,Mobile,0
4094,sess_47914,Tablet,0
4095,sess_40692,Tablet,1
4096,sess_85511,Tablet,0
4097,sess_51799,Tablet,0
4098,sess_85690,Desktop,0
4099,sess_88370,Tablet,0
4100,sess_98150,Desktop,0
4101,sess_52030,Desktop,0
4102,sess_41051,Desktop,0
4103,sess_49552,Mobile,0
4104,sess_28777,Desktop,0
4105,sess_96535,Desktop,0
4106,sess_78321,Mobile,0
4107,sess_38972,Mobile,0
4108,sess_64206,Mobile,1
4109,sess_49387,Tablet,0
4110,sess_46064,Mobile,1
4111,sess_17989,Mobile,0
4112,sess_82970,Desktop,0
4113,sess_87550,Mobile,0
4114,sess_32955,Tablet,0
4115,sess_92050,Mobile,0
4116,sess_98965,Tablet,0
4117,sess_65994,Mobile,0
4118,sess_82856,Mobile,1
4119,sess_74962,Mobile,0
4120,sess_16145,Mobile,0
4121,sess_55143,Tablet,0
4122,sess_94320,Tablet,0
4123,sess_97994,Desktop,0
4124,sess_59958,Tablet,0
4125,sess_78742,Mobile,1
4126,sess_51777,Desktop,1
4127,sess_64568,Desktop,0
4128,sess_63511,Desktop,0
4129,sess_29558,Mobile,1
4130,sess_49306,Tablet,0
4131,sess_59343,Mobile,0
4132,sess_34101,Desktop,0
4133,sess_80507,Mobile,0
4134,sess_72065,Mobile,0
4135,sess_41584,Tablet,0
4136,sess_39536,Tablet,0
4137,sess_49418,Desktop,0
4138,sess_28920,Mobile,0
4139,sess_70689,Mobile,0
4140,sess_17552,Tablet,0
4141,sess_83713,Mobile,0
4142,sess_64090,Mobile,0
4143,sess_64592,Mobile,0
4144,sess_83044,Tablet,0
4145,sess_79467,Desktop,1
4146,sess_27575,Desktop,1
4147,sess_60910,Mobile,0
4148,sess_41831,Desktop,0
4149,sess_43422,Tablet,0
4150,sess_36651,Tablet,0
4151,sess_53288,Desktop,1
4152,sess_94765,Desktop,0
4153,sess_20363,Mobile,0
4154,sess_68954,Desktop,0
4155,sess_58637,Mobile,0
4156,sess_22119,Mobile,0
4157,sess_80206,Tablet,0
4158,sess_34966,Tablet,0
4159,sess_16755,Tablet,1
4160,sess_45187,Tablet,1
4161,sess_59436,Desktop,0
4162,sess_98299,Tablet,0
4163,sess_89294,Desktop,0
4164,sess_89026,Tablet,0
4165,sess_15183,Desktop,0
4166,sess_19539,Mobile,0
4167,sess_34662,Desktop,0
4168,sess_87015,Desktop,0
4169,sess_98008,Tablet,0
4170,sess_83249,Desktop,0
4171,sess_38444,Mobile,0
4172,sess_72835,Mobile,0
4173,sess_37379,Tablet,1
4174,sess_53642,Mobile,0
4175,sess_49739,Desktop,0
4176,sess_12009,Mobile,1
4177,sess_37762,Tablet,1
4178,sess_34906,Desktop,0
4179,sess_25376,Tablet,1
4180,sess_72773,Desktop,0
4181,sess_41797,Mobile,0
4182,sess_89220,Tablet,0
4183,sess_36805,Tablet,0
4184,sess_61987,Desktop,0
4185,sess_41369,Tablet,0
4186,sess_82362,Desktop,0
4187,sess_52154,Desktop,0
4188,sess_47101,Desktop,0
4189,sess_59894,Desktop,0
4190,sess_71112,Mobile,0
4191,sess_79946,Desktop,0
4192,sess_95029,Tablet,1
4193,sess_57088,Mobile,1
4194,sess_50425,Tablet,0
4195,sess_44283,Mobile,0
4196,sess_57139,Desktop,0
4197,sess_77215,Mobile,0
4198,sess_75179,Mobile,0
4199,sess_71080,Tablet,0
4200,sess_22924,Tablet,0
4201,sess_71537,Desktop,0
4202,sess_51973,Mobile,1
4203,sess_36624,Mobile,0
4204,sess_58589,Mobile,0
4205,sess_51015,Desktop,1
4206,sess_64254,Desktop,0
4207,sess_15992,Desktop,0
4208,sess_83731,Desktop,0
4209,sess_39002,Desktop,0
4210,sess_29126,Tablet,0
4211,sess_12125,Mobile,0
4212,sess_44180,Mobile,0
4213,sess_82523,Mobile,0
4214,sess_86550,Mobile,0
4215,sess_85909,Mobile,0
4216,sess_64732,Mobile,0
4217,sess_48691,Mobile,1
4218,sess_29976,Mobile,0
4219,sess_35715,Tablet,0
4220,sess_53236,Mobile,0
4221,sess_40149,Tablet,0
4222,sess_59786,Desktop,0
4223,sess_84683,Mobile,0
4224,sess_42208,Desktop,1
4225,sess_75444,Desktop,1
4226,sess_82173,Desktop,0
4227,sess_95800,Tablet,0
4228,sess_99764,Desktop,0
4229,sess_54245,Desktop,0
4230,sess_43728,Desktop,0
4231,sess_74044,Mobile,0
4232,sess_94108,Mobile,0
4233,sess_74303,Tablet,0
4234,sess_70401,Tablet,0
4235,sess_32050,Mobile,1
4236,sess_56160,Tablet,0
4237,sess_32185,Mobile,0
4238,sess_28344,Desktop,0
4239,sess_81636,Desktop,1
4240,sess_74004,Tablet,0
4241,sess_34123,Mobile,0
4242,sess_81058,Mobile,0
4243,sess_94123,Tablet,0
4244,sess_17698,Mobile,1
4245,sess_78674,Desktop,0
4246,sess_14433,Tablet,0
4247,sess_19742,Tablet,1
4248,sess_97584,Mobile,0
4249,sess_16358,Tablet,0
4250,sess_10836,Mobile,0
4251,sess_64053,Mobile,1
4252,sess_28021,Mobile,0
4253,sess_92667,Mobile,0
4254,sess_40334,Mobile,0
4255,sess_18908,Tablet,0
4256,sess_29795,Desktop,0
4257,sess_11198,Desktop,0
4258,sess_38668,Tablet,1
4259,sess_76287,Tablet,0
4260,sess_69770,Desktop,0
4261,sess_58916,Desktop,0
4262,sess_17923,Desktop,0
4263,sess_90980,Desktop,1
4264,sess_93588,Desktop,0
4265,sess_97392,Mobile,0
4266,sess_90808,Tablet,0
4267,sess_73334,Mobile,0
4268,sess_96413,Desktop,0
4269,sess_73944,Desktop,0
4270,sess_12061,Desktop,1
4271,sess_10866,Mobile,1
4272,sess_79758,Mobile,0
4273,sess_82305,Desktop,1
4274,sess_63914,Mobile,0
4275,sess_11553,Mobile,0
4276,sess_12192,Desktop,0
4277,sess_79391,Mobile,0
4278,sess_46010,Tablet,0
4279,sess_80220,Tablet,0
4280,sess_47576,Tablet,0
4281,sess_12246,Tablet,0
4282,sess_75826,Desktop,0
4283,sess_98346,Desktop,0
4284,sess_66436,Desktop,0
4285,sess_33496,Tablet,0
4286,sess_24026,Tablet,0
4287,sess_22624,Mobile,0
4288,sess_78732,Mobile,1
4289,sess_29516,Tablet,0
4290,sess_41584,Tablet,0
4291,sess_35156,Tablet,1
4292,sess_91235,Tablet,0
4293,sess_79003,Mobile,0
4294,sess_43084,Tablet,0
4295,sess_56457,Mobile,1
4296,sess_45038,Tablet,0
4297,sess_62022,Tablet,0
4298,sess_20357,Tablet,0
4299,sess_58896,Mobile,0
4300,sess_63218,Mobile,0
4301,sess_70161,Desktop,0
4302,sess_84055,Tablet,0
4303,sess_41877,Desktop,1
4304,sess_39603,Desktop,1
4305,sess_49318,Mobile,0
4306,sess_99658,Mobile,1
4307,sess_20566,Desktop,0
4308,sess_95686,Tablet,0
4309,sess_95182,Mobile,0
4310,sess_14152,Tablet,1
4311,sess_22255,Tablet,1
4312,sess_63120,Desktop,0
4313,sess_59710,Desktop,1
4314,sess_59436,Desktop,0
4315,sess_82443,Desktop,1
4316,sess_72390,Mobile,1
4317,sess_17355,Mobile,0
4318,sess_93459,Desktop,0
4319,sess_11238,Mobile,0
4320,sess_32463,Desktop,0
4321,sess_20837,Tablet,0
4322,sess_75517,Tablet,0
4323,sess_66873,Tablet,1
4324,sess_94529,Desktop,0
4325,sess_53420,Tablet,0
4326,sess_84167,Mobile,1
4327,sess_22499,Tablet,1
4328,sess_79226,Tablet,0
4329,sess_15577,Tablet,1
4330,sess_40115,Mobile,0
4331,sess_37710,Desktop,1
4332,sess_84289,Mobile,0
4333,sess_72324,Desktop,0
4334,sess_45532,Desktop,0
4335,sess_16102,Tablet,0
4336,sess_19744,Desktop,0
4337,sess_99709,Mobile,0
4338,sess_46749,Mobile,0
4339,sess_81176,Desktop,1
4340,sess_83860,Tablet,0
4341,sess_96259,Tablet,0
4342,sess_14312,Mobile,0
4343,sess_33508,Tablet,0
4344,sess_51220,Desktop,1
4345,sess_12052,Desktop,1
4346,sess_37152,Mobile,0
4347,sess_86943,Desktop,0
4348,sess_28899,Mobile,1
4349,sess_62205,Desktop,0
4350,sess_20084,Mobile,1
4351,sess_49226,Tablet,0
4352,sess_31292,Desktop,1
4353,sess_83919,Desktop,0
4354,sess_41519,Mobile,0
4355,sess_84277,Mobile,1
4356,sess_61007,Desktop,0
4357,sess_98740,Mobile,0
4358,sess_80852,Desktop,0
4359,sess_53480,Tablet,0
4360,sess_60311,Mobile,0
4361,sess_28343,Desktop,0
4362,sess_20279,Tablet,0
4363,sess_75639,Tablet,0
4364,sess_55332,Desktop,1
4365,sess_17038,Mobile,0
4366,sess_22803,Desktop,0
4367,sess_67290,Tablet,0
4368,sess_40427,Desktop,0
4369,sess_19963,Mobile,0
4370,sess_54642,Tablet,0
4371,sess_89320,Desktop,0
4372,sess_90460,Mobile,0
4373,sess_88067,Tablet,0
4374,sess_61996,Mobile,0
4375,sess_52778,Tablet,0
4376,sess_13883,Desktop,0
4377,sess_93115,Mobile,0
4378,sess_45825,Tablet,0
4379,sess_69054,Mobile,1
4380,sess_74304,Mobile,0
4381,sess_39902,Desktop,0
4382,sess_56636,Mobile,0
4383,sess_82487,Tablet,0
4384,sess_59207,Tablet,0
4385,sess_66603,Tablet,0
4386,sess_34345,Tablet,1
4387,sess_99088,Desktop,0
4388,sess_86791,Mobile,1
4389,sess_96595,Desktop,0
4390,sess_59816,Mobile,0
4391,sess_21232,Mobile,0
4392,sess_91083,Mobile,0
4393,sess_48715,Desktop,0
4394,sess_42302,Mobile,0
4395,sess_19634,Desktop,0
4396,sess_20752,Tablet,1
4397,sess_45123,Tablet,1
4398,sess_30214,Mobile,0
4399,sess_59807,Desktop,0
4400,sess_93086,Tablet,0
4401,sess_30221,Desktop,0
4402,sess_61068,Desktop,0
4403,sess_51507,Mobile,0
4404,sess_57277,Tablet,0
4405,sess_23965,Mobile,0
4406,sess_21995,Mobile,1
4407,sess_10680,Tablet,0
4408,sess_50405,Tablet,1
4409,sess_68292,Desktop,0
4410,sess_57175,Tablet,0
4411,sess_45358,Desktop,0
4412,sess_23399,Desktop,0
4413,sess_27367,Desktop,0
4414,sess_21442,Tablet,0
4415,sess_34561,Mobile,0
4416,sess_66489,Desktop,0
4417,sess_68830,Mobile,0
4418,sess_83005,Mobile,0
4419,sess_82710,Tablet,0
4420,sess_77166,Mobile,0
4421,sess_63483,Mobile,0
4422,sess_23538,Tablet,0
4423,sess_13442,Desktop,1
4424,sess_21746,Mobile,0
4425,sess_56388,Tablet,0
4426,sess_82642,Mobile,0
4427,sess_22198,Mobile,0
4428,sess_88240,Desktop,0
4429,sess_88386,Mobile,0
4430,sess_52523,Tablet,0
4431,sess_60493,Mobile,1
4432,sess_11617,Desktop,0
4433,sess_48253,Desktop,0
4434,sess_64238,Tablet,0
4435,sess_60829,Desktop,1
4436,sess_21101,Mobile,0
4437,sess_83339,Desktop,0
4438,sess_41816,Tablet,0
4439,sess_84967,Desktop,1
4440,sess_78302,Desktop,1
4441,sess_32227,Desktop,0
4442,sess_99825,Tablet,1
4443,sess_59903,Desktop,1
4444,sess_32216,Desktop,0
4445,sess_28198,Mobile,0
4446,sess_45247,Tablet,0
4447,sess_49469,Desktop,1
4448,sess_45180,Tablet,0
4449,sess_74634,Desktop,1
4450,sess_29127,Desktop,0
4451,sess_18292,Desktop,0
4452,sess_31916,Mobile,0
4453,sess_66973,Mobile,0
4454,sess_46170,Mobile,1
4455,sess_65194,Tablet,1
4456,sess_49289,Tablet,1
4457,sess_73469,Mobile,0
4458,sess_20082,Tablet,0
4459,sess_57333,Desktop,0
4460,sess_42990,Desktop,0
4461,sess_42321,Desktop,0
4462,sess_91924,Mobile,0
4463,sess_74985,Tablet,0
4464,sess_87831,Mobile,1
4465,sess_90828,Tablet,0
4466,sess_35630,Desktop,0
4467,sess_70012,Mobile,0
4468,sess_24021,Tablet,0
4469,sess_27758,Tablet,0
4470,sess_49932,Desktop,1
4471,sess_10887,Mobile,1
4472,sess_61864,Mobile,1
4473,sess_53544,Mobile,1
4474,sess_91289,Desktop,0
4475,sess_59792,Mobile,0
4476,sess_53193,Desktop,0
4477,sess_67700,Desktop,0
4478,sess_53874,Desktop,0
4479,sess_66441,Tablet,0
4480,sess_95332,Mobile,0
4481,sess_87908,Mobile,0
4482,sess_27842,Desktop,0
4483,sess_49378,Desktop,0
4484,sess_52030,Mobile,0
4485,sess_89064,Desktop,0
4486,sess_36326,Mobile,0
4487,sess_72784,Tablet,0
4488,sess_51180,Desktop,0
4489,sess_33283,Mobile,0
4490,sess_62198,Desktop,1
4491,sess_51830,Mobile,0
4492,sess_48200,Mobile,0
4493,sess_92955,Desktop,0
4494,sess_74357,Tablet,0
4495,sess_85481,Mobile,1
4496,sess_41775,Mobile,0
4497,sess_52714,Mobile,0
4498,sess_59290,Tablet,0
4499,sess_46739,Tablet,0
4500,sess_61502,Desktop,0
4501,sess_57843,Tablet,0
4502,sess_24927,Desktop,0
4503,sess_83905,Desktop,0
4504,sess_36188,Tablet,0
4505,sess_87624,Desktop,0
4506,sess_81516,Tablet,0
4507,sess_33583,Desktop,0
4508,sess_99353,Tablet,0
4509,sess_82102,Tablet,0
4510,sess_13527,Desktop,0
4511,sess_70505,Mobile,1
4512,sess_37479,Desktop,0
4513,sess_67469,Tablet,0
4514,sess_48185,Mobile,0
4515,sess_19064,Desktop,0
4516,sess_63627,Desktop,0
4517,sess_98208,Desktop,0
4518,sess_75444,Mobile,0
4519,sess_28242,Tablet,1
4520,sess_93012,Desktop,0
4521,sess_49692,Desktop,0
4522,sess_41722,Desktop,1
4523,sess_43119,Desktop,0
4524,sess_96332,Desktop,1
4525,sess_30203,Tablet,0
4526,sess_65460,Tablet,1
4527,sess_59412,Desktop,0
4528,sess_19694,Mobile,0
4529,sess_68860,Tablet,1
4530,sess_88372,Mobile,0
4531,sess_72814,Tablet,0
4532,sess_86315,Desktop,0
4533,sess_62534,Tablet,0
4534,sess_80040,Desktop,0
4535,sess_76402,Tablet,0
4536,sess_64827,Desktop,0
4537,sess_81256,Desktop,0
4538,sess_14818,Desktop,0
4539,sess_57124,Desktop,0
4540,sess_80373,Mobile,0
4541,sess_87833,Desktop,0
4542,sess_93647,Mobile,0
4543,sess_21138,Mobile,0
4544,sess_24335,Desktop,0
4545,sess_42536,Mobile,0
4546,sess_96193,Tablet,0
4547,sess_97122,Desktop,1
4548,sess_56531,Mobile,0
4549,sess_31802,Desktop,0
4550,sess_94803,Desktop,0
4551,sess_90304,Desktop,1
4552,sess_15806,Mobile,1
4553,sess_83822,Tablet,0
4554,sess_94545,Tablet,0
4555,sess_98797,Mobile,1
4556,sess_94769,Desktop,0
4557,sess_62378,Mobile,0
4558,sess_53463,Mobile,0
4559,sess_66420,Mobile,0
4560,sess_23886,Desktop,1
4561,sess_11382,Mobile,1
4562,sess_22924,Desktop,0
4563,sess_43913,Mobile,0
4564,sess_39098,Tablet,1
4565,sess_76935,Mobile,0
4566,sess_77999,Mobile,0
4567,sess_83137,Tablet,1
4568,sess_86089,Desktop,0
4569,sess_85397,Desktop,0
4570,sess_38971,Mobile,0
4571,sess_68429,Tablet,1
4572,sess_59036,Desktop,0
4573,sess_61266,Mobile,0
4574,sess_70694,Tablet,0
4575,sess_99070,Desktop,1
4576,sess_87147,Desktop,1
4577,sess_75597,Tablet,0
4578,sess_29758,Tablet,0
4579,sess_55215,Tablet,0
4580,sess_13219,Tablet,1
4581,sess_73277,Mobile,0
4582,sess_23703,Tablet,1
4583,sess_48722,Desktop,0
4584,sess_64522,Desktop,1
4585,sess_21253,Mobile,1
4586,sess_25213,Desktop,0
4587,sess_28569,Desktop,1
4588,sess_55656,Tablet,0
4589,sess_50880,Desktop,0
4590,sess_54966,Mobile,0
4591,sess_69681,Tablet,0
4592,sess_37114,Tablet,0
4593,sess_78303,Mobile,0
4594,sess_73298,Tablet,0
4595,sess_55652,Tablet,0
4596,sess_72411,Mobile,0
4597,sess_22795,Tablet,0
4598,sess_67431,Mobile,0
4599,sess_69303,Mobile,0
4600,sess_51800,Desktop,0
4601,sess_18804,Desktop,0
4602,sess_49356,Tablet,0
4603,sess_15856,Tablet,1
4604,sess_25084,Mobile,1
4605,sess_12960,Tablet,0
4606,sess_54967,Mobile,1
4607,sess_94930,Mobile,1
4608,sess_24334,Tablet,1
4609,sess_98754,Mobile,0
4610,sess_31542,Desktop,1
4611,sess_41970,Tablet,0
4612,sess_77632,Desktop,0
4613,sess_32865,Tablet,0
4614,sess_82339,Mobile,0
4615,sess_30989,Tablet,0
4616,sess_53383,Desktop,0
4617,sess_83380,Mobile,0
4618,sess_65885,Tablet,1
4619,sess_70562,Tablet,1
4620,sess_40389,Tablet,0
4621,sess_63090,Desktop,1
4622,sess_92543,Desktop,1
4623,sess_34176,Tablet,1
4624,sess_34430,Mobile,0
4625,sess_93948,Mobile,0
4626,sess_96154,Desktop,1
4627,sess_66640,Mobile,0
4628,sess_61849,Desktop,0
4629,sess_13826,Tablet,0
4630,sess_90492,Desktop,0
4631,sess_35863,Desktop,0
4632,sess_68926,Tablet,0
4633,sess_87621,Mobile,0
4634,sess_66302,Desktop,1
4635,sess_60965,Desktop,1
4636,sess_10583,Tablet,0
4637,sess_38153,Mobile,1
4638,sess_36972,Desktop,0
4639,sess_46483,Tablet,0
4640,sess_18200,Desktop,1
4641,sess_85674,Tablet,1
4642,sess_23336,Mobile,1
4643,sess_80371,Mobile,0
4644,sess_34505,Mobile,1
4645,sess_57945,Mobile,0
4646,sess_52727,Desktop,0
4647,sess_35830,Desktop,0
4648,sess_69972,Mobile,0
4649,sess_24936,Mobile,0
4650,sess_44387,Mobile,1
4651,sess_97910,Desktop,0
4652,sess_74157,Mobile,0
4653,sess_79168,Mobile,0
4654,sess_93769,Mobile,0
4655,sess_51078,Tablet,1
4656,sess_88246,Mobile,0
4657,sess_60939,Tablet,0
4658,sess_90125,Tablet,1
4659,sess_61451,Mobile,0
4660,sess_86939,Tablet,0
4661,sess_24972,Mobile,0
4662,sess_55603,Desktop,0
4663,sess_56135,Desktop,0
4664,sess_70012,Desktop,0
4665,sess_90918,Desktop,1
4666,sess_32613,Tablet,1
4667,sess_98288,Mobile,0
4668,sess_48986,Mobile,0
4669,sess_90541,Mobile,1
4670,sess_87354,Desktop,0
4671,sess_21108,Desktop,0
4672,sess_98094,Mobile,0
4673,sess_27556,Desktop,1
4674,sess_51049,Mobile,0
4675,sess_25448,Mobile,0
4676,sess_41270,Mobile,0
4677,sess_50026,Mobile,1
4678,sess_25328,Mobile,0
4679,sess_33992,Mobile,1
4680,sess_58929,Mobile,0
4681,sess_28528,Desktop,0
4682,sess_76954,Mobile,0
4683,sess_60916,Mobile,0
4684,sess_64819,Desktop,1
4685,sess_88174,Desktop,0
4686,sess_28070,Desktop,1
4687,sess_85340,Mobile,0
4688,sess_60293,Tablet,0
4689,sess_65448,Tablet,0
4690,sess_34347,Desktop,0
4691,sess_73788,Tablet,1
4692,sess_93296,Desktop,0
4693,sess_80435,Mobile,0
4694,sess_94575,Tablet,0
4695,sess_32706,Mobile,0
4696,sess_82733,Tablet,0
4697,sess_31871,Mobile,1
4698,sess_74178,Tablet,0
4699,sess_47858,Mobile,0
4700,sess_28388,Mobile,0
4701,sess_34523,Tablet,1
4702,sess_51232,Mobile,0
4703,sess_69113,Mobile,0
4704,sess_91187,Mobile,0
4705,sess_17026,Tablet,0
4706,sess_57059,Tablet,0
4707,sess_11256,Mobile,0
4708,sess_73518,Mobile,1
4709,sess_27895,Tablet,0
4710,sess_35575,Tablet,1
4711,sess_60324,Mobile,0
4712,sess_83607,Mobile,0
4713,sess_76248,Mobile,0
4714,sess_95599,Desktop,0
4715,sess_74876,Tablet,1
4716,sess_63626,Desktop,0
4717,sess_99744,Tablet,0
4718,sess_74451,Tablet,0
4719,sess_64477,Tablet,1
4720,sess_68176,Tablet,0
4721,sess_74054,Tablet,1
4722,sess_31922,Tablet,0
4723,sess_20835,Tablet,0
4724,sess_84107,Desktop,0
4725,sess_14044,Mobile,0
4726,sess_38905,Mobile,0
4727,sess_48284,Desktop,0
4728,sess_14285,Desktop,1
4729,sess_46025,Desktop,1
4730,sess_39470,Desktop,0
4731,sess_80465,Tablet,0
4732,sess_47836,Mobile,0
4733,sess_32047,Tablet,0
4734,sess_69942,Mobile,0
4735,sess_84140,Mobile,1
4736,sess_74921,Desktop,0
4737,sess_82053,Tablet,0
4738,sess_76952,Desktop,0
4739,sess_24838,Tablet,0
4740,sess_85066,Mobile,0
4741,sess_24969,Desktop,0
4742,sess_45112,Desktop,0
4743,sess_81186,Mobile,0
4744,sess_58085,Mobile,0
4745,sess_81046,Mobile,1
4746,sess_15453,Desktop,0
4747,sess_67850,Tablet,0
4748,sess_81611,Desktop,0
4749,sess_38644,Tablet,0
4750,sess_65725,Desktop,0
4751,sess_23423,Desktop,1
4752,sess_95678,Mobile,0
4753,sess_42444,Tablet,0
4754,sess_49021,Desktop,0
4755,sess_14224,Desktop,0
4756,sess_68947,Mobile,1
4757,sess_44447,Mobile,1
4758,sess_55688,Tablet,0
4759,sess_21401,Desktop,1
4760,sess_67549,Tablet,0
4761,sess_25386,Desktop,1
4762,sess_41056,Tablet,0
4763,sess_37509,Mobile,1
4764,sess_87060,Desktop,1
4765,sess_55957,Tablet,0
4766,sess_89988,Mobile,0
4767,sess_92938,Mobile,1
4768,sess_66120,Tablet,1
4769,sess_31755,Desktop,0
4770,sess_90760,Desktop,0
4771,sess_28249,Mobile,0
4772,sess_37082,Desktop,0
4773,sess_37124,Desktop,0
4774,sess_17780,Desktop,0
4775,sess_84720,Mobile,1
4776,sess_55982,Tablet,0
4777,sess_79767,Desktop,1
4778,sess_46842,Mobile,0
4779,sess_88231,Mobile,0
4780,sess_80617,Tablet,0
4781,sess_32069,Desktop,0
4782,sess_52421,Desktop,0
4783,sess_48356,Tablet,0
4784,sess_47923,Tablet,0
4785,sess_85069,Mobile,0
4786,sess_45041,Mobile,0
4787,sess_77425,Tablet,0
4788,sess_99037,Desktop,1
4789,sess_22481,Mobile,1
4790,sess_27771,Mobile,0
4791,sess_63948,Desktop,0
4792,sess_17770,Mobile,0
4793,sess_46349,Desktop,1
4794,sess_95969,Desktop,0
4795,sess_26631,Desktop,0
4796,sess_27392,Tablet,0
4797,sess_42725,Tablet,0
4798,sess_29168,Tablet,0
4799,sess_52217,Desktop,1
4800,sess_42447,Desktop,0
4801,sess_98635,Tablet,0
4802,sess_61472,Mobile,0
4803,sess_74154,Desktop,0
4804,sess_28634,Mobile,1
4805,sess_85684,Mobile,0
4806,sess_92890,Desktop,1
4807,sess_45221,Desktop,0
4808,sess_92288,Mobile,0
4809,sess_64293,Mobile,1
4810,sess_59174,Tablet,0
4811,sess_69243,Tablet,1
4812,sess_19898,Desktop,0
4813,sess_93050,Tablet,1
4814,sess_22202,Tablet,0
4815,sess_62802,Tablet,0
4816,sess_77582,Tablet,1
4817,sess_46467,Mobile,1
4818,sess_58374,Desktop,1
4819,sess_69597,Tablet,1
4820,sess_73968,Mobile,1
4821,sess_52898,Mobile,0
4822,sess_86278,Mobile,0
4823,sess_10324,Tablet,0
4824,sess_22208,Tablet,0
4825,sess_70089,Desktop,0
4826,sess_93209,Tablet,0
4827,sess_97050,Tablet,0
4828,sess_56952,Mobile,0
4829,sess_18300,Desktop,0
4830,sess_80048,Tablet,0
4831,sess_62129,Tablet,0
4832,sess_38551,Mobile,1
4833,sess_66314,Mobile,0
4834,sess_37767,Tablet,0
4835,sess_74843,Desktop,0
4836,sess_45197,Desktop,0
4837,sess_52318,Mobile,0
4838,sess_47171,Mobile,0
4839,sess_54270,Tablet,0
4840,sess_81737,Mobile,0
4841,sess_85750,Tablet,0
4842,sess_27117,Desktop,1
4843,sess_84205,Desktop,1
4844,sess_73614,Tablet,0
4845,sess_55054,Mobile,0
4846,sess_99463,Desktop,0
4847,sess_16345,Mobile,0
4848,sess_16021,Desktop,1
4849,sess_23051,Tablet,0
4850,sess_92074,Tablet,1
4851,sess_70238,Tablet,0
4852,sess_12134,Desktop,1
4853,sess_26284,Mobile,0
4854,sess_30707,Mobile,1
4855,sess_67840,Mobile,0
4856,sess_69836,Desktop,0
4857,sess_10088,Desktop,0
4858,sess_66072,Desktop,0
4859,sess_36518,Desktop,1
4860,sess_27290,Desktop,1
4861,sess_95196,Mobile,1
4862,sess_49566,Desktop,0
4863,sess_30837,Desktop,1
4864,sess_45916,Mobile,0
4865,sess_22234,Desktop,0
4866,sess_95798,Mobile,0
4867,sess_57242,Mobile,0
4868,sess_42819,Tablet,0
4869,sess_20803,Tablet,0
4870,sess_58738,Tablet,0
4871,sess_97098,Tablet,1
4872,sess_95054,Desktop,0
4873,sess_31695,Tablet,0
4874,sess_16787,Mobile,0
4875,sess_61949,Desktop,0
4876,sess_91999,Tablet,0
4877,sess_50043,Mobile,0
4878,sess_40689,Desktop,0
4879,sess_66260,Desktop,0
4880,sess_95915,Tablet,0
4881,sess_21953,Desktop,1
4882,sess_22475,Mobile,0
4883,sess_10142,Desktop,0
4884,sess_37973,Mobile,1
4885,sess_72496,Desktop,0
4886,sess_20215,Tablet,0
4887,sess_27393,Mobile,1
4888,sess_87814,Desktop,0
4889,sess_39647,Desktop,0
4890,sess_78084,Desktop,0
4891,sess_99126,Mobile,0
4892,sess_68335,Mobile,0
4893,sess_11217,Mobile,0
4894,sess_11056,Tablet,0
4895,sess_55032,Tablet,0
4896,sess_25806,Mobile,0
4897,sess_65353,Desktop,0
4898,sess_27324,Tablet,0
4899,sess_72613,Mobile,0
4900,sess_19283,Desktop,0
4901,sess_40008,Tablet,1
4902,sess_60209,Desktop,0
4903,sess_21708,Desktop,0
4904,sess_23425,Desktop,0
4905,sess_23526,Desktop,0
4906,sess_51071,Tablet,1
4907,sess_58177,Tablet,0
4908,sess_49223,Tablet,1
4909,sess_27973,Mobile,0
4910,sess_60164,Tablet,0
4911,sess_27451,Desktop,0
4912,sess_94092,Tablet,1
4913,sess_98753,Desktop,0
4914,sess_28724,Mobile,0
4915,sess_18966,Desktop,0
4916,sess_79534,Desktop,0
4917,sess_83831,Desktop,1
4918,sess_11110,Mobile,0
4919,sess_89995,Tablet,0
4920,sess_95199,Tablet,1
4921,sess_31511,Mobile,0
4922,sess_67684,Desktop,1
4923,sess_56030,Tablet,0
4924,sess_37925,Mobile,0
4925,sess_92323,Tablet,1
4926,sess_29840,Mobile,0
4927,sess_63963,Desktop,0
4928,sess_90750,Tablet,0
4929,sess_99989,Mobile,0
4930,sess_67984,Tablet,0
4931,sess_38474,Tablet,1
4932,sess_21362,Tablet,0
4933,sess_23168,Tablet,0
4934,sess_28351,Mobile,1
4935,sess_26142,Desktop,0
4936,sess_87276,Mobile,0
4937,sess_60335,Mobile,0
4938,sess_56076,Mobile,1
4939,sess_66280,Desktop,0
4940,sess_51222,Tablet,1
4941,sess_28327,Tablet,1
4942,sess_42477,Tablet,0
4943,sess_46302,Desktop,0
4944,sess_94491,Tablet,1
4945,sess_21042,Desktop,0
4946,sess_42527,Tablet,1
4947,sess_82534,Tablet,1
4948,sess_88774,Mobile,0
4949,sess_88644,Desktop,0
4950,sess_89638,Mobile,1
4951,sess_47345,Mobile,1
4952,sess_13515,Mobile,0
4953,sess_96298,Desktop,0
4954,sess_49537,Desktop,0
4955,sess_36928,Tablet,0
4956,sess_77862,Mobile,0
4957,sess_89551,Tablet,0
4958,sess_76784,Mobile,0
4959,sess_34726,Desktop,0
4960,sess_61347,Desktop,0
4961,sess_48737,Desktop,0
4962,sess_94694,Mobile,0
4963,sess_17152,Desktop,0
4964,sess_41370,Mobile,0
4965,sess_74865,Tablet,0
4966,sess_60578,Mobile,0
4967,sess_24777,Tablet,0
4968,sess_41599,Mobile,1
4969,sess_75481,Tablet,0
4970,sess_93634,Desktop,1
4971,sess_87847,Tablet,0
4972,sess_19307,Desktop,0
4973,sess_79243,Desktop,1
4974,sess_11581,Tablet,0
4975,sess_57329,Mobile,0
4976,sess_51480,Mobile,0
4977,sess_27299,Mobile,0
4978,sess_60703,Mobile,0
4979,sess_84498,Mobile,0
4980,sess_65163,Desktop,0
4981,sess_57895,Mobile,0
4982,sess_81612,Desktop,1
4983,sess_99514,Desktop,0
4984,sess_32645,Desktop,0
4985,sess_71736,Tablet,1
4986,sess_19567,Tablet,0
4987,sess_12187,Desktop,0
4988,sess_86986,Tablet,0
4989,sess_18851,Mobile,0
4990,sess_11807,Mobile,0
4991,sess_44365,Desktop,1
4992,sess_38277,Mobile,1
4993,sess_15220,Desktop,0
4994,sess_17925,Desktop,0
4995,sess_62163,Mobile,0
4996,sess_76402,Tablet,0
4997,sess_47550,Mobile,1
4998,sess_92388,Mobile,0
4999,sess_75673,Desktop,0
5000,sess_64451,Desktop,1
