CustomerKey,CustomerName,City
5001,Nitara Minhas,Giridih
5002,Tristan Palan,Ujjain
5003,Patrick Char,Tenali
5004,Caleb Dhar,Anand
5005,Darsh Anne,Hazaribagh
5006,Hemani Bawa,Shimoga
5007,Xiti Parmar,Jaipur
5008,Lakshmi Sane,Ghaziabad
5009,Nitesh Zachariah,Visakhapatnam
5010,Tanay Ahluwalia,Madanapalle
5011,Anay Chaudhary,Karawal Nagar
5012,Xiti Singh,Nagercoil
5013,Vrinda Dixit,Tiruchirappalli
5014,Maya Dhingra,Jamnagar
5015,Pahal Karpe,Bihar Sharif
5016,Libni Borah,Visakhapatnam
5017,Prisha Bahri,Pali
5018,Inaya Varma,Kolhapur
5019,Jairaj Kunda,Dehri
5020,Upma Lad,Ramgarh
5021,Yash Mohanty,Bally
5022,Rajeshri Rau,Bikaner
5023,Leena Basu,Munger
5024,Raghav Edwin,Kozhikode
5025,Qabil Srivastava,Dharmavaram
5026,Wishi Ray,Thanjavur
5027,Tanvi Naidu,Ghaziabad
5028,Gautami Merchant,Hazaribagh
5029,Ranveer Chand,Jammu
5030,Yahvi Sheth,Loni
5031,Ati Kanda,Madhyamgram
5032,Yutika Kuruvilla,Junagadh
5033,Kamya Bahl,Danapur
5034,Madhav Magar,Salem
5035,Riya Trivedi,Pimpri-Chinchwad
5036,Meera Ramachandran,Thrissur
5037,Naksh Khosla,Anantapur
5038,Kamya Venkatesh,Jamalpur
5039,Pratyush Rastogi,Bongaigaon
5040,Chakrika Shroff,Ramagundam
5041,Madhavi Sharma,Proddatur
5042,Rayaan Srivastava,Dewas
5043,Warda Koshy,Katni
5044,Kamya Varughese,Saharsa
5045,Krisha Rege,Kumbakonam
5046,Panini Golla,Gandhidham
5047,Orinder Hayre,Ludhiana
5048,Leena Yohannan,Salem
5049,Zaitra Kothari,Karaikudi
5050,Frederick Goel,Farrukhabad
5051,Kala Yohannan,Bihar Sharif
5052,Advay Sarna,Chinsurah
5053,Dalbir Kaul,Bhiwandi
5054,Kai Bail,Bikaner
5055,Sai Saxena,Dindigul
5056,Aishani Narasimhan,Raichur
5057,Nidhi Vasa,Medininagar
5058,Peter Banerjee,Bidar
5059,Saksham Setty,Latur
5060,Gaurangi Salvi,Gaya
5061,Avni Nigam,Agra
5062,Dalaja Krishnamurthy,Amaravati
5063,Hiral Vyas,Saharsa
5064,Peter Trivedi,Saharsa
5065,Raagini Shetty,Etawah
5066,Laban Wadhwa,Darbhanga
5067,Urvashi Tak,Mangalore
5068,Tejas Khanna,Munger
5069,Chanakya Verma,Gopalpur
5070,Teerth Behl,Medininagar
5071,Manan Saraf,Saharsa
5072,Garima Gour,Dibrugarh
5073,Ekantika Rege,Haridwar
5074,Balvan Ratta,Madurai
5075,Oviya Halder,Ramgarh
5076,Hema Parikh,Mango
5077,Ojasvi Pandey,Jehanabad
5078,Indira Bava,Tadepalligudem
5079,Yashodhara Barad,Satara
5080,Nisha Deo,Bhiwandi
5081,Ekantika Mutti,Gaya
5082,Mahika Salvi,Vijayanagaram
5083,Eta Aurora,Bidhannagar
5084,Isaac Varkey,Hajipur
5085,Gaurav Iyengar,Mysore
5086,Pratyush Parikh,Bhilwara
5087,Kavya Kunda,Nagaon
5088,Imaran Goswami,Hosur
5089,Advay Edwin,Vijayanagaram
5090,Vedant Bobal,Deoghar
5091,Siddharth Chaudry,Pondicherry
5092,Advika Dass,Tirupati
5093,Harini Date,Tumkur
5094,Finn Chawla,Rohtak
5095,Faris Nath,Belgaum
5096,Madhavi Peri,Khandwa
5097,Hema Tank,Sangli-Miraj & Kupwad
5098,Chanakya Mallick,Raiganj
5099,Vedika Lal,Erode
5100,Kritika Raja,Katihar
5101,Omaja Cheema,Tiruchirappalli
5102,Teerth Biswas,Morbi
5103,Faras Salvi,Patiala
5104,Chatresh Sidhu,Khora 
5105,Fitan Dhawan,Naihati
5106,Hitesh Radhakrishnan,Rewa
5107,Zarna Deol,Nagercoil
5108,Chaitanya Master,Chandigarh
5109,Gauri Rout,Gandhinagar
5110,Tanvi Dhar,Kakinada
5111,Gauri Chanda,Amroha
5112,Udarsh Kata,Tiruchirappalli
5113,Bahadurjit Vora,Katihar
5114,Darika Handa,Ahmedabad
5115,Guneet Chada,Dehri
5116,Sneha Arya,Tiruppur
5117,Ranbir Memon,Aligarh
5118,Arya Viswanathan,Bellary
5119,Onkar Chakrabarti,Jodhpur
5120,Bhavika Hari,Medininagar
5121,Raghav Kade,Karimnagar
5122,Ishani Bir,Purnia
5123,Anamika Sarma,Faridabad
5124,Onkar Kamdar,Ratlam
5125,Vedant Jayaraman,Fatehpur
5126,Wakeeta Taneja,Chandigarh
5127,Abhiram Bera,Jamnagar
5128,Ati Kala,Ajmer
5129,Mitesh Ramachandran,Bhopal
5130,Ishita Dugar,Warangal
5131,Vrishti Chaudhuri,Belgaum
5132,Rajata Dua,Munger
5133,Nakul Dey,Bihar Sharif
5134,Vinaya Garde,Bathinda
5135,Vidhi Wagle,Lucknow
5136,Oni Pradhan,Vijayanagaram
5137,Yash Pandey,Khandwa
5138,Amara Johal,Ramgarh
5139,Sai Patla,Berhampore
5140,Aarush Chawla,Raipur
5141,Tarak Chakrabarti,Jamnagar
5142,Advay Malhotra,Bokaro
5143,Krishna Mukherjee,Hindupur
5144,Dakshesh Sharaf,Nellore
5145,Rehaan Mohan,Ozhukarai
5146,Quincy De,Vadodara
5147,Maanas Sama,Gurgaon
5148,Gagan Narula,Shivpuri
5149,Oliver Sankaran,Narasaraopet
5150,Harini Wagle,Purnia
5151,Bahadurjit Bava,Kolkata
5152,Abeer Bumb,Proddatur
5153,Tristan Wable,Maheshtala
5154,Qasim Nagy,Giridih
5155,Omya Walla,Bijapur
5156,Amruta Gandhi,Phusro
5157,Varenya Ravel,Vellore
5158,Tanveer Badami,Baranagar
5159,Yashawini Bakshi,Shimla
5160,Robert Singh,Warangal
5161,Ria Kunda,Naihati
5162,Diya Ben,Sagar
5163,Yatin Rajan,Buxar
5164,Hardik Dey,Gopalpur
5165,Saksham Nayak,Dewas
5166,Anjali Kothari,Dibrugarh
5167,Chandani Shenoy,Chandrapur
5168,Gaurav Sharaf,Durg
5169,Neel Apte,Ambarnath
5170,Ekavir Shukla,Vijayawada
5171,Mohammed Manda,Bihar Sharif
5172,Chanakya Narula,Khora 
5173,Janya Barad,Bhind
5174,Abhimanyu Dani,Tirunelveli
5175,Ati Madan,Ranchi
5176,Ekalinga Prasad,Jammu
5177,Ridhi Patla,Ulhasnagar
5178,Nachiket Ganguly,Aurangabad
5179,Inaya Gara,Tenali
5180,Idika Bhargava,Katihar
5181,Vasana Samra,Eluru
5182,Wyatt Handa,Sasaram
5183,Vivaan Taneja,Avadi
5184,Madhavi Barman,Jalgaon
5185,Tanmayi Sethi,Ulhasnagar
5186,Dhruv Bandi,Tirupati
5187,Jason Ratti,Panvel
5188,Jyoti Cherian,Ghaziabad
5189,Amruta Raja,Ludhiana
5190,Yatin Verma,Pali
5191,Ranveer Patla,Tiruchirappalli
5192,Rajeshri Virk,New Delhi
5193,Chaaya Talwar,Thoothukudi
5194,Onveer Korpal,Gandhinagar
5195,Yamini Balan,Akola
5196,Abha Tripathi,Tinsukia
5197,Mohini Prakash,Nagaon
5198,Samuel Suresh,Jamalpur
5199,Fariq Karan,Arrah
5200,Kalpit Jayaraman,Karimnagar
5201,Ekiya Dara,Shimoga
5202,Vedika Chaudhari,Motihari
5203,Nitara Pau,Imphal
5204,Zaitra Lal,Nadiad
5205,Pallavi Barad,Udupi
5206,Bhavya Srinivas,Bhavnagar
5207,Veer Lad,Nashik
5208,Brinda Upadhyay,Pimpri-Chinchwad
5209,Azaan Sangha,Ratlam
5210,Elijah Din,Shivpuri
5211,Avi Jaggi,Ambarnath
5212,Yasti Kale,Raurkela Industrial Township
5213,Pranit Gera,Kurnool
5214,Gautam Behl,Anantapur
5215,Girik Shenoy,Munger
5216,Manbir Goyal,Sirsa
5217,Gunbir Patel,Proddatur
5218,Alexander Parekh,Mau
5219,Chavvi Seth,Sirsa
5220,Peter Mital,Vellore
5221,Anita Bera,Mangalore
5222,Aarini Kumar,Sambhal
5223,Timothy Barad,Tadepalligudem
5224,Gavin Sastry,Dhanbad
5225,Chakrika Sarna,Thoothukudi
5226,Jeet Nazareth,Surat
5227,Abhiram Korpal,Vijayawada
5228,Yuvraj Iyengar,Navi Mumbai
5229,Abha Bobal,Moradabad
5230,Chandran Tripathi,Satara
5231,Yauvani Varty,Gulbarga
5232,Girish Butala,Amaravati
5233,Devika Manne,Alwar
5234,Warjas Bala,Gangtok
5235,Zashil Hegde,Sambalpur
5236,Ladli Taneja,Coimbatore
5237,Raghav Dash,Nizamabad
5238,Divya Banik,Sonipat
5239,Chandresh Oommen,Thrissur
5240,Logan Sengupta,Jaunpur
5241,Harsh Shroff,Bhiwani
5242,Darsh Magar,Vadodara
5243,Gayathri Chada,Narasaraopet
5244,Anjali Krishnamurthy,Panipat
5245,Zaitra Savant,Chittoor
5246,Wriddhish Madan,Hapur
5247,Ganga Ganesh,Patiala
5248,Aachal Rai,Kakinada
5249,Gauri Virk,Amravati
5250,Abhiram Raja,Aizawl
5251,Gaurav Mammen,Alappuzha
5252,Irya Sarkar,Bareilly
5253,Bakhshi Biswas,Gandhinagar
5254,Mugdha Pai,Bilaspur
5255,Ronith Raja,Ranchi
5256,Bhavya Bakshi,Amaravati
5257,Tarak Tailor,Rampur
5258,Zaid Atwal,Kamarhati
5259,Timothy Barad,Kolhapur
5260,Amrita Jhaveri,Dehradun
5261,Baghyawati Mall,Kishanganj
5262,Zarna Bir,Gaya
5263,Vasana Basak,Bhusawal
5264,Bina Sethi,Motihari
5265,Yasti Bajwa,Aizawl
5266,Kevin Hora,Raipur
5267,Samesh Deshpande,Tadepalligudem
5268,Yash Bandi,Jamalpur
5269,Vinaya Ahuja,Kavali
5270,Lipika Shan,Patiala
5271,Wishi Dora,Raipur
5272,Shivani Manda,Tumkur
5273,Garima Sachdev,Gaya
5274,Amruta Deshpande,Hubli–Dharwad
5275,Ekantika Bahl,Malegaon
5276,Sneha Banik,Nizamabad
5277,Idika Cherian,Mangalore
5278,Abhimanyu Padmanabhan,North Dumdum
5279,Siya Bahl,Kolkata
5280,Ishani Kara,Jaipur
5281,Ekiya Rau,Ranchi
5282,Yash Bhakta,Kozhikode
5283,Tarak Sen,Ramagundam
5284,Tripti Kapoor,Hosur
5285,Kiaan Raj,Kurnool
5286,Lopa Sahota,Durgapur
5287,Mekhala Deep,Unnao
5288,Gavin Mangal,Loni
5289,Frederick Kaur,Durgapur
5290,Gautami Devi,Medininagar
5291,Vanya Tandon,Morbi
5292,Wahab Sachdev,Sagar
5293,Shaurya Luthra,Nagaon
5294,Owen Murty,Bilaspur
5295,Edhitha Barad,Thoothukudi
5296,Vasudha Kala,Mumbai
5297,Timothy Karpe,Rewa
5298,Krisha Bhatt,Chittoor
5299,Edhitha Batta,Haldia
5300,Divya Nori,Bihar Sharif
5301,Chanchal Chokshi,Rourkela
5302,Ladli Babu,Sonipat
5303,Priya Badami,Dhanbad
5304,Avni Kakar,Alappuzha
5305,Bishakha Parmar,Varanasi
5306,Krisha Keer,Nanded
5307,Hemal Karnik,Korba
5308,Christopher Nazareth,Karawal Nagar
5309,Ethan Aurora,Kochi
5310,Nihal Kata,Malda
5311,Vritti Mani,Bhilwara
5312,Praneel Kala,Saharanpur
5313,Nandini Choudhary,Pudukkottai
5314,Gabriel Choudhury,Korba
5315,Nikita Walia,Ranchi
5316,Zehaan Das,Thiruvananthapuram
5317,Harshil Taneja,Ballia
5318,Yashica Karan,Udupi
5319,Urvashi Sura,New Delhi
5320,Mason Deshpande,Unnao
5321,Raagini Nigam,Bhopal
5322,Urvi Dhingra,Satna
5323,Qasim Chowdhury,Kottayam
5324,Damini Bath,Gwalior
5325,Yasti Rana,Pimpri-Chinchwad
5326,Lakshmi Bobal,Nagercoil
5327,Sanya Mutti,Hubli–Dharwad
5328,Yamini Dora,Bhusawal
5329,Odika Modi,Thanjavur
5330,Kabir Srivastava,Phagwara
5331,Unni Karan,Sirsa
5332,Jacob Mane,Dharmavaram
5333,Rayaan Pai,Jodhpur
5334,Chaman Thaker,Jammu
5335,Balveer Palan,Raichur
5336,Jacob Prakash,Tadepalligudem
5337,Gaurika Chandra,Bhilwara
5338,Veda Chatterjee,Mathura
5339,Jagat Bandi,Hyderabad
5340,Sanaya Aurora,Bharatpur
5341,Neelima Boase,Bhagalpur
5342,Sudiksha Barman,Thiruvananthapuram
5343,Nihal Venkatesh,Raichur
5344,Vrinda Thakur,Vasai-Virar
5345,Dev Hegde,Ambarnath
5346,Mohini Gour,Gorakhpur
5347,Yashodhara Rai,Khandwa
5348,Vihaan Sarkar,Farrukhabad
5349,Upkaar Dhawan,Purnia
5350,Udyati Gade,Karawal Nagar
5351,Amol Dutta,Kamarhati
5352,Ira Brar,Bhiwani
5353,Niharika Bhattacharyya,Chittoor
5354,Atharv Sami,Orai
5355,Lipika Lad,Aurangabad
5356,Upma Madan,Ambarnath
5357,Ishanvi Puri,Satna
5358,Ikbal Golla,Indore
5359,Zilmil Parekh,Mathura
5360,Rajata Banerjee,Jaipur
5361,Chatresh Kapoor,Bhilai
5362,Samuel Trivedi,Muzaffarpur
5363,Banjeet Ghosh,Tumkur
5364,Pavani Patel,Dewas
5365,Raksha Sagar,Udaipur
5366,Faqid Swamy,South Dumdum
5367,Aachal Balasubramanian,Ichalkaranji
5368,Sara Mane,Dehri
5369,Anmol Garg,Guntakal
5370,Aayush Keer,Indore
5371,Advaith Chanda,Karaikudi
5372,Azaan Dutt,Bahraich
5373,Harinakshi Rajagopalan,Durgapur
5374,Leela Kunda,Bareilly
5375,Ojas Kalita,Bhopal
5376,Gavin Hegde,Thane
5377,Maanas Dalal,Gaya
5378,Anjali Bhatnagar,Kanpur
5379,Anthony Vig,Imphal
5380,Aayush Sachdev,Mirzapur
5381,Girik Zachariah,Vijayanagaram
5382,Amruta Kadakia,Salem
5383,Onkar Mandal,Bhagalpur
5384,Nisha Bir,Tadipatri
5385,Jack Narayanan,Thoothukudi
5386,Ryan Ravel,Panipat
5387,Dayita Dalal,Thanjavur
5388,Krishna Tiwari,Kolkata
5389,Anusha Ravi,Vasai-Virar
5390,Bachittar Saxena,Imphal
5391,Aarna Chadha,Rajahmundry
5392,Isaiah Manne,Kavali
5393,Yoshita Varty,Sasaram
5394,Vedant Mukherjee,Nagaon
5395,Warinder Bains,Tiruchirappalli
5396,Madhav Kalita,Vijayanagaram
5397,Nathan Das,Panipat
5398,Timothy Balakrishnan,Jabalpur
5399,Logan Naik,Bharatpur
5400,Chaman Nagar,Raipur
5401,Rayaan Savant,Dhanbad
5402,Ishwar Narang,Agartala
5403,Ishita Walla,Raebareli
5404,Kiaan Sethi,Noida
5405,Chaitaly Choudhury,Erode
5406,Rachita Kashyap,Indore
5407,Kevin Sekhon,Bhalswa Jahangir Pur
5408,Tanmayi Raj,Nadiad
5409,Michael Puri,Morena
5410,Nihal Sharaf,Kamarhati
5411,Manbir Srinivasan,Proddatur
5412,Laksh Chhabra,Raebareli
5413,Nakul Bahri,Siliguri
5414,Dominic More,Raurkela Industrial Township
5415,Nandini Khatri,Karimnagar
5416,Vyanjana Rao,Siliguri
5417,Rehaan Taneja,Saharanpur
5418,Fiyaz Parmar,Haridwar
5419,Luke Amble,Belgaum
5420,Tamanna Kari,Mangalore
5421,Abha Kaur,Purnia
5422,Balveer Soni,Noida
5423,Waida Nair,Tiruchirappalli
5424,Eta Nadkarni,Rohtak
5425,Yashodhara Narula,Bhalswa Jahangir Pur
5426,Vedika Goswami,Jalna
5427,Christopher Anand,Kanpur
5428,Ridhi Pillai,Jalna
5429,Vincent Ganesh,Madanapalle
5430,Janaki Prakash,Raichur
5431,Vasana Pandya,Jodhpur
5432,Abeer Doshi,Pali
5433,Harinakshi Choudhry,Bhind
5434,Advay Chawla,Srinagar
5435,Warda Choudhary,Mango
5436,Ansh Sane,Bidhannagar
5437,Lakshmi Kara,Gorakhpur
5438,Zayyan Bajwa,Ozhukarai
5439,Wriddhish Sachar,Nagaon
5440,Alexander Sen,Davanagere
5441,Amrita Bains,Parbhani
5442,Gaurika Sood,Bikaner
5443,Jyoti Keer,Panvel
5444,Kevin Batra,Silchar
5445,Aahana Bala,Gandhidham
5446,Qadim Gokhale,Sri Ganganagar
5447,Avni Dhawan,Guntakal
5448,Samuel Khatri,Raichur
5449,Benjamin Chacko,Kavali
5450,Omisha Bhatti,Siwan
5451,Sara Wali,Katihar
5452,Reva Memon,Davanagere
5453,Yasti Pandit,Ramagundam
5454,Bimala Chandra,Etawah
5455,Andrew Merchant,Dehradun
5456,Om Chowdhury,Surat
5457,Wriddhish Wali,Naihati
5458,Brinda Chadha,Raiganj
5459,Yug Bahri,Dharmavaram
5460,Ganga Sachdev,Machilipatnam
5461,Falan Chada,Thiruvananthapuram
5462,Harini Chawla,Sikar
5463,Noah Jayaraman,New Delhi
5464,Yamini Khalsa,Ajmer
5465,Max Pall,Udupi
5466,Ranbir Acharya,Pondicherry
5467,Lajita Sodhi,Bally
5468,Jyoti Balasubramanian,Berhampore
5469,Hemangini Randhawa,Thane
5470,Ishwar Pau,Nashik
5471,Vinaya Sawhney,Kirari Suleman Nagar
5472,Yashoda Menon,Kakinada
5473,Ekaja Thakur,Motihari
5474,Anjali Dhingra,Bhavnagar
5475,Chandresh Kalita,Delhi
5476,Advay Choudhry,Tiruvottiyur
5477,Aachal Chatterjee,Etawah
5478,Chatresh Verma,Hospet
5479,Warda Sama,Vasai-Virar
5480,Guneet Prakash,Mehsana
5481,Advaith Sheth,Indore
5482,Mahika Bhat,Siwan
5483,Gopal Shah,Srikakulam
5484,Madhav Walia,Thane
5485,Max Munshi,Nashik
5486,Tara Bedi,Erode
5487,Devika Lala,Hapur
5488,Varsha Narula,Chandrapur
5489,Dev Ramaswamy,Nizamabad
5490,Rajata Kade,Vijayawada
5491,Quincy Saran,Buxar
5492,Eshana Doshi,Baranagar
5493,Bahadurjit Kamdar,Kadapa
5494,Ekaja Sekhon,Rourkela
5495,Veer Kadakia,Kota
5496,Jagat Sahni,Bilaspur
5497,Falak Parmer,Mehsana
5498,Vedika Tak,Jehanabad
5499,Vivaan Joshi,Ozhukarai
5500,Abeer Malhotra,Malda
5501,Ishanvi Das,Agra
5502,Tamanna Goswami,Avadi
5503,Suhani Pandya,Ratlam
5504,Zayyan Trivedi,Giridih
5505,Eta Hari,North Dumdum
5506,Anjali Palla,Kolhapur
5507,Ekani Naik,Ghaziabad
5508,Udant Sankaran,Sasaram
5509,Jacob Joshi,Kirari Suleman Nagar
5510,Aditya Saraf,Madanapalle
5511,Indira Mann,Meerut
5512,Yatan Magar,Nadiad
5513,Xiti Mukherjee,Kadapa
5514,Chavvi Apte,Ramgarh
5515,Ubika Ram,Jaipur
5516,Luke Nagi,Ulhasnagar
5517,Qasim Om,Sri Ganganagar
5518,Nilima Rajan,Korba
5519,Falan Dar,Thiruvananthapuram
5520,Dipta Tata,Chinsurah
5521,Mahika Kurian,Davanagere
5522,Abhiram Lall,Machilipatnam
5523,Owen Shere,Chandigarh
5524,Ati Ratta,Nagaon
5525,Zehaan Chowdhury,Panipat
5526,Bachittar Maharaj,Tirupati
5527,Omisha Taneja,Phagwara
5528,Vritti Nori,Akola
5529,Michael Raghavan,Shimla
5530,Owen Chanda,Tiruppur
5531,Gaurav Chatterjee,Silchar
5532,Janya Parsa,Tadepalligudem
5533,Ekapad Borah,Amaravati
5534,Ranbir Saxena,Amritsar
5535,Chaitaly Kaur,Amroha
5536,Hemal Shroff,Gudivada
5537,Kiaan Chaudry,Latur
5538,Pahal Pandey,Rajkot
5539,William Om,Nangloi Jat
5540,Christopher Chaudry,Kozhikode
5541,Liam Sarin,Shimoga
5542,Meera Garg,Bidar
5543,Abhiram Ganesan,Loni
5544,Upma Tata,Nizamabad
5545,Yochana Rastogi,Sonipat
5546,Falak Brar,Hyderabad
5547,Balendra Kala,Patna
5548,Zayyan Rastogi,Motihari
5549,Onveer Bose,Jammu
5550,Baljiwan Wagle,Kavali
5551,Isaac Shroff,Jamnagar
5552,Yasti Halder,Bongaigaon
5553,Nathan Ben,Ambattur
5554,Advay Agrawal,Bhiwandi
5555,Avni Sachdev,Ambarnath
5556,Charan Handa,Vadodara
5557,Suhani Singhal,Miryalaguda
5558,Udarsh Bhargava,Ambattur
5559,Odika Nagy,Bongaigaon
5560,Arya Mitter,Berhampur
5561,Aditya Ramesh,Gandhinagar
5562,Janaki Gaba,Guna
5563,Ishanvi Kapur,Amaravati
5564,Advaith Wadhwa,Mirzapur
5565,Rudra Mody,Guwahati
5566,Akshay Mann,Jhansi
5567,Dayita Loke,Ichalkaranji
5568,Jhalak Ramaswamy,Chandrapur
5569,Matthew Rastogi,Tumkur
5570,Mason Dara,Bhiwani
5571,Yatin Krishnamurthy,Raichur
5572,Oeshi Gole,Patiala
5573,Samesh Ranganathan,Kirari Suleman Nagar
5574,Gaurangi Gera,Karimnagar
5575,Rachita Sankaran,Singrauli
5576,Advik Kunda,Sonipat
5577,Jeevika Murthy,Jhansi
5578,Lakshit Bose,Khandwa
5579,Manan Sundaram,Sri Ganganagar
5580,Megha Madan,Bhatpara
5581,Rehaan Tata,Kadapa
5582,Yahvi Doctor,Korba
5583,Ayaan Sachar,Maheshtala
5584,Gaurangi Deshmukh,Ratlam
5585,Ishani Prabhu,New Delhi
5586,Vedhika Sandhu,Saharanpur
5587,Ansh Batta,Kottayam
5588,Tanmayi Oza,Ramagundam
5589,Ria Viswanathan,Gudivada
5590,Darika Tella,Mehsana
5591,Yug Shankar,Bhalswa Jahangir Pur
5592,Mitesh Mutti,Tiruppur
5593,Jeremiah Kaur,Tiruchirappalli
5594,Chatura Sodhi,Kadapa
5595,Vedika Lad,Akola
5596,Michael Dey,Dibrugarh
5597,Amrita Lal,Naihati
5598,Vasudha Rattan,Mehsana
5599,Jasmit Tank,Vijayanagaram
5600,Pratyush Mall,Jehanabad
5601,Frado Dhillon,Bikaner
5602,Hitesh Kala,Kozhikode
5603,Dakshesh Tailor,Alappuzha
5604,Isaiah Korpal,Rewa
5605,Hemani Raval,Guntakal
5606,Gaurangi Dora,Bhiwandi
5607,Gagan Devi,Bhind
5608,Reyansh Verma,Jalgaon
5609,Bahadurjit Sandhu,Hosur
5610,Harrison Pai,Nadiad
5611,Anthony Samra,Guwahati
5612,Jonathan Bose,Ambattur
5613,Andrew Natarajan,Bhiwandi
5614,Yashawini Johal,Bhubaneswar
5615,Ishani Borra,South Dumdum
5616,Ikshita Dara,Ambala
5617,Qabil Andra,Thoothukudi
5618,Ucchal Mukherjee,Ajmer
5619,Leela Rajagopalan,Vijayanagaram
5620,Meera Dugal,Bongaigaon
5621,Pooja Bhardwaj,Shimla
5622,Yachana Cheema,Kozhikode
5623,Diya Morar,Allahabad
5624,Bachittar Sabharwal,Silchar
5625,Mohammed Swaminathan,Amravati
5626,Nilima Nath,Hindupur
5627,Raghav Barad,Jalgaon
5628,Reyansh Bora,Udaipur
5629,Ishanvi Ranganathan,Ajmer
5630,Aashi Kota,Gorakhpur
5631,Krish Agrawal,Shahjahanpur
5632,Madhavi Nigam,Motihari
5633,Tarak Nair,Dhule
5634,Aadi Ganesan,Karnal
5635,Turvi Kadakia,Kadapa
5636,Vasatika Khare,Dhanbad
5637,Ikbal Dhar,Bokaro
5638,Hritik Wali,Karimnagar
5639,Upkaar Parekh,Katni
5640,Eiravati Agate,Kadapa
5641,Sneha Varghese,Munger
5642,Dayamai Rege,Akola
5643,Leena Bhavsar,Patiala
5644,Nandini Naidu,Barasat
5645,Nathaniel Ramanathan,Erode
5646,Dominic Nagy,Parbhani
5647,Liam Sabharwal,Aizawl
5648,Lakshmi Narayanan,Adoni
5649,Saanvi Sachdev,Allahabad
5650,Upma Suri,Dehradun
5651,Yasti Jani,Jabalpur
5652,Kashvi Balasubramanian,Aurangabad
5653,Janani Bera,Ongole
5654,Daksh Suri,Varanasi
5655,Irya Bansal,Morena
5656,Jason Ranganathan,Sultan Pur Majra
5657,Fariq Lad,Nandyal
5658,Mekhala Deshpande,Jhansi
5659,Umang Sha,Aurangabad
5660,Fitan Bassi,Burhanpur
5661,Divya Zachariah,Chandigarh
5662,Advaith Ganesan,Machilipatnam
5663,Anika Sachar,Bihar Sharif
5664,Varsha Gola,Anantapuram
5665,Wishi Saraf,Burhanpur
5666,Neha Dayal,Raiganj
5667,Keya Bir,Bettiah
5668,Raksha Dhar,Aligarh
5669,Tanish Cheema,Visakhapatnam
5670,Adya Sekhon,Noida
5671,Abhimanyu Mohan,Bilaspur
5672,Nathan Koshy,Jamalpur
5673,Jairaj Pal,Ichalkaranji
5674,Ansh Dhillon,Burhanpur
5675,Kamya Swaminathan,Vijayawada
5676,Gautam Ganesh,Bhatpara
5677,Vamakshi Mahal,Gulbarga
5678,Vritti Kadakia,Cuttack
5679,Tripti Ben,Motihari
5680,Charvi Sood,Tenali
5681,Waida Mital,Sasaram
5682,Yachana Gandhi,Thrissur
5683,Sai Peri,Gandhidham
5684,Gunbir Baria,Jaunpur
5685,Zilmil Borde,Meerut
5686,Alka Minhas,Pallavaram
5687,Raksha Yadav,Bhilwara
5688,Darsh Kamdar,Amaravati
5689,Akshay Lad,Erode
5690,Shivani Arora,Kharagpur
5691,Hemangini Bahri,Naihati
5692,Rachana Wali,Hubli–Dharwad
5693,Omkaar Batta,Siwan
5694,Bhavini Barad,Nadiad
5695,Libni Din,Thiruvananthapuram
5696,Bahadurjit Contractor,Bhilwara
5697,Krishna Hegde,Thanjavur
5698,Ekani Kulkarni,Dharmavaram
5699,Yashoda Aurora,Hospet
5700,Samaksh Bhargava,Jorhat
5701,Theodore Mand,Thoothukudi
5702,Yahvi Koshy,Panchkula
5703,Irya Nayar,Bharatpur
5704,Fiyaz Ray,Davanagere
5705,Amara D’Alia,Motihari
5706,Pushti Mander,Panvel
5707,Upadhriti Sekhon,Bokaro
5708,Riya Sathe,Hubli–Dharwad
5709,Mason Mody,Etawah
5710,Pallavi Mohanty,Tezpur
5711,Udant Pall,Muzaffarnagar
5712,Ira Bhasin,Sasaram
5713,Daksha Kothari,Sambhal
5714,Kabir Sem,Hyderabad
5715,Anthony Bahl,South Dumdum
5716,Chaitanya Verma,Bikaner
5717,Ojas Garg,Howrah
5718,Siya Kannan,Mira-Bhayandar
5719,Isaac Sathe,Rajpur Sonarpur
5720,Suhani Nair,Nadiad
5721,Advay Lala,Bulandshahr
5722,Chandresh Krishna,Burhanpur
5723,Nirja Mistry,Nangloi Jat
5724,Om Sridhar,Jhansi
5725,Jason Sandal,Baranagar
5726,Rudra Kanda,Bally
5727,Udarsh Raghavan,Sirsa
5728,Bina Mukhopadhyay,Aizawl
5729,Oni Mahal,Kalyan-Dombivli
5730,Lakshit Muni,Anand
5731,Anusha Brar,Amroha
5732,Yug Mammen,Pondicherry
5733,Michael Nayar,Guwahati
5734,Advika Mittal,Ratlam
5735,Nilima Contractor,Bongaigaon
5736,Umang Sidhu,Bidhannagar
5737,Oviya Choudhry,Bhavnagar
5738,Qabil Chokshi,Dhanbad
5739,Hema Shroff,Karaikudi
5740,Abhiram Anand,Kurnool
5741,Bahadurjit Vohra,Korba
5742,Liam Bhardwaj,Sonipat
5743,Chatura Atwal,Munger
5744,Harish Sur,Bhimavaram
5745,Ronith Swamy,Jhansi
5746,Radha Brar,Ahmednagar
5747,Baljiwan Lanka,Chinsurah
5748,Ekta Ratta,Gurgaon
5749,Champak Sami,Kirari Suleman Nagar
5750,Abhiram Mutti,Raipur
5751,Jonathan Mohanty,Ambattur
5752,Kabir Peri,Katni
5753,Jhalak Ramaswamy,Kavali
5754,Gaurang Dash,Dindigul
5755,Tristan Lad,Ahmedabad
5756,Jagrati Baral,Baranagar
5757,Krisha Magar,Bhalswa Jahangir Pur
5758,Chandresh Seshadri,Sikar
5759,Nirja Balakrishnan,Tirunelveli
5760,Jatin Dua,Vadodara
5761,Udarsh Batra,Kadapa
5762,Advika Ramachandran,Davanagere
5763,Viraj Ahluwalia,Phusro
5764,Veer Pillai,Nagpur
5765,Patrick Murthy,Durgapur
5766,Alka Mody,Jehanabad
5767,Nachiket Babu,Nizamabad
5768,Hardik Srinivas,Berhampur
5769,Sneha Karnik,Hazaribagh
5770,Upasna Suresh,Gandhinagar
5771,Indira Lad,Ghaziabad
5772,Hritik Shukla,Begusarai
5773,Jasmit Sule,Jalna
5774,Girindra Sehgal,Bharatpur
5775,Gaurika Dugar,Guntakal
5776,Harinakshi Bumb,Rajkot
5777,Lekha Suresh,Malda
5778,Ijaya Basak,Bidar
5779,Bahadurjit Barman,Ghaziabad
5780,Aryan Shan,Jalna
5781,Reva Lalla,Nandyal
5782,Neel Mahal,Nagpur
5783,Dayita Dhar,Satna
5784,Quincy Muni,Nandyal
5785,Tanish Choudhary,Mysore
5786,Viraj Dasgupta,Ulhasnagar
5787,Aarna Padmanabhan,Aurangabad
5788,Ansh Kakar,Bhagalpur
5789,Kamya Arya,Satna
5790,Aradhana Brar,Thiruvananthapuram
5791,Vyanjana Das,Thiruvananthapuram
5792,Yash Shah,Bangalore
5793,Alka Contractor,Bhimavaram
5794,Aahana Dalal,Gandhidham
5795,Dev Jaggi,Dindigul
5796,Wahab Gara,Loni
5797,Jatin Saran,Kakinada
5798,Pranav Dyal,Malegaon
5799,Anirudh Banik,Varanasi
5800,Vihaan Banerjee,Dehri
5801,Ronith Mittal,Muzaffarnagar
5802,Tamanna Ramanathan,Surendranagar Dudhrej
5803,Lila Tella,Nangloi Jat
5804,Nirja Trivedi,Tezpur
5805,Gaurangi Din,Hyderabad
5806,Arunima Trivedi,Jamalpur
5807,Suhani Jayaraman,Dewas
5808,Megha Baral,Amritsar
5809,Ubika Kade,Akola
5810,Omya Chaudry,Delhi
5811,Yadavi Mani,Jamalpur
5812,Mitesh Shere,Bijapur
5813,Oliver Cheema,Bhavnagar
5814,Anay Dhingra,Bilaspur
5815,Riya Chand,Kurnool
5816,Sai Char,Bally
5817,Reva Virk,Phusro
5818,Ayaan Swaminathan,Gulbarga
5819,Aadhya Halder,Bhalswa Jahangir Pur
5820,Upadhriti Madan,Ujjain
5821,Janya Samra,Mumbai
5822,Jasmit Sandhu,Madurai
5823,Pallavi Banerjee,Kakinada
5824,Gunbir Banik,Thane
5825,Nitara Shankar,Firozabad
5826,Chanakya Mangat,Vijayawada
5827,Vamakshi Choudhury,Mangalore
5828,Wriddhish Banik,Dibrugarh
5829,Tamanna Kara,Bahraich
5830,Faqid Pau,Uluberia
5831,Nimrat Patil,Vellore
5832,Nakul Mani,Shimla
5833,Gaurang Lad,Tiruppur
5834,Thomas Gokhale,Pondicherry
5835,Harita Datta,Jaipur
5836,Naveen Sama,Guntakal
5837,Jacob Kamdar,Udupi
5838,Osha Deshpande,Mumbai
5839,Ishaan Buch,Alwar
5840,Jeet Khurana,Junagadh
5841,Vincent Sheth,Hosur
5842,Dalbir Parikh,Danapur
5843,Advik Dugar,Jodhpur
5844,Nidhi Grewal,Hospet
5845,Nathaniel Goda,Bahraich
5846,Sanya Kala,Guna
5847,Girik Agrawal,Chinsurah
5848,Aditya Taneja,Karimnagar
5849,Triveni Sankar,Bettiah
5850,Azaan Amble,Siliguri
5851,Zarna Wali,Aurangabad
5852,Bhavika Naidu,Mirzapur
5853,Girik Wagle,Bhusawal
5854,Umang Rana,Etawah
5855,Radhika Bora,Jodhpur
5856,Yochana Vaidya,Aligarh
5857,Upkaar Banik,Karnal
5858,Ekantika Singhal,Malegaon
5859,Samesh Sandhu,Bidhannagar
5860,Tara Hayer,Tiruvottiyur
5861,Yadavi Mutti,Panihati
5862,Qasim Sharma,Naihati
5863,Harinakshi Dara,Vijayawada
5864,Darpan Sangha,Patna
5865,Idika Ratti,Surendranagar Dudhrej
5866,Christopher Divan,Latur
5867,Barkha Varughese,Pali
5868,Lakshit Ganesh,Bhilai
5869,Niharika Mutti,Srinagar
5870,Matthew Mody,Jamalpur
5871,Udyati Raju,Pimpri-Chinchwad
5872,Bhavika Babu,Solapur
5873,Aradhana Chakraborty,Gopalpur
5874,Lipika Patel,Dharmavaram
5875,Yochana Dani,Sagar
5876,Sneha Mohanty,Thane
5877,Aarush Andra,Madurai
5878,Yahvi Keer,Secunderabad
5879,Yug Ray,Bellary
5880,Janani Bala,Bhiwandi
5881,Kevin Nair,Miryalaguda
5882,Laksh Sidhu,Gaya
5883,Adya Sharaf,Bhilai
5884,Benjamin Srinivas,Tinsukia
5885,Chandresh Subramaniam,Amravati
5886,Advik Sarin,Gandhidham
5887,Kai More,Meerut
5888,Abeer Contractor,Rajahmundry
5889,Nidra Bava,Dehri
5890,Hemangini Pandey,Raipur
5891,Ira Bail,Patna
5892,Fiyaz Sachdeva,Varanasi
5893,Rachana Sem,Jamalpur
5894,Eiravati Karan,Bellary
5895,Gunbir Kurian,Bilaspur
5896,Qushi Sur,Ozhukarai
5897,Lipika Sengupta,Purnia
5898,Ria Mishra,Hapur
5899,Darpan Nagar,Sonipat
5900,Zansi Dara,Bikaner
5901,Odika Kaul,Rampur
5902,Fitan Choudhary,Bhalswa Jahangir Pur
5903,Ria Manne,Bahraich
5904,Jagdish Rama,Bhilwara
5905,Isaac Sahni,Visakhapatnam
5906,Bhavini Buch,Kozhikode
5907,Advaith Borah,Adoni
5908,Kai Sen,Belgaum
5909,Adya Tripathi,Machilipatnam
5910,Ganga Solanki,Nanded
5911,Tarak Krishnan,Nagercoil
5912,Jatin Anand,Coimbatore
5913,Zilmil Jhaveri,Amravati
5914,Chaman Divan,Rourkela
5915,Brinda Kala,Sirsa
5916,Urvashi Balay,Unnao
5917,Advika Goda,Avadi
5918,Yochana Dey,Miryalaguda
5919,Yoshita Rau,Bongaigaon
5920,Hardik Nagi,Jalgaon
5921,Zashil Sibal,Giridih
5922,Gauri Rao,Jodhpur
5923,Krisha Sule,Narasaraopet
5924,Theodore Bali,Bahraich
5925,Omya Srinivasan,Adoni
5926,Saumya Sekhon,Serampore
5927,Meera Choudhry,Dindigul
5928,Warda Kumer,Nashik
5929,Daksha Dave,Arrah
5930,Nihal Muni,Surendranagar Dudhrej
5931,Omaja Comar,Ratlam
5932,Amol Deol,Gaya
5933,Krishna Shan,Jammu
5934,Jasmit Din,Tirupati
5935,Ekaraj Kulkarni,Adoni
5936,Isaac Bajaj,Kakinada
5937,Matthew Kade,Silchar
5938,Xalak Gera,Nagpur
5939,Vasatika Pai,Nellore
5940,Bahadurjit Raval,Ahmednagar
5941,Tamanna Srivastava,Ballia
5942,Yashoda Chahal,Avadi
5943,Pooja Chaudhry,Ghaziabad
5944,Avi Parikh,Mysore
5945,Ojas Sridhar,Panvel
5946,Varsha Sharma,Kavali
5947,Amara Saha,Gwalior
5948,Nitesh Dugal,Ichalkaranji
5949,Aarna Sankaran,Navi Mumbai
5950,Jyoti Buch,Surendranagar Dudhrej
5951,Maanas Bandi,Chennai
5952,Avni Nadkarni,Thanjavur
5953,Garima Maharaj,Vasai-Virar
5954,Gautami Yadav,Surat
5955,Leela Contractor,Sagar
5956,Hredhaan Narayanan,Kolhapur
5957,Nitesh Sawhney,Darbhanga
5958,Anthony Deo,Nagaon
5959,Naveen Rao,Kishanganj
5960,Jagdish Bhagat,Thoothukudi
5961,Omkaar Mangat,Kolkata
5962,Qarin Virk,Tirunelveli
5963,Laban Dada,Tenali
5964,Bhanumati Ranganathan,Sagar
5965,Champak Prakash,Patiala
5966,Jeremiah Om,Dindigul
5967,Faras Biswas,Ratlam
5968,Mugdha Agate,Howrah
5969,Wyatt Suri,Karaikudi
5970,Nandini Hayer,Allahabad
5971,Sarthak Jani,Bhubaneswar
5972,Kamya Halder,Anand
5973,Aryan Batta,Aurangabad
5974,Yashica Joshi,Alwar
5975,Amrita Kala,Eluru
5976,Turvi Mangat,Kottayam
5977,Upma D’Alia,Erode
5978,Lopa Kalita,Ambala
5979,Leela Natt,Indore
5980,Raghav Patla,Raiganj
5981,Aayush Barman,Kota
5982,Wyatt Dasgupta,Latur
5983,Leena Bir,Mirzapur
5984,Atharv Gupta,Bidar
5985,Ekanta Kari,Farrukhabad
5986,Damini Rau,Bharatpur
5987,Jhalak De,Hazaribagh
5988,Lipika Ray,Thane
5989,Aradhana Mody,Serampore
5990,Tarak Sangha,Cuttack
5991,Priya Ram,Jaunpur
5992,Tristan Gade,Serampore
5993,Lakshmi Ghosh,Jammu
5994,Chaaya Dhawan,Mau
5995,Dhriti Som,Guntur
5996,Dev Bhardwaj,Panvel
5997,Gauri Dixit,Pune
5998,Meghana Yogi,Navi Mumbai
5999,Tanvi Nadig,Jodhpur
6000,Ekta Ramachandran,Surat
6001,Eshana Vasa,Ajmer
6002,Aadi De,Pallavaram
6003,Lakshmi Menon,Shimoga
6004,Gauri Mital,Kurnool
6005,Anita Rau,Bijapur
6006,Ishani Rajagopal,Tadipatri
6007,Vansha Tailor,Jaipur
6008,Kala Boase,Sangli-Miraj & Kupwad
6009,Yamini Keer,Rampur
6010,Charles Dyal,Ahmednagar
6011,Abhiram Sachdeva,Ahmedabad
6012,Harrison Bala,Haridwar
6013,Ria Kanda,Dharmavaram
6014,Simon Sundaram,Gangtok
6015,Amol Sekhon,Dindigul
6016,Kashish Sem,Asansol
6017,Lopa Choudhury,Jaunpur
6018,Wriddhish Virk,Dindigul
6019,Megha Gara,Kadapa
6020,Vedant Lal,Kavali
6021,Naveen Goswami,Varanasi
6022,Lajita Chokshi,Thoothukudi
6023,Reva Anne,Panipat
6024,Varsha Mody,Bhind
6025,Eshana Brahmbhatt,Mahbubnagar
6026,Sai Lata,Tezpur
6027,Lohit Palla,Kishanganj
6028,Pratyush Sane,Ahmedabad
6029,Zaitra Kibe,Mango
6030,Anya Thaker,Shimla
6031,Samar Sheth,Patna
6032,Pahal Vala,Ozhukarai
6033,Kamya Oza,Dindigul
6034,Triya Singh,Kumbakonam
6035,Wahab Kalla,Nangloi Jat
6036,Om Minhas,Pali
6037,Ekansh Sen,Phusro
6038,Madhav Vyas,Avadi
6039,Saumya Parmar,Ulhasnagar
6040,Brinda Bajwa,Amaravati
6041,Yamini Rajan,Tezpur
6042,Yoshita Mand,Hosur
6043,Anya Vala,Madanapalle
6044,Ekaraj Nazareth,Amroha
6045,Urishilla Basak,Bally
6046,Odika Borra,Mau
6047,Bhanumati Raghavan,Vellore
6048,Baljiwan Saraf,Suryapet
6049,Nidra Ramachandran,Ballia
6050,Ria Raju,Thoothukudi
6051,Darpan Kanda,Bangalore
6052,Gopal Keer,Unnao
6053,Krishna Dara,Karnal
6054,Hemal Karnik,Udaipur
6055,Zarna Bala,Ambattur
6056,Vansha Zacharia,Mangalore
6057,Azad Joshi,Mangalore
6058,Orinder Solanki,Yamunanagar
6059,Qasim Koshy,Muzaffarpur
6060,Watika Bal,Solapur
6061,Falan Tailor,Agra
6062,Manthan Warrior,Salem
6063,Zaitra Seshadri,Darbhanga
6064,Daksha Mishra,Tinsukia
6065,Ayaan Shah,Bally
6066,Veda Raju,Hubli–Dharwad
6067,Avi Memon,Kochi
6068,Keya Chander,Raiganj
6069,Gaurangi Bains,Guna
6070,Nandini Swaminathan,Phusro
6071,Matthew Goyal,Kharagpur
6072,Vasudha Chaudhry,Pune
6073,Falak Ratta,Madanapalle
6074,Umang Sangha,Kozhikode
6075,Thomas Deol,Gwalior
6076,Jalsa Chana,Phusro
6077,Ekapad Sule,Baranagar
6078,Meera Bhardwaj,Nadiad
6079,Nirja Chaudhary,Chinsurah
6080,Barkha Wadhwa,Raebareli
6081,Sai Mani,Faridabad
6082,Qadim Sethi,Jamnagar
6083,Ikshita Munshi,Dhanbad
6084,Jasmit Luthra,Bikaner
6085,Aahana Doshi,Mangalore
6086,Thomas Ravel,Chinsurah
6087,Manthan Din,Arrah
6088,Ekansh Bhasin,Junagadh
6089,Rachita Bahl,Mirzapur
6090,Ishita Rao,Proddatur
6091,Nachiket Shetty,Ongole
6092,Lipika Ram,Durg
6093,Bimala Vohra,Kollam
6094,Varsha Tailor,Raichur
6095,Wahab Tella,Moradabad
6096,Pooja Hegde,Kanpur
6097,Anthony Mammen,Mira-Bhayandar
6098,Lohit Tandon,Bihar Sharif
6099,Logan Wason,Berhampur
6100,Ira Bansal,Fatehpur
6101,Fitan Kanda,Baranagar
6102,Dakshesh Dara,Kolhapur
6103,Naveen Murty,Jamnagar
6104,Naksh Dugar,Guwahati
6105,Timothy Rajagopalan,Siwan
6106,Zinal Dhillon,Sri Ganganagar
6107,Pallavi Shukla,Bhind
6108,Sanya Pillay,Jehanabad
6109,Nilima Doshi,Alappuzha
6110,Meera Chaudhry,Shimla
6111,Caleb Bhatti,Coimbatore
6112,Zansi Apte,Bangalore
6113,Jack Ranganathan,Malda
6114,Ishaan Anne,Junagadh
6115,Amaira Solanki,Ambattur
6116,Chaman Dube,Unnao
6117,Falak Murthy,Kozhikode
6118,Qabil Panchal,Orai
6119,Aachal Bhavsar,Sasaram
6120,Manan Tiwari,Bongaigaon
6121,Chandani Saraf,Panvel
6122,Sai Sem,Srinagar
6123,Om Lad,Suryapet
6124,Aadi Narayan,Kamarhati
6125,Shaurya Mane,Khammam
6126,Yasti Kapadia,Amroha
6127,Hemang Dave,Mahbubnagar
6128,Neha Dhaliwal,Ujjain
6129,Lohit Yadav,Noida
6130,Januja Ravel,Siliguri
6131,Jeremiah Lad,Karimnagar
6132,Lakshit Sur,Gudivada
6133,Vedika Brar,Bijapur
6134,Samar Talwar,Bhavnagar
6135,Aadi Ghose,Alappuzha
6136,Vasatika Maharaj,Jalgaon
6137,Tripti Soman,Nashik
6138,Aachal Madan,Narasaraopet
6139,Brinda Sami,Bhusawal
6140,Peter Ray,Imphal
6141,Pahal Vala,Jalandhar
6142,Gaurang Lanka,Bongaigaon
6143,Dalaja Sagar,Raebareli
6144,Harrison Handa,Lucknow
6145,Geetika Kant,Nangloi Jat
6146,Hemangini Bahri,Hazaribagh
6147,Niharika Narayanan,Kakinada
6148,Keya Kala,Anand
6149,Manya Ram,Ahmednagar
6150,Urvashi Sanghvi,New Delhi
6151,Sachi Sule,Mysore
6152,Nitesh Krishnan,Haldia
6153,Kabir Chaudhry,Sonipat
6154,Vritti Chanda,Siliguri
6155,Pahal Sunder,Bilaspur
6156,Yash Kara,Bhiwandi
6157,Idika Dixit,Tiruvottiyur
6158,Lohit Chand,Mahbubnagar
6159,Yamini Batra,Anantapur
6160,Abhiram Naidu,Kulti
6161,Gaurika Ganesh,Raichur
6162,Advik Prashad,Thane
6163,Isaiah Dhaliwal,Bhusawal
6164,Harrison Sanghvi,Panihati
6165,Veda Mammen,Hazaribagh
6166,Zilmil Ramakrishnan,Shimoga
6167,Yatin Luthra,Berhampore
6168,Ijaya Chacko,Tirupati
6169,Vyanjana Kala,Aurangabad
6170,Pranit Anand,Chennai
6171,Agastya Bera,Surat
6172,Fariq Bhattacharyya,Madanapalle
6173,Sneha Lall,Tiruchirappalli
6174,Victor Aggarwal,Nellore
6175,Krishna Edwin,Chittoor
6176,Indira Chawla,Tiruchirappalli
6177,Sai Nagarajan,Srikakulam
6178,Jack Chawla,Berhampore
6179,Chaitaly Roy,Anantapuram
6180,Karan Krishnamurthy,Sasaram
6181,Jackson Chacko,Ichalkaranji
6182,Yashasvi Bhattacharyya,Gopalpur
6183,Harshil Mani,Vijayawada
6184,Aayush Nayar,Ozhukarai
6185,Harrison Rao,Fatehpur
6186,Reyansh Merchant,Faridabad
6187,Yug Kalita,Baranagar
6188,Chaitanya Dhawan,Danapur
6189,Alexander Reddy,Mirzapur
6190,Mason Baral,Jorhat
6191,Arya Padmanabhan,Bidhannagar
6192,Vedhika Bhatt,Bhusawal
6193,Hardik Pall,Munger
6194,Maanas Khurana,Kollam
6195,Sanya Buch,Proddatur
6196,Hamsini Sant,Tezpur
6197,Riya Doshi,Davanagere
6198,Siddharth Nadig,Rourkela
6199,Warhi Aurora,Avadi
6200,Ganga Buch,Raiganj
6201,Rachit Naik,Khandwa
6202,Krishna Chaudhuri,Aurangabad
6203,Chakradev Karnik,Chandrapur
6204,Forum Dixit,Cuttack
6205,Lakshit Grewal,Parbhani
6206,Hemangini Borah,Mirzapur
6207,Bhavna Shan,Mirzapur
6208,Ekaraj Keer,Aizawl
6209,Omisha Krishnan,Amaravati
6210,Xalak Tata,Jalgaon
6211,Jagrati Zacharia,Rajkot
6212,Osha Batra,Kalyan-Dombivli
6213,Advika Comar,Bulandshahr
6214,Ridhi Goyal,Bilaspur
6215,Widisha Sarma,Morena
6216,Amruta Gara,Gudivada
6217,Mitesh Dubey,Anantapur
6218,Rehaan Garg,Rewa
6219,Divya Kamdar,Eluru
6220,Andrew Yogi,Sambhal
6221,Balendra Bahl,Motihari
6222,Harini Bir,Jamshedpur
6223,Lakshit Handa,Durg
6224,Nimrat Kannan,Raipur
6225,Zehaan Aurora,Arrah
6226,Pavani Anand,Proddatur
6227,Kavya Nazareth,Uluberia
6228,Omisha Mani,Morena
6229,Gaurangi Madan,Kota
6230,Amruta Gera,Tiruchirappalli
6231,Kabir Dugar,Sagar
6232,Anmol Kaur,Aizawl
6233,Radha Tella,Jabalpur
6234,Anthony Kala,Firozabad
6235,Tanish Mandal,Thanjavur
6236,Kashvi Pal,Noida
6237,Samesh Modi,Thrissur
6238,Robert Prakash,Narasaraopet
6239,Hemangini Wagle,Ambattur
6240,Maya Karan,Rajahmundry
6241,Gautami Bassi,Kishanganj
6242,Turvi Lanka,Karnal
6243,Madhav Bala,Durgapur
6244,Jeet Nori,Bareilly
6245,Thomas Khare,Berhampore
6246,Farhan Bajaj,Loni
6247,Ucchal Chandra,Chennai
6248,Indali Sheth,Nangloi Jat
6249,Abeer Lall,Ramgarh
6250,Orinder Tara,Tumkur
6251,Mohini Mistry,Rajkot
6252,Daniel Doctor,Ratlam
6253,Pavani Bhattacharyya,Junagadh
6254,Sathvik Gade,Durg
6255,Balvan Karnik,Hosur
6256,Maanav Sarna,Howrah
6257,Noah Kala,Satara
6258,Azaan Sinha,Amaravati
6259,George Zacharia,Gulbarga
6260,Nitara Tak,Tirupati
6261,Yash Krishnamurthy,Bhimavaram
6262,Gauri Kaul,Jamnagar
6263,Pratyush Sridhar,Gandhidham
6264,Vansha Sahni,Chandrapur
6265,Ishani Sem,Bhilwara
6266,Praneel Dada,Bhiwandi
6267,Dipta Patil,Warangal
6268,Tripti Mangat,Jalna
6269,Amruta Korpal,Amritsar
6270,Ekaja More,Korba
6271,Oliver Bose,Maheshtala
6272,Yagnesh Dhar,Cuttack
6273,Nicholas Edwin,Burhanpur
6274,Ishaan Batra,Katni
6275,Mohini Chaudhari,Durgapur
6276,Chatura Mammen,Singrauli
6277,Kala Kashyap,Aurangabad
6278,Radha Kibe,Ghaziabad
6279,Triya Kadakia,Surendranagar Dudhrej
6280,Vihaan Nori,Sagar
6281,Pranav Chadha,Rajkot
6282,Tripti Pingle,Nagaon
6283,Osha Radhakrishnan,Ramgarh
6284,Gauri Subramanian,Karaikudi
6285,Samar Prabhu,Darbhanga
6286,Laban Balakrishnan,Surendranagar Dudhrej
6287,Udyati Nagarajan,Raipur
6288,Aachal Batra,Medininagar
6289,Arjun Bahri,Durg
6290,Raghav Dasgupta,Munger
6291,Priya Uppal,Kota
6292,Yash Dass,Agra
6293,Baljiwan Bumb,Nangloi Jat
6294,Gabriel Basu,Alwar
6295,Utkarsh Bahri,Guna
6296,Ekani Balasubramanian,Agartala
6297,Vedhika Sarma,Gangtok
6298,Viraj Sheth,Morena
6299,Darika Parmar,Bhiwani
6300,Waida Thaman,Katihar
6301,Isaac Oommen,Ajmer
6302,Anirudh Sarin,Bhind
6303,Jhalak Bir,Jodhpur
6304,Nidhi Bal,Silchar
6305,George Bora,Sambalpur
6306,Urvashi Pau,Jammu
6307,Bhavini Zacharia,Tinsukia
6308,Jason Hora,Kota
6309,Pallavi Dewan,Morena
6310,Avi Jain,Madurai
6311,Hemani Baral,Panihati
6312,Jagdish Choudhury,Arrah
6313,Elijah Ahuja,Bardhaman
6314,Pranav Warrior,Varanasi
6315,Advika Trivedi,Gudivada
6316,Ayush Ganguly,Kharagpur
6317,Tejas Setty,Faridabad
6318,Ridhi Ahluwalia,Dharmavaram
6319,Samar Saran,Dewas
6320,Dalbir Kamdar,Gandhidham
6321,Udyati Parikh,Alwar
6322,Gaurav Ramesh,Bhopal
6323,Jalsa Wagle,Agartala
6324,Chaitaly Basu,Etawah
6325,Anamika Sarin,Thane
6326,Wakeeta Char,Jamshedpur
6327,Yashasvi Date,Vasai-Virar
6328,Jeet Batta,Tadepalligudem
6329,Amaira Rattan,Mathura
6330,Yashica Chandran,Nagercoil
6331,Champak Kurian,Gurgaon
6332,Lucky Madan,Farrukhabad
6333,Kalpit Sehgal,Naihati
6334,Sarthak Kalita,Danapur
6335,Sanya Sankaran,Morena
6336,Hredhaan Dube,Panchkula
6337,Wridesh Garde,Bhagalpur
6338,Bhavna Raval,Gulbarga
6339,Zaid Deshmukh,Kurnool
6340,Eta Palla,Thane
6341,Anvi Jayaraman,Bidar
6342,Dayamai Atwal,Naihati
6343,Mitali Batra,Anand
6344,Ria Singh,Junagadh
6345,Panini Chaudhari,Raebareli
6346,Tanvi Vasa,Karaikudi
6347,Yadavi Lal,Kumbakonam
6348,Krishna Upadhyay,Haridwar
6349,Chasmum Bali,Hindupur
6350,Nitara Singh,Satna
6351,Dalbir Hegde,Begusarai
6352,Finn Shenoy,Ranchi
6353,Hiral Prashad,Korba
6354,Faras Ramanathan,Durg
6355,Aditya Ramakrishnan,Deoghar
6356,Lopa Ben,Phagwara
6357,Sanya Agarwal,Bhopal
6358,Zarna More,Indore
6359,Yasti Sankaran,Madurai
6360,Udyati Kannan,Ozhukarai
6361,Rachana Vaidya,Bharatpur
6362,Kevin Chaudhry,Sambhal
6363,Falak Bhakta,Raurkela Industrial Township
6364,Harinakshi Mani,Gandhidham
6365,Jagdish Nair,Dibrugarh
6366,Pranav Solanki,Alwar
6367,Sanya Malhotra,Raebareli
6368,Indali Oak,Mira-Bhayandar
6369,Dayamai Boase,Mangalore
6370,Jeet Ganesan,Tinsukia
6371,Hemangini Mangat,Miryalaguda
6372,Irya Ramaswamy,Vijayawada
6373,Mohini Ratti,Berhampur
6374,Jacob Varghese,Raiganj
6375,Turvi Mander,Gandhinagar
6376,Samaksh Bhasin,Mahbubnagar
6377,Ekansh Yohannan,Rourkela
6378,Unni Nadig,Bhatpara
6379,Frederick Sarna,Bidhannagar
6380,Jacob Bath,Aizawl
6381,Nathan Contractor,Chandigarh
6382,Ekaraj De,Mangalore
6383,Xiti Verma,Chittoor
6384,Shaurya Gokhale,Loni
6385,Anusha Subramanian,Gaya
6386,Rachana Dhar,Latur
6387,Fariq Ganguly,Sonipat
6388,Jalsa Pandya,Tezpur
6389,Kevin Dhawan,Bettiah
6390,Saksham Pandya,Thoothukudi
6391,Charan Misra,Haridwar
6392,Henry Sidhu,Korba
6393,Charan Ahluwalia,Bilaspur
6394,Chaitaly Om,Kharagpur
6395,Anirudh Bath,Amroha
6396,Tanvi Sama,Darbhanga
6397,Rajeshri Rama,Amroha
6398,Warda Chander,Bhagalpur
6399,Jagrati Lad,Chinsurah
6400,Radhika Bath,Bhopal
6401,Bhavani Shukla,Raurkela Industrial Township
6402,Warda Amble,Ramagundam
6403,Ridhi Shetty,Pallavaram
6404,Lakshit Kohli,Kolkata
6405,Isaiah Ramanathan,Sambhal
6406,Vamakshi Varkey,Sasaram
6407,Chaitaly Sethi,Rajahmundry
6408,Baghyawati D’Alia,Alappuzha
6409,Oscar Chadha,Ahmednagar
6410,Girindra Borah,Nizamabad
6411,Sanya Cheema,Amritsar
6412,George Pau,Amroha
6413,Aachal Wagle,Solapur
6414,Zayan Baria,Jamalpur
6415,Atharv Sarraf,Chandrapur
6416,Yashasvi Sankaran,Chandigarh
6417,Xalak Bala,Tinsukia
6418,Fariq Toor,Bhagalpur
6419,Aarna Chandran,Shahjahanpur
6420,Atharv Kalla,Ranchi
6421,Ishwar Varkey,Aurangabad
6422,Gautam Chada,Bellary
6423,Qasim Sandal,Junagadh
6424,Rudra Goel,Aurangabad
6425,Garima Modi,Haridwar
6426,Zehaan Dave,Etawah
6427,Widisha Rattan,Satna
6428,Tamanna Bakshi,Thoothukudi
6429,Peter Solanki,Gudivada
6430,Rudra Setty,Srinagar
6431,Gagan Hans,Bharatpur
6432,Girindra Lalla,Katihar
6433,Nathan Char,Bahraich
6434,Jackson Venkatesh,Pondicherry
6435,Zehaan Chaudry,Suryapet
6436,Ranveer Maharaj,Korba
6437,Divya Mutti,Vijayanagaram
6438,Siya Andra,Mau
6439,Liam Tripathi,Jaipur
6440,Yashodhara Suresh,Kanpur
6441,Hemani Kibe,Nellore
6442,Gaurangi Narang,Tezpur
6443,Turvi Vala,Ramagundam
6444,Ekaja Prakash,Amaravati
6445,Samar Guha,Aizawl
6446,Charvi Char,Eluru
6447,Ridhi Vyas,Pune
6448,Isaac Mammen,Thiruvananthapuram
6449,Harrison Varty,Coimbatore
6450,Yauvani Prabhakar,South Dumdum
6451,Harita Manne,Allahabad
6452,Brinda Mitter,Ichalkaranji
6453,Charita Borde,Khammam
6454,Tarak Mohanty,Davanagere
6455,Zansi Ramesh,Gurgaon
6456,Kamala Nath,Amravati
6457,Jackson Randhawa,Surat
6458,Gautami Sampath,Medininagar
6459,Dominic Kakar,Katni
6460,Sarthak Sarraf,Junagadh
6461,Nidra Bhavsar,Machilipatnam
6462,Chavvi Garde,Baranagar
6463,Diya Pingle,Haridwar
6464,Raksha Chaudhari,Saharsa
6465,Chavvi Bahl,Bikaner
6466,Lakshit Char,Ichalkaranji
6467,Dayita Dora,Sonipat
6468,Charles Mistry,Nagercoil
6469,Timothy Tailor,Patna
6470,Yamini Garg,Pali
6471,Reyansh Bhatti,Ludhiana
6472,Amrita Chander,Kishanganj
6473,Girish Bhatti,Madhyamgram
6474,Anmol Mannan,Vijayanagaram
6475,Vivaan Krishnan,Hajipur
6476,Omkaar Palan,Madurai
6477,Sanya Sengupta,Khora 
6478,Widisha Rana,Thanjavur
6479,Vasudha Dar,Thrissur
6480,Radha Mukherjee,Amritsar
6481,Chanchal Kalita,Bihar Sharif
6482,Niharika Buch,Jehanabad
6483,Wakeeta Agrawal,Shivpuri
6484,Adweta Lalla,Guntakal
6485,Vedant Mukherjee,Hubli–Dharwad
6486,Dominic Suresh,Gwalior
6487,Upadhriti Roy,Jalgaon
6488,Vamakshi Shanker,Rewa
6489,Ria Arya,Mathura
6490,Nitara Swamy,Gorakhpur
6491,Geetika Rajagopal,Jamshedpur
6492,Yachana Khurana,Bikaner
6493,Eesha Chanda,Ahmednagar
6494,Peter Ben,Kakinada
6495,Ekanta Venkatesh,Pimpri-Chinchwad
6496,Ronith Chaudhary,Bhilwara
6497,Ikbal Kaul,Mahbubnagar
6498,Yashvi Cheema,Shimoga
6499,Umang Barad,Gandhinagar
6500,Gavin Grewal,Thoothukudi
