OrderKey,CustomerKey,ChannelKey,PaymentKey
20001,6385,2,3
20002,6250,1,2
20003,5505,1,3
20004,5461,1,3
20005,6444,1,4
20006,5650,1,3
20007,6148,2,3
20008,5590,1,4
20009,5809,1,2
20010,5595,1,3
20011,6463,1,3
20012,5906,2,3
20013,5982,1,2
20014,6104,1,3
20015,5282,1,2
20016,5497,1,2
20017,6307,1,1
20018,5206,1,3
20019,6470,1,1
20020,6396,1,1
20021,6128,1,4
20022,6338,1,4
20023,6333,1,3
20024,5658,1,1
20025,5184,2,2
20026,6096,2,1
20027,5359,1,2
20028,5075,1,4
20029,5382,2,3
20030,5077,1,3
20031,6164,2,1
20032,5687,1,4
20033,6314,2,4
20034,5275,2,4
20035,5559,1,1
20036,5678,1,4
20037,6328,1,2
20038,5029,2,3
20039,5605,2,2
20040,5360,2,4
20041,5876,2,3
20042,5178,1,1
20043,5379,1,4
20044,5663,1,1
20045,5535,1,2
20046,5915,1,3
20047,5619,2,1
20048,5536,2,3
20049,6419,1,1
20050,6368,1,4
20051,5629,1,4
20052,6406,2,3
20053,6414,1,3
20054,5753,2,2
20055,5449,1,4
20056,5314,1,3
20057,5852,2,4
20058,6101,2,2
20059,5507,2,1
20060,6077,1,3
20061,5160,2,1
20062,5127,2,2
20063,6173,2,2
20064,5337,1,4
20065,5239,2,2
20066,6469,2,4
20067,5187,2,4
20068,5114,1,2
20069,6052,1,4
20070,6155,1,4
20071,6378,1,1
20072,5811,1,1
20073,5447,2,1
20074,5093,1,3
20075,6435,1,1
20076,5142,1,1
20077,5588,1,2
20078,5278,2,4
20079,5767,1,4
20080,5774,1,1
20081,6399,2,2
20082,6339,1,1
20083,5366,2,4
20084,6084,1,2
20085,5008,1,3
20086,5949,2,4
20087,6090,1,2
20088,5507,1,3
20089,5318,1,2
20090,6485,1,1
20091,6353,1,1
20092,5493,1,1
20093,5207,2,1
20094,5915,2,1
20095,5502,2,1
20096,5824,1,2
20097,6106,1,1
20098,5287,2,3
20099,5480,2,3
20100,6183,2,3
20101,5486,1,2
20102,6353,2,2
20103,5847,1,3
20104,5125,2,2
20105,6283,2,4
20106,6139,1,1
20107,5706,2,4
20108,6075,1,4
20109,5837,1,3
20110,5771,1,4
20111,5494,1,3
20112,6450,1,4
20113,5119,2,4
20114,5854,2,2
20115,5796,1,3
20116,5417,1,1
20117,5922,1,1
20118,6097,2,2
20119,5106,1,4
20120,6380,2,1
20121,5150,1,2
20122,5982,1,3
20123,5621,1,2
20124,5390,2,1
20125,5981,1,2
20126,5813,1,3
20127,5580,1,4
20128,6093,2,3
20129,5632,1,3
20130,6051,1,4
20131,5202,2,4
20132,5656,1,3
20133,5641,1,1
20134,6153,1,2
20135,5034,1,4
20136,5605,1,2
20137,5676,1,4
20138,6167,1,4
20139,6128,2,3
20140,5528,1,4
20141,5944,1,3
20142,5347,1,4
20143,5377,2,1
20144,6074,1,1
20145,6369,1,1
20146,5845,1,2
20147,5140,2,2
20148,5019,1,4
20149,5765,1,4
20150,6351,1,1
20151,5014,2,4
20152,5025,1,3
20153,6098,1,1
20154,6029,2,4
20155,5368,1,1
20156,6074,1,2
20157,5394,2,3
20158,5726,1,4
20159,5162,1,4
20160,5941,2,2
20161,6428,1,3
20162,6401,1,1
20163,5192,1,4
20164,5773,2,4
20165,5115,2,1
20166,6440,1,1
20167,6024,1,3
20168,6159,1,1
20169,5471,1,4
20170,5556,1,1
20171,6402,1,1
20172,5368,1,1
20173,5425,2,2
20174,6460,1,1
20175,5613,1,2
20176,6161,1,3
20177,5787,2,2
20178,6412,2,1
20179,6026,2,3
20180,5110,1,4
20181,5476,1,3
20182,6240,2,4
20183,5669,1,3
20184,5923,1,2
20185,5729,2,4
20186,5885,1,4
20187,5176,2,3
20188,5505,2,1
20189,5169,1,2
20190,5779,2,2
20191,5798,1,3
20192,5219,1,1
20193,5632,1,3
20194,5553,1,2
20195,5179,1,4
20196,5920,2,4
20197,5212,1,1
20198,5725,2,1
20199,6223,2,3
20200,5789,1,3
20201,5848,1,1
20202,6485,2,2
20203,6172,2,2
20204,6404,1,2
20205,5285,1,3
20206,5550,1,2
20207,5130,1,4
20208,5566,1,3
20209,5992,1,3
20210,5516,1,4
20211,6217,2,2
20212,5938,1,2
20213,5624,1,4
20214,5681,2,4
20215,5675,1,3
20216,5882,2,2
20217,5616,1,2
20218,5982,1,2
20219,5816,1,3
20220,6424,2,4
20221,6180,1,3
20222,5771,1,4
20223,5748,1,2
20224,6213,2,2
20225,6397,2,1
20226,6490,1,2
20227,5898,1,1
20228,5838,2,4
20229,5286,2,3
20230,5496,1,2
20231,6465,1,4
20232,5152,1,4
20233,6193,1,4
20234,6114,1,3
20235,6437,2,1
20236,5224,1,3
20237,5341,2,1
20238,6154,2,4
20239,5680,1,1
20240,5022,1,3
20241,5455,2,2
20242,5913,1,4
20243,5949,2,2
20244,5707,1,4
20245,5215,1,4
20246,5176,1,2
20247,5714,1,3
20248,5933,1,4
20249,5714,1,1
20250,5898,2,4
20251,5654,1,3
20252,5092,2,1
20253,5047,1,1
20254,6387,1,2
20255,6057,1,2
20256,5678,2,4
20257,5947,1,4
20258,6290,1,2
20259,6312,2,4
20260,5811,1,2
20261,5921,2,4
20262,5797,1,2
20263,5422,1,1
20264,6183,1,2
20265,5750,1,2
20266,5938,1,3
20267,6374,1,3
20268,6223,1,4
20269,6203,1,3
20270,5721,1,2
20271,6380,2,3
20272,6259,2,1
20273,6377,1,3
20274,5242,1,3
20275,5240,1,3
20276,6421,1,4
20277,5857,2,2
20278,6178,1,4
20279,5381,1,2
20280,6137,1,4
20281,5592,1,2
20282,5645,1,1
20283,5736,1,4
20284,5280,1,4
20285,6151,2,4
20286,5838,2,4
20287,5852,2,4
20288,6001,1,1
20289,6158,1,2
20290,5599,1,3
20291,5461,2,3
20292,5345,1,4
20293,6126,2,1
20294,6173,1,3
20295,6113,1,1
20296,6473,1,2
20297,5871,1,2
20298,5610,1,4
20299,5539,1,1
20300,5900,1,2
20301,5430,2,3
20302,6456,2,4
20303,5340,2,2
20304,5424,1,1
20305,6168,1,3
20306,6223,2,2
20307,5663,2,3
20308,5593,2,3
20309,6054,2,1
20310,5278,1,1
20311,5568,2,2
20312,6437,1,2
20313,5300,2,3
20314,5507,2,4
20315,6003,1,3
20316,6286,1,4
20317,5926,1,1
20318,5826,2,3
20319,6423,1,4
20320,6000,1,1
20321,5191,2,4
20322,6301,2,3
20323,5130,2,4
20324,5447,1,2
20325,6014,1,3
20326,5581,1,2
20327,6160,1,3
20328,6398,1,1
20329,5204,2,4
20330,5034,1,2
20331,5904,1,1
20332,5877,1,2
20333,6332,1,2
20334,5562,1,3
20335,5513,1,3
20336,6361,2,2
20337,5107,1,3
20338,6487,2,2
20339,5880,2,1
20340,6442,1,1
20341,5438,1,1
20342,5272,2,2
20343,6064,2,4
20344,5020,1,3
20345,5247,1,2
20346,5979,1,2
20347,5785,1,1
20348,5212,1,3
20349,5613,1,4
20350,5273,2,2
20351,5141,2,1
20352,6250,2,2
20353,5902,1,2
20354,6287,2,2
20355,5844,2,4
20356,5445,1,1
20357,5287,1,4
20358,5720,1,3
20359,5287,1,3
20360,6321,1,2
20361,6134,2,3
20362,6415,1,3
20363,5421,2,2
20364,5803,1,1
20365,5491,1,4
20366,5231,1,4
20367,6307,2,1
20368,6082,1,3
20369,5649,1,4
20370,6165,1,3
20371,6119,2,2
20372,5965,1,1
20373,6203,1,1
20374,5537,1,1
20375,5124,1,3
20376,6288,2,4
20377,5868,2,4
20378,5169,2,2
20379,5569,1,3
20380,5162,2,2
20381,5319,2,3
20382,5801,2,1
20383,5636,2,4
20384,6495,1,1
20385,5501,1,4
20386,5238,1,1
20387,5634,2,2
20388,5245,1,2
20389,6437,1,2
20390,6017,1,3
20391,5342,1,2
20392,5551,2,1
20393,5061,1,4
20394,5558,2,1
20395,5539,2,1
20396,6017,1,3
20397,5114,1,2
20398,5754,1,3
20399,5211,2,1
20400,5468,2,1
20401,5091,1,2
20402,5095,1,3
20403,5785,1,2
20404,5073,2,4
20405,5460,1,2
20406,5853,2,3
20407,5556,1,3
20408,5245,2,1
20409,5368,1,1
20410,5822,1,4
20411,5579,1,3
20412,5177,2,4
20413,5017,1,2
20414,5598,2,3
20415,6276,1,4
20416,5755,2,4
20417,5401,2,2
20418,5309,1,4
20419,5049,1,3
20420,6303,2,1
20421,5687,1,4
20422,6490,1,1
20423,5421,2,2
20424,5860,1,1
20425,5292,2,3
20426,5191,1,2
20427,6065,1,3
20428,5939,2,1
20429,6190,1,2
20430,6306,1,1
20431,6213,2,1
20432,5891,2,2
20433,5485,1,3
20434,5646,1,3
20435,5652,1,3
20436,5479,1,2
20437,5279,2,1
20438,5319,1,2
20439,5921,1,3
20440,5833,1,3
20441,5426,1,3
20442,5949,1,1
20443,5186,1,3
20444,6444,2,1
20445,5441,1,2
20446,5187,2,2
20447,5729,1,1
20448,6387,1,3
20449,5357,1,4
20450,5927,2,2
20451,5194,1,1
20452,5287,1,1
20453,5127,1,2
20454,5406,1,3
20455,6406,2,1
20456,6193,2,3
20457,5154,1,1
20458,5405,2,4
20459,5264,1,3
20460,5251,1,4
20461,5104,1,4
20462,6484,1,4
20463,5061,1,4
20464,5354,1,2
20465,5384,1,3
20466,5914,1,1
20467,6258,2,2
20468,6326,1,4
20469,5844,2,4
20470,5125,1,3
20471,5785,1,4
20472,5409,2,2
20473,6292,2,1
20474,5784,2,3
20475,5983,2,4
20476,5705,2,3
20477,5796,1,2
20478,5054,1,2
20479,5061,1,1
20480,5967,2,3
20481,6197,1,2
20482,5206,1,2
20483,5546,2,1
20484,5450,2,4
20485,5727,1,2
20486,5485,2,3
20487,6429,1,1
20488,6441,2,3
20489,6163,2,2
20490,6154,1,4
20491,6111,1,2
20492,6005,1,1
20493,5116,1,2
20494,5041,2,4
20495,5002,1,2
20496,5268,1,2
20497,5663,1,1
20498,5303,2,2
20499,5228,2,3
20500,5149,1,4
20501,6201,1,3
20502,5619,1,2
20503,5323,2,4
20504,6310,1,3
20505,5357,2,3
20506,5458,2,2
20507,5775,1,3
20508,5261,1,1
20509,6438,2,4
20510,6163,1,2
20511,6234,1,2
20512,6310,2,1
20513,6017,1,3
20514,5160,1,3
20515,5655,1,1
20516,6452,2,3
20517,5915,1,3
20518,5430,1,1
20519,5718,1,1
20520,6476,1,1
20521,5791,1,4
20522,5341,1,4
20523,5776,1,4
20524,5208,1,2
20525,5334,1,1
20526,5069,1,1
20527,5653,1,1
20528,5152,1,2
20529,5769,1,1
20530,6121,1,3
20531,6217,2,4
20532,6443,1,4
20533,6339,1,4
20534,5322,1,1
20535,5679,1,2
20536,5839,2,3
20537,6353,1,3
20538,5487,1,1
20539,5805,2,4
20540,5315,1,3
20541,5008,1,1
20542,5604,2,4
20543,5409,1,1
20544,5424,1,3
20545,5168,1,1
20546,5632,1,4
20547,6002,2,3
20548,5187,2,4
20549,5379,1,4
20550,5757,1,4
20551,5092,1,4
20552,5953,1,2
20553,5551,2,1
20554,5310,2,1
20555,5176,2,3
20556,6109,1,2
20557,6134,1,4
20558,6071,1,4
20559,6173,1,4
20560,5613,1,4
20561,6463,1,2
20562,5247,1,2
20563,5343,1,2
20564,5259,1,4
20565,5161,2,4
20566,5414,2,2
20567,6219,1,3
20568,6490,1,1
20569,5795,2,4
20570,6131,1,3
20571,6065,1,1
20572,6435,2,4
20573,5231,1,2
20574,5304,2,1
20575,5217,2,1
20576,5586,2,3
20577,5842,1,4
20578,6342,1,4
20579,5077,1,3
20580,5826,1,4
20581,5080,1,3
20582,6415,1,1
20583,5974,1,3
20584,5042,1,3
20585,5637,1,4
20586,6426,2,1
20587,5467,1,3
20588,5908,1,3
20589,6493,1,1
20590,5385,1,2
20591,5834,2,4
20592,6058,1,1
20593,6056,1,1
20594,5638,2,4
20595,5278,2,1
20596,5356,1,2
20597,5119,1,1
20598,5935,1,3
20599,6444,1,3
20600,5755,1,4
20601,6302,1,1
20602,5496,1,4
20603,6217,1,2
20604,5972,2,3
20605,5706,1,3
20606,6411,1,3
20607,5057,1,1
20608,5334,2,2
20609,5454,2,2
20610,6388,1,3
20611,6335,1,1
20612,6398,1,4
20613,5271,2,2
20614,6232,1,2
20615,5517,2,3
20616,6460,2,3
20617,5868,1,3
20618,5941,1,2
20619,5956,1,4
20620,6198,1,1
20621,6048,2,3
20622,6150,2,3
20623,5612,2,1
20624,5987,1,3
20625,5567,2,3
20626,5568,1,3
20627,5386,1,2
20628,5117,2,4
20629,6353,1,2
20630,6478,1,4
20631,5606,1,4
20632,5829,1,1
20633,6195,2,2
20634,5703,2,2
20635,6406,2,4
20636,6376,1,3
20637,5349,2,2
20638,5602,1,4
20639,5263,2,3
20640,6486,2,2
20641,6393,1,1
20642,5456,1,2
20643,5629,1,3
20644,5762,1,3
20645,5950,1,4
20646,5110,2,1
20647,5968,1,1
20648,6395,1,3
20649,5847,1,2
20650,5282,1,3
20651,5839,2,4
20652,5294,1,2
20653,5166,1,3
20654,6293,1,3
20655,6300,1,1
20656,5926,1,2
20657,5346,2,2
20658,6003,1,2
20659,6259,1,4
20660,5827,1,4
20661,5786,1,1
20662,6094,1,3
20663,5029,1,2
20664,5037,2,1
20665,6284,2,2
20666,5464,2,3
20667,5640,1,1
20668,5786,2,3
20669,5343,1,1
20670,5611,1,4
20671,6491,2,3
20672,5889,2,2
20673,5702,1,3
20674,5386,1,4
20675,5040,1,2
20676,6490,1,2
20677,5045,2,2
20678,5253,1,1
20679,5769,2,3
20680,6096,2,1
20681,6217,1,1
20682,6339,1,1
20683,6413,1,4
20684,5910,1,1
20685,6121,1,4
20686,6438,1,2
20687,6424,2,1
20688,5617,1,1
20689,6357,2,3
20690,6276,2,2
20691,5858,1,1
20692,5579,1,1
20693,6020,1,2
20694,5539,2,2
20695,5734,2,4
20696,5605,1,1
20697,6123,1,2
20698,6410,1,3
20699,5481,1,1
20700,6376,1,1
20701,6176,2,4
20702,5306,1,1
20703,6482,2,1
20704,5525,2,2
20705,5936,1,3
20706,5951,1,1
20707,5358,1,3
20708,5738,2,3
20709,5873,2,1
20710,5195,1,1
20711,5284,2,2
20712,5674,1,4
20713,6274,1,1
20714,5764,1,2
20715,5234,1,4
20716,5935,1,4
20717,6413,1,4
20718,6329,1,1
20719,5272,2,1
20720,5327,1,4
20721,6210,1,4
20722,5372,2,4
20723,5735,2,1
20724,6402,2,2
20725,5990,1,1
20726,5843,1,1
20727,5130,1,3
20728,5026,2,2
20729,6372,1,1
20730,5887,2,2
20731,5987,1,4
20732,5305,2,1
20733,5024,2,2
20734,6036,1,4
20735,5339,1,4
20736,5657,1,3
20737,5570,1,2
20738,6128,2,4
20739,5826,1,1
20740,5941,1,4
20741,5181,1,4
20742,5648,1,4
20743,6339,1,1
20744,5827,1,1
20745,6142,2,1
20746,5187,2,3
20747,6042,2,2
20748,6341,2,4
20749,5699,1,1
20750,5457,1,3
20751,6148,2,4
20752,6468,2,3
20753,6467,1,1
20754,5200,2,2
20755,5005,1,3
20756,6298,1,3
20757,6438,1,1
20758,5337,1,2
20759,6469,2,4
20760,5220,1,2
20761,5385,1,4
20762,5442,1,2
20763,6468,1,1
20764,5849,1,1
20765,5923,1,2
20766,6022,1,1
20767,6134,1,4
20768,6042,1,2
20769,6497,1,1
20770,5794,2,3
20771,6033,1,4
20772,6248,2,2
20773,5561,1,3
20774,5603,1,2
20775,5283,1,3
20776,6437,2,3
20777,6458,2,2
20778,5412,1,3
20779,6407,1,2
20780,6455,2,2
20781,6032,2,3
20782,6455,1,3
20783,6152,1,4
20784,6381,2,3
20785,5866,1,1
20786,5052,1,2
20787,5109,2,1
20788,5410,1,2
20789,5587,2,3
20790,5300,1,3
20791,5418,2,1
20792,5735,1,1
20793,6262,2,2
20794,6326,2,4
20795,5487,2,3
20796,6420,2,1
20797,5782,1,4
20798,6404,1,1
20799,5027,2,3
20800,5416,2,4
20801,5462,2,3
20802,6206,2,2
20803,6485,1,3
20804,5920,1,1
20805,5383,1,1
20806,5773,1,4
20807,5572,2,3
20808,5267,1,3
20809,5012,1,4
20810,6454,1,1
20811,5315,1,1
20812,6281,2,3
20813,6005,2,3
20814,5150,2,3
20815,6077,1,2
20816,6067,1,2
20817,5852,2,4
20818,5189,1,2
20819,5437,2,3
20820,5679,1,3
20821,5448,2,4
20822,6150,2,1
20823,5235,2,3
20824,5913,1,2
20825,5082,2,3
20826,5782,1,4
20827,5526,2,3
20828,5051,2,3
20829,6054,2,4
20830,5997,1,3
20831,6335,1,3
20832,6053,1,1
20833,5343,2,1
20834,6284,1,2
20835,6373,2,2
20836,6404,1,1
20837,5422,2,4
20838,6325,1,2
20839,5049,1,3
20840,5078,1,1
20841,5112,1,3
20842,6143,1,2
20843,5530,1,4
20844,5924,2,4
20845,5887,1,1
20846,5798,2,1
20847,6096,1,1
20848,6200,1,1
20849,5733,2,1
20850,5594,2,3
20851,6243,1,3
20852,5897,1,4
20853,6354,1,4
20854,5321,2,2
20855,5280,2,4
20856,6118,1,2
20857,5611,2,3
20858,5023,2,2
20859,5253,1,1
20860,6173,2,4
20861,6101,2,1
20862,5625,1,3
20863,5434,1,2
20864,5330,1,2
20865,6264,1,2
20866,5235,1,1
20867,6125,1,1
20868,5596,2,1
20869,5514,1,2
20870,6487,2,4
20871,5678,1,2
20872,6375,2,2
20873,5205,1,1
20874,5397,1,4
20875,5923,1,3
20876,6421,2,2
20877,6159,2,3
20878,5648,1,2
20879,5010,1,2
20880,5454,2,4
20881,5567,1,2
20882,6392,2,3
20883,5983,1,4
20884,5735,1,4
20885,6130,1,2
20886,6323,2,1
20887,5575,1,2
20888,5540,2,1
20889,6490,1,1
20890,6039,2,1
20891,6192,2,4
20892,6209,1,1
20893,6130,1,4
20894,6340,1,3
20895,5804,1,3
20896,5275,1,1
20897,5813,1,1
20898,6358,1,2
20899,6053,1,4
20900,5327,1,2
20901,6500,1,3
20902,5083,1,4
20903,5475,1,3
20904,5757,1,1
20905,6370,1,3
20906,5795,1,4
20907,5096,1,3
20908,5212,2,3
20909,5540,2,2
20910,5772,2,4
20911,5749,2,1
20912,6059,1,4
20913,5457,2,4
20914,5723,1,4
20915,5988,2,1
20916,6028,1,4
20917,5340,1,1
20918,6054,2,3
20919,5434,1,2
20920,5323,1,1
20921,6354,1,4
20922,5677,2,1
20923,5987,2,4
20924,5982,1,2
20925,6326,1,1
20926,5500,1,2
20927,6175,2,2
20928,5276,2,1
20929,6173,1,1
20930,5341,1,2
20931,6059,1,1
20932,6474,2,3
20933,5176,1,4
20934,6243,1,4
20935,5350,1,4
20936,6231,1,2
20937,6277,2,3
20938,5344,2,3
20939,5929,2,1
20940,5471,1,4
20941,5271,1,1
20942,5415,2,4
20943,5307,2,1
20944,5364,1,1
20945,6089,2,1
20946,5191,1,2
20947,6236,2,1
20948,6390,2,4
20949,6070,1,3
20950,5089,2,4
20951,5470,1,4
20952,5718,2,1
20953,5872,1,3
20954,5978,1,1
20955,5581,2,4
20956,5528,1,1
20957,6453,2,1
20958,6184,2,1
20959,6065,1,4
20960,6341,1,3
20961,5838,1,1
20962,5317,1,3
20963,5536,2,4
20964,6157,1,3
20965,6394,1,2
20966,5847,2,4
20967,5367,1,4
20968,5520,1,3
20969,6445,1,2
20970,6351,1,2
20971,5915,2,2
20972,5206,1,4
20973,5694,2,1
20974,5330,1,1
20975,5187,1,4
20976,6230,1,1
20977,5132,1,2
20978,5760,1,1
20979,6484,1,4
20980,6258,2,3
20981,6458,2,1
20982,5359,2,4
20983,5900,1,2
20984,6346,2,3
20985,5399,1,2
20986,6260,1,1
20987,5737,1,1
20988,5323,1,3
20989,5819,1,4
20990,5831,2,2
20991,6061,1,1
20992,5185,2,3
20993,6488,2,3
20994,5712,1,2
20995,6242,1,4
20996,5828,2,1
20997,5535,1,4
20998,6037,1,1
20999,6031,1,3
21000,5240,2,3
21001,6102,2,3
21002,6422,1,4
21003,6154,1,2
21004,5696,1,4
21005,6202,1,4
21006,5239,1,1
21007,5784,2,2
21008,6387,2,2
21009,5647,1,3
21010,6058,2,1
21011,6436,1,2
21012,5589,1,4
21013,6380,2,3
21014,5156,2,2
21015,5976,1,3
21016,5448,2,3
21017,5375,2,2
21018,6022,2,2
21019,5481,2,2
21020,5544,1,2
21021,5416,1,3
21022,5320,1,1
21023,5161,2,4
21024,6258,1,1
21025,5988,1,3
21026,6009,2,3
21027,6006,1,3
21028,5815,1,2
21029,5111,2,4
21030,5980,2,1
21031,6030,1,4
21032,6406,1,4
21033,5247,2,4
21034,5647,2,1
21035,5025,2,2
21036,5778,2,1
21037,5667,1,3
21038,5384,2,3
21039,5486,1,4
21040,6256,1,3
21041,5377,1,4
21042,5432,1,3
21043,5748,1,3
21044,5924,1,2
21045,6180,2,2
21046,5205,2,3
21047,5483,2,4
21048,5781,1,2
21049,5307,1,1
21050,5362,1,4
21051,5276,2,3
21052,5997,1,3
21053,6152,2,1
21054,5816,1,2
21055,5123,1,3
21056,5976,2,1
21057,5922,2,3
21058,5533,1,3
21059,6148,2,3
21060,5705,1,4
21061,5249,1,2
21062,6182,2,2
21063,5583,1,3
21064,6379,2,4
21065,5916,1,4
21066,6257,1,4
21067,6294,1,2
21068,6312,1,4
21069,6293,2,4
21070,5147,1,2
21071,5704,1,3
21072,5649,2,3
21073,6455,1,4
21074,5556,1,3
21075,6203,2,4
21076,5848,1,2
21077,5048,1,2
21078,6356,1,1
21079,5432,1,4
21080,5211,1,1
21081,5970,2,1
21082,5054,1,1
21083,5213,1,2
21084,5173,2,4
21085,5634,1,2
21086,5582,1,2
21087,5269,2,2
21088,5059,1,3
21089,5667,1,4
21090,6108,1,4
21091,5277,2,2
21092,6211,2,4
21093,6293,2,4
21094,6073,2,3
21095,5712,1,2
21096,5184,1,3
21097,5750,1,3
21098,5319,1,1
21099,5001,2,2
21100,5705,1,4
21101,6096,1,4
21102,5978,1,1
21103,5882,1,2
21104,5015,2,3
21105,5387,1,4
21106,5809,1,2
21107,6465,2,4
21108,5775,1,3
21109,5163,1,2
21110,6059,2,3
21111,5584,2,3
21112,5846,1,1
21113,5374,1,3
21114,5227,2,4
21115,6266,1,3
21116,6435,2,4
21117,5385,1,1
21118,5312,1,1
21119,5381,1,3
21120,5552,1,4
21121,6490,1,2
21122,5185,1,1
21123,6011,1,3
21124,5861,1,4
21125,5761,1,1
21126,5677,1,2
21127,5115,1,4
21128,5147,2,4
21129,5372,1,3
21130,5782,1,1
21131,6464,1,4
21132,5908,1,1
21133,5408,1,1
21134,6068,2,2
21135,5969,1,3
21136,5662,1,1
21137,6126,2,1
21138,5519,1,3
21139,5407,1,1
21140,6366,1,1
21141,5484,2,4
21142,5665,1,2
21143,5566,2,1
21144,5811,1,1
21145,5087,2,4
21146,6410,2,2
21147,5761,1,2
21148,5323,1,1
21149,6405,2,3
21150,6281,1,1
21151,5729,2,2
21152,6437,2,1
21153,5258,1,2
21154,5649,2,3
21155,5899,2,2
21156,5044,2,4
21157,5734,2,2
21158,5514,1,4
21159,6448,1,3
21160,6112,2,4
21161,5389,2,2
21162,6114,1,3
21163,6500,1,3
21164,6227,2,2
21165,5142,2,2
21166,5921,1,3
21167,6110,1,4
21168,5002,2,4
21169,5380,1,3
21170,6271,1,3
21171,6477,1,4
21172,5389,2,4
21173,6130,1,3
21174,5661,1,3
21175,5227,1,1
21176,5090,1,2
21177,5065,1,1
21178,5995,1,1
21179,5066,2,4
21180,6348,1,3
21181,5101,1,2
21182,6241,2,1
21183,5027,1,4
21184,5164,1,1
21185,5740,2,4
21186,5756,2,1
21187,6264,1,1
21188,5145,1,1
21189,5443,2,1
21190,5208,2,2
21191,6089,1,2
21192,5396,2,2
21193,6168,2,2
21194,6144,2,4
21195,5217,2,3
21196,6382,1,4
21197,5214,1,2
21198,6127,1,3
21199,6347,1,4
21200,5722,1,3
21201,5762,1,4
21202,6487,1,2
21203,6154,2,2
21204,5769,2,3
21205,5738,1,4
21206,5814,1,1
21207,5583,2,1
21208,6061,1,3
21209,5014,1,2
21210,5440,1,1
21211,6413,1,2
21212,5194,1,4
21213,5729,1,2
21214,5543,1,2
21215,5478,1,3
21216,5189,2,4
21217,6166,1,1
21218,6482,1,4
21219,5355,1,1
21220,6220,2,3
21221,5077,2,4
21222,5161,1,3
21223,5713,1,4
21224,5247,1,1
21225,6299,2,4
21226,5111,1,1
21227,5654,2,2
21228,5670,2,2
21229,5314,1,4
21230,5913,2,1
21231,5455,1,3
21232,5808,1,2
21233,5689,1,4
21234,6171,2,1
21235,6123,1,3
21236,5175,1,4
21237,6430,1,2
21238,5985,2,2
21239,6000,1,2
21240,6150,2,2
21241,5497,1,3
21242,5881,1,1
21243,5231,2,4
21244,5868,1,3
21245,5391,1,3
21246,6217,2,1
21247,5625,1,3
21248,6263,1,2
21249,5903,1,2
21250,5409,2,3
21251,5320,2,1
21252,5231,2,1
21253,5498,2,2
21254,5590,1,3
21255,6421,1,3
21256,5922,1,1
21257,5680,1,2
21258,5418,2,3
21259,6124,1,2
21260,6424,2,1
21261,5772,2,1
21262,5524,1,1
21263,5582,1,3
21264,5109,1,1
21265,5137,1,3
21266,6358,2,3
21267,5221,1,3
21268,6330,1,2
21269,5780,2,1
21270,5647,1,1
21271,5382,1,4
21272,6149,2,1
21273,5082,1,3
21274,5684,1,4
21275,5322,1,3
21276,6402,1,3
21277,6281,1,2
21278,6027,1,1
21279,6282,1,4
21280,5061,2,3
21281,5462,1,3
21282,5805,2,2
21283,5180,2,4
21284,6067,2,2
21285,5855,1,2
21286,5874,1,3
21287,5920,2,2
21288,5424,2,2
21289,6190,2,2
21290,5283,1,2
21291,5881,1,2
21292,5651,1,1
21293,5378,1,2
21294,6490,1,3
21295,5848,1,3
21296,5908,2,3
21297,5312,1,1
21298,5270,1,1
21299,6254,2,3
21300,6241,2,2
21301,6222,1,2
21302,6408,1,3
21303,5163,2,4
21304,5275,2,4
21305,6459,2,3
21306,5377,1,4
21307,5971,1,2
21308,5396,1,1
21309,5837,1,3
21310,5846,1,2
21311,5419,1,2
21312,5900,2,4
21313,6409,1,4
21314,5506,1,4
21315,5086,2,4
21316,6475,1,4
21317,6253,2,1
21318,6067,1,4
21319,5936,1,2
21320,6063,2,4
21321,5081,2,4
21322,6058,2,1
21323,5389,1,4
21324,5816,1,3
21325,5945,1,4
21326,5603,2,1
21327,6414,2,2
21328,5950,2,4
21329,5186,2,1
21330,5369,2,2
21331,5806,1,3
21332,5924,1,2
21333,5930,2,2
21334,5932,1,3
21335,5664,2,2
21336,6472,2,1
21337,5187,1,4
21338,6299,1,1
21339,6073,2,4
21340,6489,2,2
21341,5776,2,4
21342,5090,1,3
21343,6159,2,2
21344,5333,1,2
21345,6459,1,4
21346,5631,1,4
21347,5592,2,2
21348,5241,1,2
21349,5008,2,3
21350,5026,1,4
21351,6022,2,1
21352,6246,1,2
21353,5445,2,4
21354,5930,1,4
21355,5163,2,1
21356,5502,2,3
21357,6270,2,2
21358,5101,1,2
21359,5113,2,3
21360,5076,1,1
21361,6367,2,3
21362,5679,1,1
21363,5224,1,2
21364,5331,2,3
21365,6252,2,2
21366,5933,2,3
21367,5074,1,3
21368,5662,1,4
21369,5139,1,1
21370,5600,1,2
21371,5250,2,3
21372,5675,2,4
21373,6075,1,2
21374,6254,1,1
21375,6171,2,1
21376,5991,2,3
21377,5875,2,3
21378,5532,2,3
21379,5266,2,4
21380,6065,2,4
21381,6009,1,2
21382,6452,1,2
21383,5004,1,1
21384,5953,2,1
21385,5425,2,4
21386,5848,1,3
21387,5717,2,2
21388,5024,2,2
21389,6414,1,3
21390,5139,1,3
21391,6038,2,3
21392,5013,1,3
21393,5700,1,1
21394,5360,1,3
21395,5693,2,4
21396,5972,1,2
21397,5987,1,4
21398,6100,1,4
21399,5848,2,1
21400,6068,1,3
21401,6138,2,1
21402,5427,2,3
21403,5725,1,2
21404,5575,1,3
21405,5769,2,2
21406,6170,2,4
21407,5384,2,1
21408,5632,2,3
21409,6454,1,3
21410,5848,1,4
21411,5487,1,4
21412,5620,1,3
21413,5359,1,3
21414,5077,1,1
21415,5909,2,1
21416,5989,2,2
21417,5390,1,4
21418,6073,1,3
21419,5294,1,2
21420,5421,2,1
21421,5941,1,1
21422,5009,1,1
21423,6408,2,1
21424,5683,1,1
21425,5212,2,3
21426,5047,2,3
21427,6309,1,3
21428,5411,1,3
21429,5567,2,3
21430,5904,2,1
21431,5559,1,2
21432,5561,1,1
21433,6276,2,1
21434,5424,2,3
21435,6126,1,3
21436,5290,2,3
21437,6176,1,2
21438,5146,1,3
21439,6108,1,1
21440,5267,1,4
21441,6384,1,1
21442,5786,1,1
21443,5874,1,2
21444,6444,2,4
21445,6263,1,3
21446,5681,1,1
21447,5954,2,2
21448,5191,2,4
21449,5200,1,3
21450,6402,2,4
21451,5964,1,2
21452,5295,2,3
21453,5745,1,2
21454,6433,2,3
21455,5666,1,4
21456,5062,1,4
21457,5232,1,4
21458,5945,1,3
21459,5714,2,2
21460,6041,1,4
21461,6463,1,3
21462,6139,2,1
21463,5619,2,4
21464,5821,2,4
21465,5489,2,2
21466,6123,1,4
21467,5787,1,3
21468,5427,2,4
21469,5892,2,3
21470,6116,2,2
21471,5355,2,1
21472,6458,2,4
21473,5235,2,4
21474,5667,2,1
21475,5912,1,3
21476,5832,1,1
21477,6404,2,4
21478,5671,1,1
21479,5186,1,2
21480,6190,2,1
21481,5301,2,2
21482,5928,2,3
21483,5799,2,4
21484,5401,1,3
21485,5614,2,3
21486,5891,2,3
21487,5183,2,1
21488,6253,2,4
21489,5262,1,1
21490,5757,2,1
21491,5002,2,3
21492,5225,1,1
21493,5482,1,4
21494,6281,1,4
21495,5832,1,4
21496,6117,1,2
21497,5973,1,2
21498,6138,1,3
21499,5855,1,3
21500,6373,1,2
21501,5024,1,1
21502,5295,2,4
21503,6348,1,2
21504,5174,1,4
21505,5934,2,4
21506,6277,1,4
21507,6044,1,4
21508,5788,1,2
21509,5381,1,1
21510,6184,1,2
21511,6459,2,3
21512,5842,2,3
21513,5069,1,4
21514,6444,1,1
21515,6189,1,1
21516,5291,2,3
21517,5953,2,1
21518,6072,2,1
21519,5503,1,1
21520,6401,2,3
21521,6256,1,3
21522,6096,1,4
21523,5930,2,4
21524,6176,2,3
21525,5863,1,3
21526,5593,1,1
21527,6424,2,3
21528,6489,2,3
21529,5126,2,4
21530,6185,1,1
21531,6345,1,1
21532,5588,1,1
21533,5260,2,1
21534,5570,1,2
21535,6262,1,3
21536,5527,1,1
21537,6237,1,2
21538,6350,1,3
21539,5360,1,2
21540,5994,1,1
21541,5703,1,2
21542,6220,1,4
21543,5846,1,2
21544,6354,1,2
21545,5432,2,3
21546,5112,2,3
21547,5238,1,2
21548,5951,1,4
21549,5618,1,2
21550,5778,2,4
21551,5972,1,2
21552,6087,1,1
21553,5592,1,4
21554,6390,1,1
21555,5200,2,3
21556,5885,2,3
21557,5687,1,3
21558,5202,1,4
21559,5945,2,2
21560,6377,2,2
21561,6065,1,2
21562,5642,2,1
21563,6378,1,1
21564,5025,1,1
21565,6076,1,4
21566,5720,1,3
21567,5516,1,1
21568,5049,2,1
21569,5117,2,2
21570,6228,2,1
21571,6451,1,1
21572,6239,1,4
21573,6345,2,2
21574,5228,2,2
21575,5519,1,4
21576,6353,1,4
21577,5567,1,3
21578,5528,1,1
21579,5568,1,4
21580,5796,1,1
21581,5529,1,2
21582,5903,1,4
21583,5411,2,4
21584,5366,2,4
21585,5223,1,4
21586,5448,2,1
21587,5905,2,3
21588,5212,1,1
21589,5145,2,3
21590,5914,1,4
21591,5305,2,1
21592,5078,2,4
21593,5546,1,3
21594,5802,2,1
21595,6056,2,4
21596,5980,1,4
21597,6491,1,2
21598,5007,1,4
21599,5249,2,3
21600,5683,2,3
21601,5821,1,1
21602,5749,2,3
21603,5165,1,3
21604,6327,1,2
21605,6136,1,4
21606,6354,1,3
21607,6426,1,1
21608,6292,2,3
21609,5997,1,4
21610,5389,1,1
21611,5396,1,2
21612,6002,1,1
21613,6108,2,3
21614,6024,2,4
21615,5034,1,3
21616,5115,1,1
21617,5831,1,2
21618,6340,2,4
21619,6389,2,2
21620,6187,1,1
21621,5076,2,2
21622,6002,2,1
21623,5966,2,1
21624,5498,2,2
21625,5030,1,1
21626,5630,1,4
21627,6252,1,1
21628,5218,1,4
21629,6219,2,2
21630,5130,1,4
21631,5691,2,4
21632,5665,1,2
21633,5659,1,1
21634,6215,1,3
21635,5130,1,3
21636,5290,1,2
21637,6427,1,2
21638,5899,1,1
21639,5274,1,4
21640,5324,1,4
21641,5166,1,1
21642,5368,1,3
21643,5853,2,4
21644,6418,1,2
21645,5294,2,3
21646,6072,1,4
21647,5490,1,1
21648,6222,1,4
21649,6254,1,3
21650,5713,1,1
21651,6143,1,2
21652,5241,2,1
21653,6268,1,2
21654,5951,2,2
21655,5567,1,2
21656,5231,1,4
21657,6019,1,2
21658,6373,1,1
21659,6321,1,3
21660,5430,1,3
21661,5685,2,4
21662,5089,1,1
21663,6101,1,2
21664,5060,1,1
21665,5146,1,4
21666,6214,2,3
21667,5859,1,3
21668,5472,1,3
21669,5467,1,2
21670,5845,1,4
21671,5452,1,4
21672,6199,1,1
21673,5893,1,2
21674,6249,1,2
21675,5794,1,2
21676,5938,2,2
21677,6295,1,3
21678,5415,1,2
21679,5066,2,1
21680,5575,1,1
21681,5954,1,4
21682,5351,1,2
21683,5605,2,2
21684,6307,2,2
21685,6184,2,2
21686,5178,1,4
21687,5444,2,4
21688,5948,1,1
21689,6496,1,2
21690,5508,1,4
21691,6187,1,2
21692,6175,1,4
21693,5091,1,4
21694,6033,1,4
21695,6088,1,4
21696,6427,1,4
21697,6015,1,1
21698,6144,1,4
21699,5447,1,3
21700,5606,1,1
21701,5033,1,3
21702,5332,2,4
21703,6169,2,1
21704,5932,1,2
21705,6441,1,2
21706,5759,2,4
21707,6442,2,1
21708,6285,1,4
21709,6415,1,1
21710,5608,1,3
21711,6430,2,2
21712,6403,1,3
21713,5113,2,3
21714,5106,1,4
21715,5749,1,1
21716,5749,1,2
21717,6328,2,1
21718,6149,2,2
21719,5284,1,2
21720,6106,1,4
21721,6189,2,2
21722,5462,1,3
21723,5548,2,4
21724,5568,1,1
21725,5764,1,4
21726,5996,2,1
21727,5963,2,3
21728,5926,2,3
21729,6379,2,1
21730,5386,1,1
21731,5165,1,2
21732,5591,1,1
21733,5338,1,1
21734,6428,1,4
21735,5309,1,1
21736,5601,1,2
21737,5971,1,4
21738,5910,2,1
21739,5598,1,1
21740,5046,1,3
21741,5844,2,3
21742,6343,2,3
21743,5996,2,4
21744,5938,1,2
21745,5628,1,3
21746,5465,1,3
21747,5591,1,2
21748,5724,1,4
21749,5341,2,2
21750,6458,2,3
21751,5374,1,2
21752,5331,1,1
21753,5085,1,2
21754,5903,1,3
21755,5378,1,1
21756,6364,1,3
21757,5303,1,4
21758,6106,1,3
21759,5249,1,4
21760,6023,1,4
21761,5656,1,1
21762,6119,2,3
21763,6326,2,3
21764,5971,1,2
21765,6158,2,4
21766,5694,2,1
21767,6499,1,1
21768,5286,2,1
21769,5631,1,4
21770,6265,1,4
21771,5732,1,3
21772,5113,2,2
21773,6195,2,2
21774,5570,1,1
21775,5172,2,4
21776,6387,2,1
21777,6049,1,2
21778,6005,1,1
21779,6366,1,4
21780,5303,2,4
21781,5758,1,3
21782,5025,1,3
21783,5720,1,4
21784,6149,1,2
21785,6491,1,4
21786,5907,1,2
21787,6491,1,4
21788,5286,2,1
21789,5295,1,3
21790,5973,2,3
21791,5136,2,4
21792,5182,1,4
21793,6309,1,4
21794,5359,2,4
21795,6455,2,2
21796,5409,1,4
21797,5593,2,4
21798,5087,1,3
21799,6012,2,4
21800,5460,1,1
21801,5316,1,3
21802,6312,2,4
21803,5255,2,3
21804,5855,1,4
21805,6409,2,2
21806,5059,1,3
21807,6010,1,3
21808,6191,1,4
21809,5529,2,4
21810,6422,1,3
21811,6050,2,1
21812,5532,1,1
21813,5300,1,4
21814,6420,1,3
21815,5335,1,3
21816,5740,1,3
21817,5100,1,3
21818,6085,2,1
21819,6053,1,2
21820,5194,2,2
21821,6114,1,3
21822,6403,1,3
21823,6404,2,3
21824,5197,2,3
21825,5295,1,2
21826,6062,1,3
21827,5994,1,3
21828,5334,1,2
21829,5317,2,2
21830,5386,2,1
21831,5855,1,1
21832,5239,1,1
21833,5983,1,3
21834,6416,1,2
21835,5906,2,3
21836,5353,2,3
21837,5059,2,1
21838,5456,1,2
21839,6410,1,3
21840,5257,1,2
21841,5161,1,1
21842,5160,1,4
21843,5884,1,2
21844,5221,1,1
21845,5961,1,3
21846,5089,1,3
21847,6368,1,1
21848,5254,2,2
21849,6204,1,2
21850,6374,1,1
21851,5186,1,3
21852,6188,1,3
21853,5329,2,2
21854,6035,2,1
21855,5203,2,1
21856,6084,1,2
21857,5578,1,1
21858,6486,1,2
21859,6033,2,4
21860,5751,2,2
21861,5901,2,1
21862,5371,1,4
21863,5869,1,2
21864,5835,1,3
21865,5254,1,1
21866,6065,1,4
21867,5740,2,3
21868,6142,2,1
21869,5169,1,4
21870,5237,1,3
21871,5936,2,3
21872,6408,1,2
21873,6135,1,3
21874,5877,1,1
21875,5975,2,3
21876,5368,1,4
21877,6377,1,4
21878,5898,2,1
21879,5245,1,4
21880,5821,2,1
21881,5346,1,3
21882,5408,1,2
21883,6219,1,1
21884,5477,1,4
21885,5571,2,3
21886,6319,1,3
21887,5975,2,4
21888,5993,2,3
21889,5302,1,1
21890,5251,1,4
21891,6019,1,2
21892,5061,1,1
21893,5140,1,1
21894,5367,1,3
21895,5313,1,1
21896,5157,2,4
21897,5955,1,3
21898,6356,1,4
21899,6034,1,3
21900,6108,2,1
21901,5065,1,1
21902,5786,1,3
21903,5771,1,4
21904,5074,1,2
21905,6141,2,3
21906,6447,1,4
21907,5883,1,3
21908,6466,1,4
21909,5225,2,4
21910,6352,2,4
21911,5975,2,2
21912,6038,1,4
21913,5540,1,4
21914,6264,2,3
21915,5583,1,1
21916,5058,2,1
21917,5263,1,3
21918,6196,1,3
21919,5780,1,4
21920,5707,1,4
21921,5720,1,2
21922,5508,1,3
21923,6214,1,1
21924,5625,1,3
21925,5348,1,3
21926,5077,1,4
21927,6164,2,4
21928,5547,1,4
21929,6205,1,3
21930,5774,2,4
21931,5661,2,1
21932,6001,1,2
21933,5689,1,3
21934,5342,2,3
21935,5745,1,2
21936,6018,2,1
21937,6098,1,3
21938,5544,1,3
21939,6175,1,2
21940,6280,2,1
21941,6470,2,1
21942,6213,1,3
21943,5138,2,4
21944,5875,1,3
21945,5158,2,3
21946,6034,1,4
21947,6359,2,3
21948,5410,1,4
21949,5515,2,4
21950,6376,2,2
21951,5039,2,2
21952,6182,1,2
21953,6354,2,4
21954,5549,2,4
21955,6160,2,1
21956,6070,1,3
21957,5948,1,2
21958,5309,2,3
21959,5892,1,3
21960,5132,2,2
21961,5845,1,3
21962,6324,1,3
21963,6407,2,2
21964,5832,1,1
21965,5308,1,1
21966,5503,1,4
21967,5995,2,4
21968,5865,2,1
21969,5414,1,3
21970,5280,1,3
21971,5569,2,2
21972,6320,1,4
21973,5041,1,1
21974,5643,2,3
21975,5131,1,3
21976,6376,2,1
21977,5813,2,2
21978,5484,1,1
21979,6069,2,3
21980,6017,1,2
21981,6229,1,3
21982,5675,2,4
21983,5484,1,2
21984,5296,1,2
21985,5439,1,4
21986,5837,1,1
21987,6005,2,3
21988,6433,1,3
21989,6118,1,4
21990,6399,1,3
21991,5297,1,4
21992,6466,1,3
21993,5044,2,1
21994,6357,1,2
21995,5519,2,4
21996,5634,2,3
21997,6404,1,2
21998,5907,1,1
21999,5805,1,3
22000,5185,1,3
22001,5431,1,4
22002,6294,1,4
22003,5070,1,1
22004,6007,1,4
22005,5682,2,4
22006,5206,1,3
22007,6037,1,3
22008,5862,2,3
22009,5929,2,1
22010,5107,2,2
22011,6291,1,2
22012,5007,1,2
22013,6287,1,3
22014,6180,1,1
22015,5324,1,2
22016,6217,2,4
22017,5655,1,4
22018,5274,1,2
22019,6408,2,3
22020,5578,1,1
22021,5849,1,2
22022,5806,1,2
22023,5043,1,2
22024,5183,1,2
22025,5537,2,2
22026,5102,1,4
22027,6230,1,2
22028,5183,1,2
22029,6162,1,1
22030,6472,2,4
22031,5930,2,4
22032,5243,1,2
22033,5391,1,3
22034,6013,1,2
22035,5884,1,2
22036,5580,2,2
22037,5857,1,4
22038,5299,1,3
22039,5537,1,4
22040,5509,1,4
22041,5176,1,4
22042,5273,1,4
22043,6407,1,4
22044,6451,1,3
22045,5150,1,1
22046,5107,1,2
22047,5965,1,1
22048,5011,1,4
22049,5620,1,3
22050,5271,2,1
22051,6189,1,3
22052,5348,2,4
22053,5695,1,2
22054,5184,1,4
22055,5291,1,1
22056,5642,1,2
22057,6023,1,3
22058,5881,1,3
22059,6256,1,3
22060,5893,1,3
22061,6007,1,4
22062,5109,1,2
22063,5112,1,2
22064,5074,1,3
22065,5335,2,4
22066,5894,1,4
22067,5084,1,3
22068,6453,2,4
22069,5938,1,1
22070,6475,1,1
22071,5716,1,2
22072,5582,1,2
22073,6042,1,2
22074,6196,1,2
22075,5853,1,2
22076,6021,2,1
22077,5674,1,3
22078,6396,2,1
22079,5808,1,1
22080,5663,1,1
22081,5167,1,4
22082,5930,2,3
22083,6217,2,1
22084,5675,1,4
22085,5666,2,2
22086,5433,1,3
22087,5662,1,1
22088,6121,2,4
22089,5190,1,3
22090,5365,1,4
22091,5183,1,2
22092,5334,1,4
22093,5584,2,2
22094,5247,1,4
22095,5886,2,3
22096,6403,2,2
22097,5736,2,1
22098,5753,2,2
22099,6003,1,4
22100,5976,1,4
22101,5185,1,3
22102,6258,1,4
22103,6292,1,1
22104,5083,2,3
22105,5950,2,2
22106,6327,2,2
22107,6015,2,1
22108,5596,1,4
22109,5163,1,3
22110,5305,1,3
22111,5510,2,4
22112,5606,2,1
22113,6129,1,1
22114,6052,1,4
22115,5846,1,4
22116,6354,2,3
22117,5728,1,1
22118,6032,1,1
22119,6355,1,2
22120,5374,1,1
22121,5171,1,3
22122,5643,2,4
22123,6373,1,3
22124,5700,1,2
22125,5380,1,3
22126,6380,1,4
22127,6095,1,1
22128,5809,1,1
22129,5352,2,4
22130,5943,2,4
22131,6348,2,4
22132,5621,2,3
22133,6415,2,4
22134,5620,1,2
22135,5277,1,2
22136,5230,1,2
22137,5055,1,4
22138,6329,1,2
22139,5893,2,2
22140,5177,1,4
22141,5304,1,4
22142,5045,1,2
22143,5313,2,4
22144,5994,1,1
22145,5921,2,2
22146,5413,1,4
22147,5105,1,1
22148,5211,2,4
22149,5852,1,3
22150,5076,1,4
22151,5996,2,4
22152,5475,2,1
22153,6082,1,4
22154,6181,1,1
22155,5549,2,4
22156,5970,1,4
22157,6276,2,3
22158,5919,2,4
22159,5043,1,3
22160,6488,1,4
22161,5705,1,2
22162,6040,1,3
22163,6234,2,4
22164,5269,1,4
22165,5854,2,3
22166,5968,1,2
22167,5579,2,1
22168,6367,1,2
22169,5355,1,2
22170,6241,1,1
22171,5852,1,3
22172,5481,1,1
22173,5038,1,3
22174,5732,2,2
22175,5358,2,1
22176,5131,1,4
22177,5234,2,2
22178,5248,2,2
22179,5997,1,3
22180,5728,1,3
22181,5310,2,1
22182,6447,1,4
22183,5937,1,1
22184,6251,2,1
22185,6152,1,1
22186,5343,2,1
22187,5421,1,2
22188,6492,1,4
22189,6037,1,1
22190,5316,2,3
22191,5686,1,1
22192,5414,1,4
22193,5014,1,4
22194,5700,1,2
22195,5175,1,3
22196,6465,1,3
22197,6290,2,2
22198,5311,2,4
22199,5468,1,4
22200,5847,1,4
22201,6058,2,3
22202,5061,1,2
22203,5021,2,1
22204,5174,1,3
22205,5823,1,4
22206,5126,1,1
22207,6353,2,2
22208,6177,1,3
22209,5859,1,3
22210,6478,2,3
22211,5705,1,3
22212,6081,2,2
22213,6435,1,4
22214,6319,1,4
22215,6429,1,4
22216,5405,1,1
22217,5076,2,3
22218,5799,2,2
22219,6066,2,3
22220,5438,1,3
22221,6068,1,2
22222,5048,1,3
22223,5495,1,4
22224,6035,1,1
22225,5764,1,3
22226,5254,1,1
22227,5920,1,1
22228,5929,1,2
22229,6192,2,2
22230,5718,1,3
22231,6366,2,2
22232,6463,1,2
22233,5216,1,2
22234,5740,1,1
22235,5301,2,4
22236,5844,1,1
22237,5128,1,2
22238,5976,1,4
22239,5160,1,4
22240,6205,2,4
22241,5541,2,4
22242,6304,1,4
22243,6412,1,4
22244,5334,1,2
22245,5993,2,4
22246,5265,2,1
22247,6423,1,4
22248,5970,1,2
22249,6145,1,1
22250,6233,1,1
22251,5248,1,3
22252,5083,2,2
22253,5242,1,3
22254,5767,1,3
22255,5996,1,2
22256,5292,2,4
22257,5100,1,3
22258,5442,1,4
22259,5005,1,3
22260,5139,1,4
22261,5986,2,3
22262,6159,1,3
22263,5773,1,2
22264,5284,2,4
22265,5922,2,4
22266,5306,2,3
22267,5183,2,4
22268,5794,1,4
22269,5695,2,1
22270,6374,1,3
22271,6323,1,2
22272,6449,1,3
22273,6150,2,1
22274,6319,2,1
22275,5395,2,1
22276,6168,2,2
22277,5975,2,1
22278,5247,2,2
22279,5039,1,2
22280,5503,2,4
22281,5174,2,3
22282,5823,2,1
22283,6007,1,3
22284,5896,1,4
22285,5050,2,3
22286,5783,1,1
22287,5235,1,2
22288,5585,1,2
22289,5524,1,2
22290,5629,1,2
22291,5121,2,3
22292,5372,1,1
22293,5611,1,1
22294,5656,1,4
22295,5664,1,4
22296,5248,1,2
22297,5491,2,2
22298,6010,2,4
22299,5236,1,1
22300,5652,1,4
22301,5135,1,1
22302,5835,2,2
22303,5039,1,1
22304,5505,2,2
22305,5624,2,4
22306,5914,1,2
22307,5292,1,2
22308,5503,2,4
22309,6137,1,1
22310,5003,1,3
22311,6338,1,1
22312,5124,1,3
22313,6225,1,4
22314,5720,2,2
22315,6199,2,3
22316,5094,1,1
22317,5616,1,4
22318,6431,1,2
22319,6485,2,3
22320,5885,1,3
22321,6397,1,3
22322,6450,1,3
22323,5504,2,3
22324,5700,1,4
22325,6228,1,1
22326,6417,1,1
22327,6247,1,1
22328,5020,2,2
22329,5847,2,4
22330,5805,2,1
22331,6330,2,1
22332,6104,1,4
22333,6377,1,3
22334,5771,2,3
22335,5793,1,1
22336,5256,1,3
22337,5396,1,1
22338,5454,2,1
22339,5576,2,3
22340,5393,1,3
22341,6471,1,2
22342,6012,1,1
22343,5575,1,2
22344,5015,1,4
22345,5228,1,4
22346,5350,2,2
22347,6352,2,2
22348,5134,2,2
22349,5134,1,3
22350,6168,1,3
22351,5393,2,1
22352,6420,2,3
22353,6395,2,4
22354,5005,1,1
22355,5662,1,4
22356,5562,1,4
22357,6015,1,1
22358,6478,1,1
22359,5570,1,4
22360,5648,1,4
22361,5399,1,1
22362,6172,1,2
22363,6413,1,1
22364,5512,1,2
22365,5675,1,1
22366,6283,2,1
22367,5058,1,4
22368,5050,2,3
22369,5513,1,1
22370,5970,1,3
22371,5112,1,2
22372,5150,2,4
22373,5196,2,4
22374,6186,1,1
22375,5125,1,4
22376,5642,2,1
22377,5262,1,4
22378,5113,1,4
22379,5135,1,1
22380,6146,1,3
22381,5782,1,1
22382,6265,1,2
22383,6228,2,1
22384,5929,1,4
22385,5877,2,1
22386,5696,2,1
22387,5930,2,3
22388,6204,1,1
22389,5211,1,1
22390,6215,1,2
22391,6306,2,3
22392,5728,1,4
22393,6485,2,4
22394,5381,1,2
22395,5091,1,2
22396,5639,2,4
22397,6051,2,3
22398,5638,2,2
22399,5302,1,3
22400,6236,1,3
22401,5756,1,2
22402,5118,1,1
22403,5865,1,2
22404,5411,2,2
22405,5141,1,2
22406,6368,1,4
22407,6229,2,3
22408,6185,2,3
22409,6262,1,4
22410,5674,1,1
22411,5931,1,4
22412,5450,1,2
22413,6420,1,4
22414,6278,1,2
22415,5985,2,3
22416,5770,1,4
22417,5378,1,3
22418,5021,1,3
22419,5062,2,1
22420,5292,1,4
22421,5399,2,3
22422,5090,1,2
22423,5406,1,2
22424,5449,1,2
22425,5696,2,2
22426,5366,1,1
22427,5361,1,1
22428,5043,2,2
22429,5777,2,1
22430,5694,1,3
22431,5935,1,3
22432,5763,2,2
22433,6080,2,4
22434,6457,1,1
22435,5296,1,2
22436,5393,2,4
22437,6423,1,3
22438,6228,1,2
22439,5095,2,2
22440,6097,1,2
22441,5672,1,1
22442,6290,1,2
22443,6041,2,4
22444,5429,2,1
22445,5964,2,1
22446,5343,2,4
22447,6322,2,3
22448,6022,2,4
22449,5367,1,3
22450,6077,2,4
22451,6466,1,4
22452,5550,2,4
22453,6307,2,1
22454,5425,1,2
22455,5926,1,4
22456,5448,1,4
22457,5773,2,2
22458,5767,1,1
22459,5276,1,3
22460,5911,2,3
22461,5472,2,1
22462,5953,2,3
22463,5873,1,4
22464,5886,1,3
22465,6019,1,3
22466,5784,1,2
22467,5905,1,3
22468,6322,1,3
22469,5169,1,1
22470,5567,1,1
22471,5243,1,3
22472,5079,2,2
22473,5684,1,3
22474,5513,1,3
22475,5391,2,2
22476,6467,2,3
22477,5018,1,3
22478,5710,1,4
22479,6188,2,1
22480,5967,2,2
22481,5815,1,2
22482,6482,2,2
22483,5972,1,4
22484,6480,1,3
22485,5176,1,2
22486,5879,2,4
22487,5430,1,4
22488,6144,1,3
22489,5285,2,2
22490,5626,2,1
22491,6024,2,3
22492,5696,1,4
22493,5872,2,4
22494,6415,2,3
22495,5668,2,1
22496,6163,1,2
22497,5315,1,4
22498,5781,1,4
22499,5131,2,4
22500,5386,1,1
22501,5674,2,4
22502,6309,1,1
22503,5352,1,2
22504,5066,2,4
22505,5055,1,2
22506,5143,1,3
22507,5422,1,3
22508,6351,2,1
22509,5932,1,3
22510,6062,1,2
22511,5670,1,4
22512,5322,1,2
22513,6099,1,4
22514,5141,1,2
22515,5267,1,3
22516,5886,2,4
22517,5326,2,3
22518,6204,1,4
22519,5565,1,1
22520,5293,1,1
22521,5818,2,2
22522,6077,1,4
22523,5943,1,1
22524,5187,1,4
22525,5711,2,3
22526,5801,2,2
22527,5851,1,2
22528,6266,2,4
22529,5938,1,2
22530,6431,2,1
22531,5806,2,1
22532,5491,1,3
22533,6287,2,3
22534,6366,1,2
22535,6011,1,1
22536,5756,1,1
22537,6034,1,4
22538,5924,1,3
22539,5425,2,1
22540,5947,1,1
22541,6309,2,4
22542,5781,1,4
22543,5399,1,1
22544,5022,1,1
22545,6453,1,3
22546,6373,2,4
22547,5993,1,1
22548,5170,2,2
22549,6462,1,2
22550,5965,1,2
22551,5350,1,1
22552,5363,1,1
22553,6095,2,4
22554,5345,1,1
22555,6388,1,2
22556,5903,1,2
22557,5444,2,1
22558,6383,2,2
22559,5906,2,1
22560,6301,2,1
22561,5800,2,3
22562,5910,1,1
22563,5100,1,2
22564,5512,1,2
22565,5410,1,1
22566,5864,1,1
22567,5691,1,1
22568,5452,1,2
22569,6483,1,1
22570,5852,2,1
22571,5670,1,2
22572,6280,1,4
22573,5877,1,2
22574,5438,1,3
22575,5663,1,1
22576,5824,2,3
22577,5025,1,2
22578,5940,1,1
22579,6348,1,3
22580,5090,1,2
22581,5842,1,4
22582,5209,2,2
22583,5516,1,3
22584,6293,2,4
22585,6389,2,2
22586,5681,1,3
22587,6365,1,1
22588,5687,1,4
22589,5784,2,2
22590,6032,2,1
22591,5477,1,1
22592,5633,1,4
22593,5499,2,1
22594,5123,1,3
22595,6022,1,2
22596,5311,1,2
22597,6315,1,2
22598,6486,2,4
22599,5674,1,3
22600,5651,2,1
22601,6067,1,3
22602,5049,1,3
22603,5702,1,2
22604,6105,1,2
22605,6408,2,2
22606,6246,1,3
22607,5376,1,1
22608,5133,1,1
22609,5395,1,2
22610,5419,1,1
22611,5356,2,2
22612,5484,2,1
22613,5873,2,4
22614,5638,1,2
22615,5502,1,2
22616,6241,1,3
22617,5585,2,4
22618,6302,1,3
22619,5986,1,3
22620,5816,1,2
22621,5965,1,4
22622,6035,2,4
22623,5320,1,1
22624,5782,1,1
22625,5615,2,2
22626,6133,2,2
22627,5527,1,4
22628,5627,1,3
22629,5769,2,4
22630,5148,1,2
22631,6465,1,2
22632,5317,1,1
22633,5027,2,3
22634,6007,1,4
22635,5809,2,3
22636,5787,1,3
22637,6313,2,1
22638,5838,1,1
22639,5789,2,2
22640,5398,1,3
22641,6480,1,4
22642,6301,2,3
22643,6427,1,4
22644,5869,2,2
22645,5497,1,1
22646,5741,2,1
22647,6429,2,2
22648,5536,2,4
22649,6395,1,3
22650,5507,2,2
22651,5026,1,1
22652,6320,2,4
22653,5815,2,1
22654,6062,1,4
22655,5340,1,3
22656,6417,1,4
22657,6201,1,4
22658,6491,1,1
22659,6303,2,3
22660,5293,1,2
22661,5816,2,3
22662,5014,1,4
22663,5004,1,1
22664,6427,1,4
22665,6341,1,4
22666,5350,1,3
22667,5382,2,2
22668,5406,1,2
22669,6030,1,4
22670,6162,1,2
22671,5412,1,2
22672,5393,1,4
22673,5903,2,1
22674,6304,1,1
22675,5601,1,4
22676,5256,1,1
22677,5701,1,2
22678,5979,1,1
22679,5020,1,3
22680,5015,2,1
22681,5199,1,1
22682,5770,2,3
22683,5996,1,3
22684,6238,1,3
22685,5760,2,3
22686,5646,1,3
22687,6363,1,4
22688,6251,1,3
22689,5677,1,1
22690,5936,2,4
22691,6486,1,1
22692,6233,1,3
22693,6433,1,3
22694,5926,2,4
22695,6055,1,2
22696,5007,2,3
22697,5035,2,3
22698,5094,2,3
22699,6389,1,2
22700,6243,1,4
22701,6255,1,3
22702,5877,1,1
22703,5789,1,2
22704,6459,1,1
22705,5262,1,1
22706,5618,2,4
22707,5345,1,1
22708,5988,2,2
22709,5499,1,2
22710,6352,2,1
22711,5217,1,1
22712,5329,1,4
22713,5575,1,3
22714,6364,1,1
22715,6363,1,4
22716,5186,2,3
22717,5459,2,1
22718,6319,1,4
22719,6470,2,4
22720,6340,2,4
22721,5478,1,3
22722,5237,1,1
22723,5229,1,3
22724,6213,1,1
22725,6174,1,2
22726,5642,1,1
22727,5637,1,2
22728,5795,1,3
22729,5748,2,2
22730,6065,2,2
22731,5219,1,1
22732,6103,1,3
22733,5297,1,2
22734,6024,2,4
22735,5302,2,3
22736,5299,2,1
22737,6227,1,3
22738,6029,2,1
22739,5561,2,4
22740,6293,1,4
22741,5597,2,4
22742,5121,1,2
22743,6468,1,2
22744,6435,2,1
22745,5367,1,4
22746,5613,2,2
22747,5045,2,4
22748,5692,1,4
22749,5714,1,4
22750,5148,2,3
22751,5579,2,2
22752,6436,2,4
22753,5200,1,3
22754,6189,1,3
22755,5938,2,2
22756,6183,1,4
22757,6426,1,3
22758,5297,1,2
22759,5401,2,1
22760,5742,2,1
22761,6390,1,4
22762,5875,2,2
22763,5116,1,3
22764,5971,1,1
22765,5241,2,3
22766,6216,1,2
22767,6285,2,4
22768,5502,1,1
22769,5494,1,4
22770,5620,2,2
22771,6337,2,4
22772,6417,2,1
22773,5950,2,4
22774,5564,2,4
22775,5753,1,1
22776,5239,1,1
22777,6002,2,2
22778,5048,2,4
22779,5561,2,1
22780,6215,1,4
22781,5992,2,4
22782,5612,2,2
22783,5204,1,1
22784,6462,2,2
22785,5831,2,1
22786,5807,2,4
22787,5131,2,1
22788,5425,2,1
22789,5371,2,2
22790,5011,2,4
22791,5644,1,1
22792,5264,2,2
22793,6337,1,1
22794,6152,1,1
22795,5174,1,3
22796,5745,2,2
22797,5867,2,1
22798,5509,1,1
22799,6064,1,4
22800,5287,2,4
22801,6424,1,3
22802,6242,2,2
22803,6409,1,1
22804,5486,1,2
22805,5291,1,2
22806,5275,2,2
22807,6212,1,3
22808,5264,2,4
22809,5153,2,3
22810,5534,1,2
22811,5820,1,1
22812,5521,2,4
22813,6423,1,2
22814,5145,2,3
22815,6297,2,2
22816,6464,1,2
22817,5860,1,3
22818,5889,1,1
22819,6237,1,1
22820,5554,1,1
22821,6401,2,4
22822,5136,1,1
22823,5744,1,3
22824,5300,1,3
22825,5021,1,4
22826,5456,1,1
22827,5253,1,3
22828,6206,1,1
22829,6084,1,3
22830,6130,1,1
22831,5099,1,3
22832,5798,1,3
22833,6389,2,4
22834,5977,2,2
22835,5531,1,2
22836,6347,1,2
22837,5776,2,3
22838,5109,2,3
22839,6449,1,4
22840,6448,1,2
22841,5899,1,4
22842,6029,1,3
22843,5877,2,2
22844,5626,2,1
22845,5626,1,3
22846,5185,2,1
22847,5158,2,2
22848,5192,1,1
22849,5174,2,3
22850,6135,1,1
22851,5869,2,2
22852,5983,1,1
22853,5831,1,2
22854,5015,2,4
22855,6439,2,3
22856,5501,2,1
22857,6244,1,2
22858,6382,2,2
22859,5359,1,3
22860,5274,2,3
22861,5105,1,4
22862,5777,1,3
22863,5232,1,2
22864,6105,1,3
22865,5613,1,3
22866,5543,1,1
22867,6293,2,4
22868,5446,1,1
22869,5949,2,4
22870,5118,1,1
22871,6261,1,3
22872,5612,1,1
22873,5011,1,2
22874,5824,1,1
22875,5208,1,4
22876,5405,1,2
22877,5842,1,4
22878,5015,1,3
22879,5464,1,4
22880,5767,1,3
22881,5878,1,3
22882,5223,1,4
22883,5332,1,3
22884,5889,1,3
22885,6453,1,1
22886,5389,1,1
22887,5274,1,4
22888,5679,1,2
22889,6365,1,4
22890,6363,1,1
22891,5863,1,4
22892,6397,2,2
22893,5666,1,4
22894,5270,1,1
22895,5044,1,2
22896,5705,2,1
22897,6402,1,1
22898,6390,1,4
22899,6223,2,1
22900,5890,1,3
22901,5578,1,1
22902,5879,1,2
22903,6494,2,2
22904,5511,1,1
22905,5540,2,2
22906,6365,1,2
22907,5971,2,1
22908,6436,2,2
22909,5387,2,2
22910,5470,1,2
22911,5822,1,3
22912,5394,1,4
22913,5037,2,2
22914,5187,1,4
22915,5835,2,3
22916,6434,2,2
22917,5455,1,4
22918,5982,1,4
22919,6319,1,3
22920,5226,1,3
22921,5575,1,4
22922,5506,1,1
22923,5373,1,1
22924,5107,2,3
22925,5435,1,4
22926,5574,2,1
22927,5883,1,3
22928,6007,1,3
22929,5624,1,1
22930,6371,1,2
22931,5679,1,3
22932,6207,2,3
22933,5488,2,3
22934,5431,2,4
22935,5179,1,2
22936,6290,2,1
22937,5085,2,2
22938,5396,2,4
22939,5203,1,3
22940,5618,2,4
22941,5414,2,2
22942,5090,1,2
22943,5857,2,3
22944,6148,1,3
22945,5919,2,1
22946,5894,1,4
22947,5859,2,1
22948,5342,2,3
22949,6427,1,3
22950,5094,2,1
22951,6421,1,4
22952,6014,2,1
22953,5339,1,4
22954,6152,1,4
22955,6244,1,2
22956,5377,1,2
22957,6172,1,1
22958,6051,1,3
22959,5622,1,3
22960,6451,1,1
22961,5351,1,1
22962,6093,1,3
22963,5081,2,2
22964,5569,1,3
22965,5106,2,2
22966,5431,2,1
22967,5003,2,3
22968,6296,2,3
22969,5665,1,3
22970,6479,1,4
22971,6253,1,3
22972,5118,2,1
22973,5729,1,3
22974,5362,1,1
22975,6101,2,1
22976,6480,2,4
22977,6340,1,2
22978,5906,1,3
22979,5551,1,4
22980,5319,1,2
22981,6495,2,4
22982,5755,1,4
22983,5192,1,2
22984,5941,1,2
22985,5387,2,4
22986,6494,1,3
22987,5044,1,2
22988,5364,1,2
22989,5143,1,1
22990,5874,1,4
22991,6322,1,1
22992,6484,2,2
22993,6489,1,1
22994,5774,1,1
22995,5226,1,1
22996,5271,1,1
22997,5549,1,1
22998,5020,1,3
22999,6449,1,2
23000,5286,1,4
23001,5335,1,3
23002,5981,1,2
23003,5115,2,3
23004,6286,2,1
23005,5044,1,1
23006,6116,1,1
23007,6048,1,2
23008,5003,1,1
23009,5465,1,4
23010,5302,1,3
23011,5463,2,4
23012,6407,2,1
23013,6008,1,1
23014,5460,1,3
23015,5732,1,3
23016,5243,1,1
23017,5089,2,2
23018,5365,1,3
23019,6229,1,4
23020,5308,2,3
23021,6280,1,3
23022,5213,1,4
23023,6356,1,3
23024,6457,1,1
23025,5305,2,2
23026,5656,1,4
23027,5915,2,4
23028,5138,1,4
23029,6489,1,2
23030,5186,1,2
23031,5373,1,3
23032,5654,1,4
23033,5986,2,4
23034,6233,2,3
23035,5284,2,2
23036,5785,1,4
23037,6104,2,4
23038,6091,2,2
23039,5788,1,4
23040,6080,2,2
23041,6440,1,2
23042,5741,1,2
23043,5036,1,4
23044,5274,1,1
23045,5716,1,2
23046,5604,1,2
23047,6130,1,2
23048,5432,1,1
23049,5283,1,2
23050,5774,2,1
23051,6426,1,3
23052,5111,2,1
23053,6358,2,1
23054,5977,2,2
23055,5062,1,3
23056,5290,1,2
23057,5158,1,4
23058,5307,1,4
23059,5287,2,3
23060,5963,1,3
23061,5910,2,1
23062,5588,1,2
23063,5123,2,1
23064,6238,1,2
23065,5023,1,4
23066,6393,1,3
23067,6172,2,3
23068,6453,1,4
23069,5322,1,1
23070,6069,1,2
23071,5434,1,1
23072,5449,1,2
23073,6146,2,1
23074,6419,1,4
23075,5642,2,4
23076,5780,1,1
23077,5761,2,4
23078,5399,1,1
23079,5214,1,3
23080,6236,1,1
23081,5491,1,2
23082,6110,1,1
23083,5434,2,1
23084,5634,1,2
23085,6308,1,2
23086,5552,1,1
23087,6155,1,1
23088,5099,1,1
23089,5633,1,3
23090,5579,1,2
23091,5645,1,3
23092,5266,2,1
23093,5679,1,1
23094,6029,1,1
23095,6203,1,4
23096,6201,1,3
23097,5331,1,4
23098,5162,2,1
23099,6472,1,2
23100,6396,2,2
23101,6472,1,3
23102,5917,1,3
23103,5596,1,4
23104,5082,2,4
23105,5490,1,1
23106,5313,2,4
23107,5200,1,2
23108,5634,2,1
23109,6022,1,4
23110,5643,1,3
23111,5331,1,3
23112,6181,1,3
23113,5183,1,2
23114,6456,1,3
23115,5970,1,4
23116,6332,1,1
23117,6165,1,1
23118,5745,1,4
23119,5838,2,2
23120,5903,1,3
23121,5766,1,4
23122,6037,1,3
23123,6398,1,1
23124,5502,2,1
23125,5317,1,3
23126,5770,1,4
23127,5150,1,4
23128,5947,2,1
23129,5715,1,4
23130,6316,2,4
23131,5224,1,2
23132,6499,1,4
23133,5888,1,4
23134,5674,1,3
23135,5702,2,4
23136,5436,2,4
23137,5235,1,4
23138,5079,2,2
23139,5963,1,2
23140,5656,2,1
23141,6232,1,1
23142,5741,1,4
23143,5438,1,2
23144,5047,2,4
23145,5553,1,2
23146,5172,1,1
23147,5561,1,1
23148,5611,2,4
23149,5860,2,2
23150,6372,1,2
23151,5111,1,4
23152,5701,1,2
23153,5407,1,4
23154,5987,1,2
23155,6427,1,3
23156,6420,2,4
23157,5021,2,2
23158,5160,2,2
23159,5664,2,3
23160,5030,1,4
23161,5303,1,3
23162,5233,2,4
23163,5539,2,1
23164,5923,1,4
23165,6309,2,1
23166,5075,1,2
23167,5861,2,2
23168,6231,1,2
23169,5713,1,2
23170,6392,2,1
23171,5759,1,1
23172,5619,1,1
23173,6433,1,4
23174,5848,1,3
23175,5722,2,4
23176,6072,1,1
23177,5361,1,4
23178,5765,1,2
23179,6112,1,4
23180,5584,2,4
23181,6299,1,1
23182,5180,1,1
23183,6331,1,4
23184,5213,1,1
23185,6298,1,1
23186,6368,1,4
23187,5434,1,4
23188,6130,1,1
23189,5401,1,1
23190,5719,1,4
23191,6321,2,4
23192,5016,1,2
23193,6040,1,3
23194,6349,1,3
23195,5850,2,2
23196,5009,1,1
23197,5032,1,2
23198,5767,2,3
23199,5687,1,4
23200,5496,2,4
23201,5395,2,4
23202,5106,2,4
23203,5264,2,4
23204,6492,1,4
23205,5652,2,2
23206,5896,1,1
23207,6455,1,1
23208,6294,2,4
23209,6285,1,2
23210,5661,1,1
23211,5192,1,4
23212,5024,2,2
23213,5057,2,1
23214,6172,1,1
23215,5268,1,3
23216,5383,1,2
23217,5609,1,2
23218,6488,1,3
23219,6351,1,3
23220,5170,1,1
23221,6308,2,1
23222,5228,1,1
23223,5220,1,3
23224,5537,1,1
23225,5159,1,3
23226,5426,1,1
23227,6006,1,4
23228,5151,1,1
23229,5431,2,4
23230,5769,1,4
23231,5330,1,3
23232,5021,1,1
23233,5241,1,3
23234,5992,2,1
23235,5325,2,3
23236,5250,1,1
23237,6098,1,2
23238,5443,1,1
23239,5445,1,3
23240,5284,1,1
23241,6491,2,2
23242,5549,1,4
23243,5409,1,3
23244,6451,2,3
23245,5957,2,4
23246,5894,2,4
23247,5396,1,2
23248,5406,2,3
23249,5805,1,3
23250,5340,1,4
23251,5888,1,4
23252,6222,2,3
23253,5653,2,1
23254,6244,1,4
23255,5410,2,3
23256,5766,2,1
23257,5921,1,1
23258,6048,1,4
23259,5602,2,3
23260,5816,1,1
23261,5369,1,4
23262,5381,1,2
23263,5149,1,3
23264,5762,1,3
23265,5251,1,3
23266,6410,1,3
23267,5438,1,3
23268,5477,2,1
23269,5790,1,2
23270,6080,1,1
23271,6149,1,1
23272,6176,2,4
23273,6398,1,3
23274,5656,1,2
23275,5102,1,4
23276,5096,1,4
23277,5245,1,4
23278,5351,2,3
23279,6211,1,2
23280,6181,1,3
23281,5037,2,1
23282,5946,1,2
23283,5825,1,1
23284,5691,2,1
23285,5143,1,1
23286,5851,2,3
23287,5563,1,3
23288,5820,1,3
23289,6012,2,1
23290,5806,1,4
23291,6011,2,1
23292,5766,2,1
23293,5060,1,1
23294,5022,1,1
23295,5662,2,4
23296,5464,1,1
23297,5392,2,3
23298,6101,1,1
23299,5532,1,1
23300,5099,1,1
23301,5541,1,4
23302,5553,2,2
23303,5283,2,4
23304,5246,1,3
23305,5304,2,4
23306,6305,1,1
23307,6069,2,2
23308,6184,1,4
23309,5575,1,4
23310,5463,1,3
23311,5607,2,1
23312,5723,2,2
23313,6351,2,2
23314,6424,1,1
23315,6013,1,2
23316,5027,2,2
23317,5959,1,2
23318,5999,1,3
23319,5428,2,3
23320,5639,2,4
23321,6343,1,1
23322,5267,1,3
23323,5790,1,2
23324,5820,1,1
23325,5570,1,2
23326,6406,1,1
23327,5302,1,1
23328,5226,1,1
23329,5944,1,3
23330,5059,1,4
23331,5721,1,1
23332,6128,1,3
23333,5884,1,2
23334,5813,2,4
23335,6041,1,1
23336,5904,1,3
23337,5201,1,4
23338,6500,1,2
23339,5603,1,4
23340,5362,2,3
23341,6085,2,4
23342,6063,1,1
23343,6396,1,2
23344,5228,1,1
23345,5109,1,3
23346,5489,1,1
23347,5565,1,4
23348,5803,1,1
23349,5451,2,3
23350,6015,1,2
23351,5417,1,3
23352,6446,2,3
23353,5007,1,2
23354,6031,2,4
23355,5626,2,2
23356,5349,1,1
23357,5342,1,3
23358,5933,1,1
23359,6365,1,4
23360,5685,1,2
23361,5541,1,2
23362,6392,1,3
23363,5971,2,1
23364,6001,1,4
23365,5225,1,1
23366,6162,2,3
23367,5468,2,2
23368,5301,1,1
23369,5624,2,3
23370,5927,1,3
23371,6118,1,4
23372,5520,1,4
23373,5028,1,3
23374,6455,1,4
23375,5231,1,1
23376,5303,1,2
23377,6351,1,3
23378,6020,1,2
23379,6183,2,4
23380,5737,1,1
23381,5397,1,1
23382,5561,2,4
23383,6080,1,3
23384,6391,1,3
23385,5801,2,4
23386,5566,1,2
23387,5085,2,3
23388,6255,1,4
23389,5932,2,3
23390,5591,1,1
23391,6022,2,2
23392,5956,2,2
23393,6072,1,2
23394,5622,1,3
23395,5133,1,1
23396,5930,1,2
23397,5580,2,1
23398,5109,1,3
23399,5011,1,3
23400,6353,1,1
23401,5515,1,3
23402,5581,2,2
23403,5177,2,3
23404,5293,2,2
23405,5885,2,1
23406,5596,1,1
23407,5970,1,2
23408,6390,2,4
23409,5866,1,1
23410,5536,1,3
23411,5355,2,4
23412,6391,1,2
23413,6400,1,3
23414,5278,1,2
23415,5617,1,1
23416,5609,2,4
23417,6118,1,4
23418,5895,1,2
23419,6079,1,3
23420,6032,2,3
23421,5960,1,4
23422,5956,1,4
23423,5945,1,1
23424,5863,1,2
23425,6260,1,2
23426,6189,2,3
23427,5261,2,3
23428,5110,1,2
23429,5826,2,1
23430,5948,2,4
23431,5112,1,1
23432,5554,2,1
23433,5683,2,1
23434,5596,2,4
23435,6415,1,1
23436,5249,2,1
23437,6437,1,2
23438,6152,2,4
23439,5280,1,2
23440,5617,2,3
23441,6473,1,4
23442,6278,2,2
23443,5235,1,1
23444,5314,2,1
23445,6065,1,2
23446,5419,1,4
23447,5051,2,4
23448,5801,1,1
23449,5615,1,4
23450,5377,1,3
23451,6255,2,4
23452,6348,2,1
23453,5886,1,1
23454,5379,1,2
23455,5350,2,2
23456,5976,1,3
23457,5593,2,1
23458,6206,1,3
23459,6368,1,4
23460,5791,2,1
23461,5951,1,4
23462,5304,1,3
23463,5937,1,4
23464,5023,2,3
23465,5070,2,4
23466,5088,1,2
23467,5959,2,4
23468,5568,1,2
23469,5733,2,2
23470,5715,2,4
23471,6051,1,2
23472,6344,1,3
23473,6344,2,3
23474,5942,2,2
23475,5571,2,3
23476,5807,1,4
23477,5772,1,2
23478,6180,2,3
23479,5266,2,3
23480,6206,2,3
23481,6198,2,4
23482,5139,1,1
23483,5326,1,1
23484,6363,1,4
23485,6392,1,3
23486,5475,2,2
23487,5216,1,4
23488,5861,1,1
23489,6254,1,1
23490,5077,2,1
23491,5905,1,1
23492,5357,1,1
23493,6431,1,4
23494,5273,2,2
23495,5401,1,4
23496,5897,2,3
23497,5462,1,2
23498,5889,2,2
23499,5177,2,1
23500,6289,2,1
23501,5417,1,2
23502,5011,1,4
23503,6164,2,1
23504,5698,1,4
23505,5390,1,4
23506,6026,1,3
23507,6267,2,2
23508,5138,1,4
23509,6281,1,1
23510,6166,1,2
23511,6060,1,1
23512,5242,1,2
23513,5106,2,3
23514,5047,1,3
23515,5515,1,3
23516,5140,1,3
23517,5154,2,2
23518,6061,2,3
23519,5818,2,1
23520,6119,2,1
23521,6194,1,3
23522,6338,1,1
23523,5693,1,3
23524,5411,1,1
23525,5286,1,3
23526,6359,1,2
23527,6011,1,1
23528,5709,1,4
23529,6226,2,1
23530,6130,1,2
23531,5555,2,1
23532,5214,1,4
23533,6040,1,3
23534,5884,1,3
23535,5467,1,1
23536,5054,1,4
23537,6397,2,1
23538,6132,1,1
23539,5793,1,2
23540,5881,2,4
23541,6126,1,1
23542,5897,1,3
23543,5721,1,3
23544,5895,1,2
23545,5476,1,1
23546,5466,1,1
23547,5031,2,2
23548,5117,1,1
23549,5260,1,2
23550,5579,1,3
23551,5717,2,2
23552,5599,1,4
23553,5981,2,1
23554,6345,1,1
23555,5513,2,2
23556,6014,2,3
23557,5452,1,3
23558,5752,2,3
23559,6339,1,3
23560,5654,2,1
23561,5111,1,4
23562,6445,2,4
23563,5573,1,2
23564,5281,2,2
23565,5625,2,2
23566,5252,1,2
23567,5074,1,4
23568,6332,1,1
23569,5044,1,1
23570,5554,1,4
23571,5616,1,1
23572,5572,2,4
23573,6015,1,4
23574,5788,1,1
23575,5460,1,4
23576,5378,2,4
23577,6091,1,3
23578,5065,2,3
23579,5054,2,3
23580,5538,2,2
23581,5057,1,4
23582,5876,2,1
23583,5224,2,4
23584,6478,2,3
23585,6096,1,4
23586,6173,2,3
23587,5333,1,4
23588,5488,1,1
23589,5575,2,3
23590,5176,1,3
23591,5692,2,4
23592,5080,2,3
23593,5741,1,3
23594,6338,2,1
23595,5255,1,3
23596,5542,1,4
23597,5948,1,4
23598,5019,1,1
23599,5735,1,2
23600,5837,1,1
23601,5567,2,3
23602,5132,1,2
23603,5529,1,3
23604,6014,1,2
23605,6291,1,2
23606,6266,2,1
23607,5477,1,1
23608,5378,2,4
23609,6188,1,1
23610,6134,2,2
23611,5125,2,3
23612,5528,1,3
23613,6107,2,1
23614,6230,1,3
23615,5224,1,4
23616,5232,2,1
23617,5486,1,3
23618,6169,1,4
23619,5147,2,4
23620,5580,1,1
23621,5669,2,3
23622,5687,1,3
23623,5964,1,1
23624,5329,1,1
23625,5596,1,1
23626,5218,2,2
23627,5642,2,3
23628,5441,1,1
23629,6346,2,2
23630,5781,2,1
23631,5159,1,4
23632,6104,2,1
23633,6081,1,4
23634,6351,2,4
23635,5650,1,2
23636,6179,1,2
23637,5674,1,3
23638,5473,1,3
23639,5237,2,2
23640,5912,2,4
23641,5742,1,3
23642,6148,2,1
23643,5742,2,4
23644,6240,1,4
23645,5858,1,2
23646,6102,1,4
23647,6381,2,2
23648,6241,1,3
23649,5700,1,1
23650,5167,1,4
23651,6035,1,4
23652,6296,1,2
23653,5930,1,2
23654,5248,1,3
23655,6136,2,4
23656,5207,1,1
23657,5884,1,2
23658,5150,1,4
23659,5865,1,2
23660,5824,2,2
23661,6459,1,1
23662,5690,1,1
23663,6480,1,1
23664,5727,1,4
23665,6292,1,4
23666,5593,1,2
23667,5376,2,1
23668,5312,1,3
23669,6381,2,4
23670,5777,1,4
23671,5362,2,3
23672,5199,1,3
23673,6011,1,1
23674,6156,2,4
23675,5585,1,4
23676,5653,1,2
23677,5086,2,2
23678,5882,2,3
23679,6178,2,3
23680,5204,1,3
23681,5340,1,3
23682,5561,1,4
23683,5459,1,3
23684,5532,2,1
23685,5475,2,3
23686,5289,1,2
23687,6131,2,2
23688,5057,2,1
23689,6106,2,2
23690,5014,1,1
23691,5757,1,3
23692,6170,1,4
23693,6067,1,4
23694,5605,1,1
23695,5911,1,4
23696,5539,1,2
23697,5571,2,1
23698,5725,1,2
23699,6490,1,3
23700,5321,2,3
23701,5566,1,1
23702,6448,2,3
23703,5079,1,1
23704,6445,2,3
23705,5390,2,1
23706,6300,2,1
23707,5504,1,4
23708,5451,2,2
23709,5544,1,2
23710,5993,1,4
23711,5579,1,2
23712,6301,1,2
23713,5007,1,1
23714,6005,2,2
23715,6455,1,1
23716,5857,2,3
23717,6257,1,2
23718,6307,1,4
23719,6087,2,2
23720,5615,1,3
23721,6369,1,4
23722,6291,1,3
23723,6113,1,3
23724,5198,1,1
23725,5589,1,4
23726,5667,1,4
23727,5238,1,4
23728,5654,2,1
23729,5712,2,4
23730,6444,1,4
23731,6002,2,4
23732,6408,1,1
23733,5596,1,2
23734,5838,1,3
23735,5536,2,3
23736,5843,1,4
23737,5871,1,3
23738,5112,1,4
23739,6492,1,3
23740,6304,1,3
23741,5917,1,2
23742,6173,1,2
23743,6281,1,3
23744,5265,2,1
23745,6480,1,4
23746,5185,2,3
23747,5723,2,1
23748,6342,1,2
23749,5742,2,2
23750,5322,2,4
23751,6471,1,3
23752,5331,1,3
23753,5847,1,2
23754,5028,1,1
23755,6079,1,4
23756,5994,1,2
23757,5580,1,1
23758,5472,2,2
23759,5070,1,1
23760,5774,2,4
23761,5269,2,3
23762,5174,1,1
23763,6034,2,4
23764,5042,1,2
23765,5196,2,4
23766,5398,2,3
23767,5663,1,1
23768,5619,1,4
23769,5416,1,3
23770,6344,2,4
23771,5772,1,4
23772,5191,1,4
23773,6149,1,4
23774,5583,2,2
23775,5784,1,4
23776,6491,1,3
23777,6120,2,1
23778,5927,1,1
23779,5814,1,4
23780,5758,1,1
23781,6317,1,3
23782,5295,2,1
23783,5196,2,2
23784,5426,1,2
23785,5172,1,4
23786,6263,1,2
23787,5121,1,3
23788,5844,1,3
23789,5309,1,3
23790,6412,2,4
23791,5012,1,2
23792,6152,1,4
23793,5642,2,2
23794,5660,1,4
23795,6054,2,1
23796,5216,1,1
23797,5770,1,1
23798,5332,2,1
23799,5341,1,4
23800,5233,1,4
23801,6015,1,4
23802,5287,2,4
23803,5818,1,3
23804,5241,1,3
23805,6475,2,3
23806,6071,1,3
23807,6155,2,2
23808,5290,1,2
23809,6258,2,3
23810,6064,2,3
23811,5967,1,2
23812,5677,2,2
23813,5337,2,4
23814,5021,1,4
23815,5368,1,4
23816,5138,1,3
23817,6437,1,2
23818,6422,1,4
23819,5678,1,1
23820,6280,1,2
23821,5137,1,2
23822,5707,2,1
23823,5395,1,3
23824,5873,2,3
23825,5753,2,4
23826,5522,2,2
23827,5159,2,2
23828,5211,2,2
23829,5574,1,3
23830,6155,1,2
23831,6070,2,4
23832,5677,2,3
23833,6262,2,4
23834,5429,1,1
23835,5475,1,1
23836,6260,1,2
23837,5338,1,1
23838,5663,1,1
23839,5281,2,4
23840,5872,2,4
23841,5670,1,1
23842,5494,2,4
23843,5773,1,4
23844,5728,1,3
23845,6087,1,2
23846,5341,2,3
23847,6457,1,4
23848,6148,1,4
23849,6424,1,1
23850,6143,1,3
23851,5365,1,3
23852,5955,2,3
23853,6492,1,2
23854,6264,2,2
23855,5784,1,2
23856,5022,1,4
23857,5740,2,2
23858,5012,2,3
23859,5673,1,3
23860,5520,2,1
23861,6243,1,1
23862,6326,1,4
23863,5816,1,3
23864,5562,2,1
23865,6172,1,4
23866,6245,2,4
23867,6005,1,4
23868,6327,2,1
23869,5079,1,1
23870,6256,2,2
23871,6446,2,2
23872,5270,1,4
23873,5245,1,4
23874,6306,2,1
23875,5644,1,3
23876,5398,2,1
23877,5682,2,3
23878,6453,1,3
23879,6058,1,4
23880,5853,2,1
23881,5134,1,2
23882,6493,1,1
23883,5354,1,1
23884,5565,2,2
23885,6411,2,4
23886,5355,2,1
23887,5638,1,3
23888,5242,1,4
23889,6164,2,1
23890,6160,1,1
23891,5239,1,2
23892,6495,1,2
23893,5651,2,1
23894,5347,1,2
23895,6307,1,4
23896,5167,2,2
23897,5631,2,2
23898,5272,1,1
23899,5777,2,3
23900,5365,1,2
23901,6158,1,4
23902,5463,1,3
23903,5409,1,3
23904,5532,2,4
23905,5542,1,4
23906,5728,2,3
23907,5715,2,4
23908,6293,2,2
23909,5076,2,4
23910,5319,2,2
23911,6439,1,3
23912,6324,2,3
23913,5425,1,3
23914,5186,2,2
23915,5529,1,4
23916,5535,1,1
23917,6059,2,2
23918,5974,1,4
23919,6202,1,3
23920,6155,1,1
23921,5661,2,1
23922,6290,1,1
23923,5326,1,4
23924,5686,1,1
23925,5384,1,3
23926,5334,1,2
23927,5045,1,4
23928,6216,2,4
23929,6497,1,4
23930,5499,1,3
23931,6231,1,4
23932,6390,1,3
23933,5083,1,1
23934,5863,1,3
23935,6183,1,1
23936,5336,2,2
23937,5616,2,2
23938,6164,1,2
23939,6359,1,1
23940,5186,1,2
23941,5709,1,4
23942,5339,1,1
23943,6349,1,2
23944,5353,1,3
23945,5165,1,2
23946,5417,1,1
23947,6484,1,2
23948,6403,2,3
23949,5011,1,2
23950,5706,1,4
23951,6127,2,4
23952,6432,1,4
23953,6369,1,4
23954,6447,1,1
23955,5794,1,3
23956,5274,1,3
23957,5580,2,4
23958,6223,1,1
23959,5711,1,1
23960,5455,2,2
23961,5482,1,3
23962,5697,2,1
23963,6251,2,4
23964,5159,2,2
23965,5283,1,2
23966,5091,1,3
23967,5892,1,3
23968,5787,2,2
23969,5872,1,3
23970,5638,1,4
23971,5072,1,4
23972,5368,1,4
23973,6398,2,1
23974,5953,1,3
23975,6406,2,1
23976,6344,1,1
23977,5330,1,2
23978,6177,2,4
23979,6406,1,1
23980,5996,2,4
23981,5866,1,3
23982,5871,1,1
23983,6237,1,3
23984,5970,2,3
23985,6096,1,1
23986,5367,1,4
23987,6382,1,2
23988,5015,1,3
23989,5405,2,4
23990,5891,1,4
23991,5577,1,1
23992,6003,1,3
23993,5103,2,3
23994,5517,1,3
23995,6383,1,1
23996,6112,1,2
23997,5601,1,4
23998,5036,1,3
23999,5610,2,1
24000,6221,1,3
24001,6499,1,4
24002,5510,1,1
24003,6096,1,2
24004,6489,1,4
24005,5883,1,3
24006,5939,2,2
24007,6073,2,4
24008,5084,1,3
24009,5764,1,2
24010,6248,2,1
24011,5783,2,1
24012,5692,2,3
24013,5866,1,1
24014,5377,2,3
24015,6478,2,1
24016,5888,1,2
24017,6170,1,3
24018,6261,2,2
24019,6422,1,3
24020,6175,1,2
24021,5895,1,2
24022,5567,2,1
24023,6239,1,2
24024,6389,1,3
24025,5011,1,2
24026,5039,1,2
24027,5563,1,4
24028,6227,2,3
24029,5199,1,2
24030,5038,2,3
24031,5453,1,3
24032,6492,2,4
24033,6205,1,3
24034,6109,1,4
24035,6143,1,3
24036,5698,1,3
24037,5911,1,4
24038,6022,1,2
24039,6379,1,3
24040,5826,1,1
24041,6294,1,3
24042,5171,1,3
24043,5623,1,3
24044,5925,2,4
24045,5061,1,2
24046,6279,1,4
24047,5851,1,3
24048,6140,2,4
24049,5481,1,2
24050,5776,2,1
24051,5199,1,2
24052,5433,1,3
24053,5366,1,4
24054,6127,1,3
24055,5446,1,3
24056,5655,1,1
24057,6361,2,3
24058,6029,2,4
24059,5462,1,4
24060,5951,1,4
24061,5322,1,4
24062,5591,1,3
24063,5951,2,2
24064,6400,1,4
24065,6189,2,4
24066,5857,1,2
24067,6304,1,2
24068,5284,2,1
24069,6228,2,4
24070,5047,1,2
24071,5341,2,4
24072,6402,1,3
24073,5047,2,4
24074,6131,2,2
24075,5331,1,3
24076,6481,1,2
24077,5968,2,2
24078,5661,1,3
24079,5133,1,2
24080,6183,1,4
24081,5502,2,4
24082,5496,1,4
24083,6025,2,1
24084,6238,1,2
24085,5502,1,1
24086,5015,2,1
24087,6397,2,4
24088,6065,1,4
24089,5145,1,3
24090,6467,2,1
24091,6466,2,1
24092,5899,1,1
24093,5600,1,1
24094,5745,1,4
24095,5878,1,1
24096,5299,1,1
24097,6479,1,3
24098,5846,2,3
24099,5291,1,4
24100,5431,1,1
24101,5676,2,1
24102,5939,2,4
24103,5502,1,3
24104,5605,2,4
24105,5678,1,3
24106,6164,1,1
24107,5287,1,3
24108,5054,1,3
24109,6155,1,3
24110,5629,2,2
24111,6163,2,3
24112,5974,2,4
24113,6379,1,2
24114,6424,1,2
24115,6245,1,4
24116,5527,2,2
24117,5058,1,3
24118,5304,2,1
24119,5532,1,4
24120,5977,2,2
24121,5705,2,2
24122,6203,2,3
24123,6072,1,4
24124,5994,2,2
24125,6076,1,2
24126,5992,1,1
24127,6370,1,3
24128,5461,1,2
24129,5460,1,3
24130,6247,2,1
24131,6332,1,3
24132,6022,1,1
24133,6074,1,2
24134,5745,2,1
24135,5817,2,1
24136,5675,2,1
24137,5556,2,1
24138,5115,1,2
24139,5502,1,2
24140,6413,2,2
24141,5468,2,4
24142,5364,1,3
24143,6131,1,1
24144,5390,2,1
24145,5272,2,3
24146,5125,1,2
24147,5500,2,4
24148,5951,1,1
24149,5654,2,1
24150,5403,1,1
24151,5906,1,4
24152,5405,1,2
24153,6226,1,3
24154,6166,1,4
24155,5229,2,4
24156,6317,1,4
24157,5002,1,4
24158,6232,1,4
24159,6293,1,3
24160,6039,1,3
24161,6322,1,3
24162,6090,1,3
24163,5564,2,3
24164,6282,1,1
24165,5374,1,1
24166,5654,2,4
24167,6016,1,2
24168,5135,1,3
24169,5194,1,3
24170,6307,2,2
24171,5397,1,2
24172,5437,1,3
24173,5656,2,4
24174,5211,2,3
24175,6249,1,2
24176,5664,1,2
24177,5812,1,2
24178,6250,2,2
24179,5667,2,4
24180,6339,2,4
24181,6488,1,2
24182,5539,1,3
24183,5760,1,3
24184,5684,2,3
24185,5646,1,3
24186,5872,2,4
24187,5855,1,4
24188,5114,1,3
24189,6323,1,4
24190,5562,1,2
24191,5428,2,3
24192,5604,1,1
24193,5660,1,4
24194,5668,2,2
24195,5441,2,4
24196,5562,1,1
24197,5498,1,3
24198,6481,1,4
24199,5095,2,4
24200,6409,2,4
24201,5512,1,4
24202,5122,1,1
24203,6310,1,3
24204,6102,1,4
24205,5583,1,4
24206,5276,2,1
24207,5665,2,4
24208,5311,1,3
24209,6176,1,1
24210,5898,1,3
24211,6173,2,3
24212,6141,2,3
24213,6413,1,2
24214,5140,2,3
24215,5740,1,2
24216,5378,1,4
24217,5467,1,3
24218,5683,1,3
24219,5523,2,1
24220,5288,1,4
24221,5876,1,4
24222,5099,2,1
24223,6050,1,1
24224,6159,1,1
24225,6033,1,4
24226,5579,2,3
24227,6300,1,1
24228,6158,1,1
24229,6090,1,1
24230,6176,1,2
24231,5150,2,4
24232,5568,1,4
24233,5312,2,3
24234,5150,1,3
24235,5930,2,4
24236,5044,1,3
24237,5014,2,4
24238,5039,1,2
24239,5661,1,2
24240,5531,1,3
24241,6091,1,2
24242,6177,1,2
24243,5387,1,2
24244,5632,1,1
24245,5054,2,1
24246,5261,2,3
24247,5142,1,3
24248,5472,2,2
24249,5414,1,2
24250,5869,1,2
24251,5445,1,1
24252,5282,1,1
24253,5769,1,4
24254,5428,1,1
24255,5916,1,4
24256,5407,1,4
24257,6209,1,1
24258,5359,2,1
24259,5334,1,1
24260,6002,2,3
24261,5649,1,2
24262,5431,1,3
24263,5979,1,1
24264,5936,1,1
24265,5779,1,4
24266,5205,1,3
24267,5635,1,4
24268,6336,1,2
24269,6437,1,4
24270,5966,1,3
24271,6495,2,3
24272,5093,1,2
24273,5364,2,1
24274,5263,2,2
24275,5288,2,4
24276,5080,1,2
24277,6354,1,3
24278,6265,1,2
24279,5859,1,2
24280,6063,1,2
24281,5748,1,2
24282,5062,1,2
24283,5627,1,3
24284,5544,2,3
24285,5059,1,3
24286,5059,1,1
24287,5296,1,1
24288,6105,1,2
24289,5324,1,1
24290,5715,1,1
24291,5860,1,1
24292,5975,1,4
24293,6100,1,2
24294,6236,2,1
24295,5638,1,4
24296,5527,1,3
24297,6345,2,3
24298,6257,2,1
24299,5979,1,2
24300,5258,1,2
24301,5293,1,1
24302,5195,2,4
24303,5579,2,1
24304,5512,1,3
24305,5379,2,3
24306,5674,2,4
24307,6369,2,3
24308,5270,1,4
24309,5768,2,2
24310,6187,2,1
24311,5789,2,1
24312,5406,1,1
24313,5293,2,1
24314,5488,1,4
24315,5661,1,4
24316,5991,1,2
24317,6288,2,4
24318,5926,1,4
24319,6273,1,4
24320,5242,2,3
24321,6343,2,3
24322,5691,1,3
24323,5699,1,4
24324,6359,1,3
24325,6064,1,1
24326,5749,1,1
24327,6113,1,1
24328,5466,1,1
24329,5247,2,3
24330,5259,1,3
24331,5927,1,1
24332,6034,1,4
24333,6047,1,2
24334,6394,1,1
24335,5407,2,3
24336,6077,2,2
24337,6153,2,1
24338,6092,1,2
24339,6421,2,2
24340,5767,1,1
24341,6394,1,2
24342,6467,1,4
24343,5415,1,1
24344,5821,1,4
24345,6069,1,4
24346,5959,1,2
24347,6478,1,1
24348,5154,1,3
24349,5428,2,1
24350,5122,1,2
24351,5295,1,2
24352,5497,1,2
24353,6324,1,4
24354,6212,1,2
24355,5718,1,2
24356,5566,1,4
24357,5253,2,2
24358,5422,1,2
24359,6377,1,3
24360,5023,2,1
24361,6067,1,1
24362,6288,2,4
24363,5476,2,4
24364,5612,1,4
24365,5315,1,3
24366,5558,1,4
24367,5524,1,4
24368,5873,2,2
24369,6454,2,4
24370,5597,1,1
24371,5182,2,3
24372,5495,2,4
24373,6437,1,4
24374,5117,2,1
24375,5574,2,3
24376,5516,2,3
24377,5860,2,3
24378,5731,1,1
24379,5208,2,4
24380,5498,2,4
24381,5454,2,4
24382,6364,1,1
24383,6452,1,4
24384,6243,2,4
24385,5087,2,1
24386,6210,2,1
24387,6179,1,1
24388,5489,1,4
24389,5807,2,1
24390,5712,2,4
24391,5944,2,1
24392,5817,2,4
24393,6371,1,2
24394,6162,1,1
24395,6292,1,1
24396,5599,1,1
24397,6494,1,3
24398,5735,2,3
24399,5722,1,3
24400,5914,1,3
24401,5939,2,3
24402,5329,1,3
24403,5822,1,2
24404,6024,1,3
24405,5721,2,2
24406,5649,1,1
24407,6479,1,4
24408,5641,2,4
24409,6310,1,4
24410,5415,1,4
24411,5719,1,4
24412,5741,1,2
24413,5662,1,1
24414,5389,2,3
24415,6037,2,3
24416,6147,2,2
24417,5816,2,1
24418,5407,1,1
24419,6458,2,4
24420,5540,1,3
24421,6092,1,4
24422,5273,1,1
24423,5602,2,1
24424,5664,1,4
24425,5084,1,2
24426,6368,1,1
24427,6013,1,2
24428,5503,1,4
24429,6327,1,2
24430,5026,1,2
24431,5043,2,4
24432,5899,1,2
24433,5845,1,4
24434,6285,2,4
24435,5536,2,3
24436,5540,1,3
24437,5747,1,3
24438,6107,1,1
24439,6420,1,3
24440,6439,1,2
24441,5198,2,4
24442,6097,1,1
24443,6238,1,3
24444,6470,2,2
24445,5953,1,1
24446,5943,2,4
24447,6019,2,4
24448,5133,1,1
24449,6147,1,1
24450,5712,1,2
24451,5131,2,3
24452,5134,2,3
24453,6167,1,1
24454,6462,2,4
24455,5883,2,2
24456,5812,1,4
24457,5635,2,3
24458,5677,1,4
24459,5296,2,3
24460,5014,2,1
24461,6459,1,1
24462,5146,2,1
24463,6085,1,2
24464,5399,1,2
24465,5372,1,4
24466,6493,1,3
24467,5183,1,4
24468,6176,2,4
24469,5835,1,4
24470,5284,1,2
24471,5197,1,3
24472,5364,2,4
24473,5517,1,1
24474,5378,1,4
24475,5411,1,3
24476,6326,2,1
24477,5696,1,1
24478,6073,1,1
24479,6242,1,1
24480,6399,1,1
24481,5346,1,1
24482,5010,1,4
24483,5628,1,3
24484,5143,1,2
24485,6304,2,4
24486,5373,2,2
24487,5708,1,2
24488,6229,1,2
24489,5903,2,2
24490,6040,1,4
24491,5063,2,1
24492,6101,1,3
24493,5597,1,3
24494,6399,1,2
24495,5205,1,2
24496,6236,1,3
24497,5932,2,4
24498,5918,1,1
24499,5693,1,3
24500,5290,1,4
24501,5386,1,1
24502,5734,1,4
24503,6351,2,1
24504,6065,1,3
24505,6080,2,4
24506,6119,2,2
24507,5579,1,2
24508,5918,1,3
24509,6283,1,4
24510,5892,1,1
24511,6005,1,4
24512,5214,1,4
24513,6249,1,3
24514,6020,1,1
24515,6081,1,2
24516,5183,1,2
24517,6313,1,1
24518,6095,1,1
24519,5621,1,2
24520,5721,2,1
24521,6402,1,2
24522,6042,1,1
24523,5440,1,4
24524,5381,1,3
24525,5150,2,2
24526,6015,1,1
24527,5093,1,2
24528,6412,1,3
24529,5010,1,3
24530,5363,1,2
24531,5762,1,1
24532,5320,1,2
24533,6274,2,3
24534,5866,2,3
24535,5420,2,3
24536,5839,2,1
24537,5852,1,4
24538,5570,1,4
24539,5520,2,1
24540,6284,2,4
24541,5086,2,4
24542,5264,2,2
24543,5145,2,1
24544,5237,1,4
24545,5137,1,3
24546,5343,2,3
24547,6395,2,4
24548,5584,2,3
24549,5584,2,3
24550,5223,1,4
24551,5414,1,4
24552,5412,1,1
24553,5961,1,1
24554,5229,1,1
24555,5795,1,1
24556,6421,1,2
24557,5893,2,3
24558,5898,2,2
24559,5906,2,1
24560,6358,2,2
24561,5431,2,3
24562,5090,2,1
24563,5313,1,3
24564,5360,1,4
24565,5411,2,1
24566,5802,1,2
24567,5598,2,1
24568,5462,1,2
24569,5688,2,4
24570,5052,1,1
24571,5504,2,3
24572,6141,1,2
24573,6121,1,1
24574,5229,2,1
24575,5840,2,1
24576,6267,2,2
24577,6483,1,3
24578,5079,1,1
24579,6402,1,1
24580,5781,1,1
24581,5794,2,1
24582,5460,2,1
24583,6155,2,1
24584,5041,2,4
24585,6171,2,4
24586,5579,2,4
24587,5921,2,2
24588,6399,1,3
24589,5707,2,4
24590,5982,1,4
24591,6099,1,2
24592,5296,1,2
24593,5796,1,2
24594,5754,2,1
24595,5885,1,2
24596,5088,1,4
24597,6456,2,2
24598,5824,1,3
24599,5427,1,4
24600,5856,1,4
24601,5910,1,4
24602,5745,1,3
24603,6363,1,2
24604,6482,2,2
24605,5504,1,2
24606,6165,1,3
24607,5949,2,4
24608,5768,2,3
24609,5438,1,2
24610,5964,1,4
24611,5616,2,4
24612,5105,1,2
24613,5692,2,2
24614,6351,1,4
24615,5370,1,1
24616,6422,1,4
24617,6163,2,2
24618,5560,2,2
24619,6314,1,2
24620,5309,1,3
24621,5960,1,2
24622,5997,1,1
24623,6385,1,1
24624,5176,1,1
24625,5109,1,1
24626,5642,1,2
24627,5309,1,3
24628,5136,1,3
24629,6195,1,4
24630,5694,2,2
24631,5594,1,1
24632,6151,1,2
24633,5335,1,1
24634,6091,2,4
24635,5325,2,4
24636,6434,1,2
24637,5233,2,2
24638,5912,1,1
24639,5278,1,4
24640,5777,1,2
24641,5041,2,3
24642,5904,2,2
24643,5917,1,4
24644,6376,2,3
24645,5696,1,3
24646,5142,1,2
24647,6279,1,4
24648,5307,1,2
24649,6299,1,3
24650,6457,1,3
24651,6235,1,1
24652,6274,2,4
24653,5347,1,3
24654,5394,2,3
24655,6066,1,4
24656,5653,1,1
24657,6330,1,3
24658,5539,1,4
24659,5692,1,3
24660,6345,1,1
24661,5682,2,1
24662,5268,2,1
24663,6175,1,3
24664,5780,1,4
24665,5779,1,1
24666,6424,2,3
24667,6428,1,3
24668,5752,2,4
24669,5834,2,3
24670,5272,1,3
24671,6132,1,4
24672,5577,1,1
24673,5922,2,1
24674,6365,1,1
24675,5048,1,1
24676,5498,1,2
24677,5765,1,2
24678,6172,1,1
24679,5155,1,1
24680,5699,2,1
24681,5320,2,4
24682,6293,1,1
24683,6255,1,1
24684,6443,1,2
24685,5167,1,1
24686,6471,1,1
24687,5887,2,2
24688,5431,1,1
24689,5793,1,2
24690,5975,1,4
24691,6240,2,2
24692,5961,1,1
24693,5907,1,1
24694,5163,1,2
24695,5540,1,2
24696,6434,1,1
24697,5386,1,3
24698,5467,1,4
24699,6302,2,3
24700,6232,1,3
24701,5447,1,3
24702,5707,2,2
24703,6087,1,3
24704,5577,1,1
24705,5127,1,4
24706,5705,2,1
24707,6270,1,1
24708,6381,2,4
24709,5025,2,1
24710,5653,2,3
24711,6430,2,1
24712,6166,1,3
24713,5924,1,4
24714,5759,1,3
24715,6002,1,2
24716,5468,2,2
24717,5088,2,3
24718,5840,1,4
24719,5665,1,4
24720,5952,1,2
24721,5291,2,4
24722,5860,1,2
24723,5649,1,2
24724,5819,1,1
24725,5890,2,2
24726,5310,2,2
24727,5445,1,1
24728,5802,1,2
24729,5555,1,2
24730,5045,1,4
24731,5325,1,3
24732,5467,1,4
24733,6243,2,4
24734,5887,1,2
24735,5999,2,1
24736,5724,1,1
24737,5663,2,4
24738,6245,1,2
24739,5482,2,4
24740,5444,1,4
24741,5027,1,2
24742,5694,2,3
24743,6401,2,4
24744,6253,1,2
24745,6085,1,3
24746,6485,1,2
24747,5757,2,4
24748,5130,1,4
24749,5758,1,2
24750,5429,1,2
24751,5641,2,4
24752,5575,2,3
24753,6183,1,2
24754,5261,1,2
24755,6451,2,2
24756,5511,1,4
24757,5040,1,1
24758,5787,1,3
24759,5167,2,4
24760,5948,2,3
24761,5138,1,4
24762,5396,1,2
24763,5746,1,4
24764,5506,1,1
24765,5671,1,4
24766,6151,1,3
24767,5656,1,3
24768,6239,2,2
24769,6323,1,1
24770,5606,2,1
24771,5400,2,3
24772,5509,1,4
24773,6435,1,3
24774,5535,1,2
24775,5607,1,1
24776,6335,2,4
24777,5162,1,4
24778,5303,1,4
24779,6138,1,4
24780,5644,1,3
24781,5934,1,2
24782,6447,2,4
24783,5584,1,2
24784,5662,1,1
24785,5108,1,4
24786,5756,1,3
24787,6476,1,1
24788,6288,1,3
24789,5811,1,3
24790,6256,1,3
24791,5664,2,1
24792,6048,1,2
24793,6018,1,1
24794,5287,1,1
24795,6071,1,2
24796,5189,1,3
24797,5693,1,4
24798,5704,1,4
24799,5821,2,1
24800,6075,1,4
24801,6423,1,1
24802,5425,1,2
24803,5237,1,2
24804,5491,1,1
24805,5108,2,2
24806,5981,1,1
24807,5449,1,2
24808,5282,2,3
24809,5662,1,4
24810,5040,2,3
24811,6009,1,4
24812,6127,1,1
24813,5410,2,1
24814,5428,1,4
24815,5015,1,1
24816,6192,1,2
24817,5814,1,2
24818,6099,1,3
24819,5545,2,3
24820,6047,1,2
24821,5413,2,3
24822,5686,1,3
24823,5534,1,1
24824,6333,1,4
24825,5060,1,4
24826,5420,1,1
24827,5086,1,1
24828,5422,1,3
24829,6413,2,2
24830,6215,1,3
24831,5950,1,2
24832,6161,1,2
24833,6047,1,3
24834,5026,1,2
24835,5684,1,4
24836,6475,1,3
24837,5938,1,2
24838,6007,1,3
24839,6367,1,1
24840,6263,1,1
24841,5064,2,1
24842,5023,1,1
24843,5622,1,4
24844,6493,2,2
24845,5200,1,3
24846,5441,2,2
24847,5867,2,3
24848,5156,1,4
24849,6339,1,3
24850,5072,1,3
24851,5291,1,4
24852,5420,1,1
24853,5976,1,1
24854,5231,1,2
24855,5933,2,3
24856,5554,1,4
24857,5130,2,2
24858,5442,1,4
24859,6389,1,1
24860,5077,1,4
24861,5954,1,2
24862,5028,2,1
24863,6345,1,3
24864,6454,1,4
24865,5416,1,1
24866,6375,1,2
24867,5481,2,4
24868,5004,2,1
24869,6154,1,4
24870,5475,2,1
24871,5587,1,1
24872,6225,1,4
24873,5968,2,2
24874,5765,2,3
24875,6488,2,2
24876,5657,2,3
24877,5834,1,4
24878,5763,1,3
24879,5599,1,4
24880,6384,2,4
24881,5738,1,1
24882,6234,1,2
24883,5682,1,4
24884,5924,2,2
24885,5088,1,2
24886,6227,1,2
24887,6175,1,2
24888,6420,1,1
24889,5859,1,1
24890,6065,1,1
24891,5522,2,2
24892,5465,2,3
24893,6002,1,3
24894,6499,1,4
24895,6072,2,4
24896,5449,2,3
24897,5836,2,1
24898,5463,2,4
24899,5319,2,2
24900,6467,1,1
24901,6015,1,1
24902,6424,1,2
24903,5832,1,2
24904,6110,2,1
24905,5392,1,1
24906,5064,1,1
24907,5425,1,1
24908,5138,1,4
24909,5244,1,3
24910,6355,1,1
24911,6430,2,3
24912,5703,1,3
24913,5427,1,4
24914,6269,2,4
24915,6301,2,1
24916,6391,1,1
24917,6024,1,3
24918,5064,1,4
24919,5786,2,1
24920,5866,2,3
24921,6403,1,1
24922,5779,1,4
24923,5178,1,3
24924,6114,1,1
24925,5503,2,1
24926,5932,1,3
24927,5495,2,4
24928,5071,1,3
24929,6132,2,4
24930,5444,2,4
24931,5195,1,2
24932,6216,2,1
24933,6037,1,1
24934,6029,1,4
24935,5563,2,4
24936,6098,2,1
24937,5519,2,1
24938,6430,2,4
24939,5357,1,3
24940,5334,1,3
24941,6232,1,4
24942,5225,2,2
24943,5158,1,4
24944,5996,1,1
24945,5794,2,2
24946,5772,1,3
24947,5375,1,3
24948,6399,2,4
24949,5469,2,4
24950,6436,1,1
24951,5337,1,2
24952,6240,2,1
24953,5898,1,3
24954,6432,1,1
24955,6451,2,3
24956,6301,2,1
24957,5858,1,1
24958,5572,1,4
24959,5138,1,1
24960,5539,2,3
24961,5973,1,2
24962,5282,1,1
24963,5332,1,2
24964,6362,1,4
24965,6352,2,3
24966,6142,1,4
24967,5137,2,2
24968,6193,1,1
24969,6147,1,2
24970,5415,1,3
24971,5273,2,4
24972,5023,1,1
24973,6045,1,1
24974,6075,2,3
24975,6200,2,1
24976,5622,1,3
24977,5500,1,2
24978,5387,2,4
24979,5980,1,2
24980,5203,1,4
24981,6133,2,1
24982,5300,2,2
24983,6045,1,1
24984,5979,2,1
24985,6160,1,2
24986,6284,1,3
24987,5462,1,4
24988,5123,1,1
24989,5657,1,1
24990,5395,2,3
24991,5801,1,2
24992,5261,1,4
24993,6324,2,2
24994,5495,2,3
24995,6019,1,4
24996,6229,1,4
24997,5136,2,1
24998,6443,1,1
24999,5757,1,4
25000,5576,1,3
25001,5622,2,3
25002,5632,1,4
25003,5791,2,2
25004,5962,1,1
25005,6417,1,3
25006,6092,2,1
25007,5516,2,3
25008,5556,1,2
25009,5642,1,2
25010,6160,1,3
25011,5628,1,3
25012,6061,2,4
25013,5571,1,4
25014,6372,2,2
25015,6256,1,3
25016,5390,2,3
25017,6460,2,3
25018,5419,1,2
25019,5241,2,3
25020,6308,1,2
25021,6225,2,3
25022,5375,2,4
25023,5768,1,4
25024,5992,2,3
25025,6164,1,3
25026,5300,1,1
25027,5518,1,4
25028,6128,1,1
25029,5137,1,3
25030,6014,1,3
25031,6047,2,4
25032,5408,1,1
25033,5876,2,4
25034,6220,1,4
25035,5896,1,3
25036,5245,1,2
25037,5252,1,1
25038,5085,1,3
25039,5221,2,3
25040,5261,1,4
25041,5420,1,1
25042,5021,1,3
25043,6279,2,3
25044,5583,1,2
25045,5473,1,3
25046,6132,1,2
25047,5311,1,3
25048,5451,1,4
25049,5417,2,1
25050,5329,1,3
25051,5996,1,1
25052,5505,1,2
25053,5496,1,2
25054,5356,1,3
25055,5220,1,2
25056,6375,1,4
25057,6188,2,4
25058,5914,1,2
25059,5206,1,4
25060,6460,1,4
25061,5308,2,4
25062,6260,1,1
25063,6109,1,2
25064,6379,1,4
25065,6074,1,3
25066,5043,1,4
25067,5906,2,2
25068,5764,1,1
25069,6231,2,4
25070,5345,1,2
25071,5447,1,3
25072,5830,1,2
25073,6465,1,2
25074,5778,2,4
25075,5050,2,2
25076,6322,2,1
25077,5927,2,1
25078,5797,2,3
25079,5737,1,1
25080,6006,1,4
25081,5869,1,4
25082,5523,1,2
25083,5552,1,3
25084,5981,1,2
25085,5449,2,2
25086,5075,1,3
25087,5099,1,1
25088,6449,1,1
25089,6261,2,1
25090,5513,1,3
25091,5928,1,3
25092,5291,1,3
25093,5381,1,4
25094,5639,1,1
25095,5475,1,1
25096,6173,2,2
25097,5591,2,4
25098,5867,1,2
25099,5036,1,1
25100,5138,1,3
25101,5367,2,1
25102,5948,2,3
25103,6482,1,2
25104,6093,1,2
25105,5018,1,2
25106,5558,2,1
25107,6026,2,1
25108,5807,1,2
25109,5100,1,2
25110,5271,1,3
25111,6176,1,4
25112,5504,1,2
25113,6455,1,2
25114,5332,2,1
25115,5138,1,2
25116,5002,1,4
25117,6084,1,4
25118,6128,2,4
25119,6076,1,3
25120,6241,2,4
25121,5515,2,4
25122,5342,2,4
25123,5259,1,2
25124,5151,2,3
25125,5612,1,4
25126,5784,1,3
25127,5766,1,3
25128,5998,1,1
25129,5442,1,2
25130,5922,2,2
25131,6330,1,4
25132,5501,1,1
25133,5466,1,3
25134,5997,1,4
25135,6460,1,3
25136,5420,1,2
25137,5852,1,2
25138,5299,2,1
25139,5606,1,1
25140,5718,1,4
25141,6339,1,1
25142,6226,1,3
25143,6050,2,4
25144,5083,1,1
25145,5722,1,2
25146,5636,2,2
25147,5023,1,2
25148,6457,2,3
25149,5123,1,2
25150,6292,2,3
25151,5050,1,4
25152,5685,2,4
25153,5711,2,3
25154,5584,1,1
25155,6059,2,1
25156,5898,1,4
25157,6053,1,1
25158,5315,1,3
25159,6353,2,4
25160,6499,2,3
25161,5295,1,2
25162,5191,2,4
25163,5565,1,2
25164,5086,1,3
25165,5025,1,2
25166,5857,2,2
25167,5856,1,4
25168,6121,2,3
25169,5432,1,1
25170,5335,1,3
25171,6490,1,1
25172,5449,1,2
25173,6378,1,1
25174,5164,2,4
25175,5702,2,3
25176,5961,1,3
25177,6294,2,3
25178,6079,1,3
25179,6217,1,2
25180,5046,1,4
25181,5558,1,3
25182,6022,2,4
25183,5106,2,3
25184,5528,1,2
25185,6137,1,2
25186,5510,1,2
25187,5202,2,3
25188,5846,2,4
25189,5859,2,3
25190,5613,1,2
25191,5333,2,4
25192,6358,1,3
25193,5117,1,4
25194,5886,1,4
25195,5970,1,3
25196,5759,1,3
25197,5483,1,4
25198,5812,2,2
25199,5831,1,2
25200,5587,1,2
25201,5689,1,3
25202,6216,1,1
25203,5207,1,1
25204,5018,1,4
25205,6009,1,2
25206,5106,1,4
25207,5364,1,2
25208,5597,1,3
25209,6365,2,1
25210,5083,1,3
25211,5677,1,1
25212,6194,1,1
25213,6259,1,2
25214,5349,1,4
25215,5221,1,3
25216,6261,2,1
25217,6255,1,2
25218,5134,1,3
25219,5323,2,1
25220,6017,2,2
25221,6412,1,1
25222,5806,1,2
25223,6424,1,4
25224,5735,2,3
25225,5602,2,4
25226,5857,1,3
25227,6365,1,2
25228,5493,1,2
25229,6441,1,1
25230,5163,1,1
25231,5303,1,4
25232,5259,1,1
25233,5579,1,3
25234,6187,1,4
25235,5892,1,1
25236,6320,2,3
25237,6453,1,4
25238,6344,1,3
25239,5321,1,2
25240,5707,1,1
25241,5065,1,4
25242,5383,1,4
25243,6349,1,3
25244,5921,1,3
25245,6449,1,3
25246,6161,2,2
25247,5016,1,3
25248,5852,1,4
25249,5686,1,1
25250,5288,1,4
25251,5570,1,2
25252,5856,1,1
25253,6294,1,3
25254,6260,1,3
25255,5006,1,4
25256,6027,1,2
25257,5303,1,3
25258,6088,1,2
25259,5891,2,1
25260,5932,2,3
25261,6104,1,1
25262,5583,1,1
25263,5835,2,1
25264,5972,1,4
25265,6247,2,2
25266,5646,2,2
25267,5921,1,3
25268,6336,1,2
25269,6369,2,3
25270,5809,1,1
25271,6087,1,1
25272,5455,1,2
25273,5814,1,4
25274,5098,1,3
25275,6097,2,4
25276,5034,2,3
25277,6230,2,1
25278,6018,2,2
25279,6094,2,3
25280,5238,1,4
25281,6149,2,3
25282,5363,2,2
25283,5030,2,4
25284,5164,1,2
25285,5983,1,1
25286,5266,2,3
25287,5347,2,3
25288,6376,1,4
25289,5332,1,2
25290,6494,1,3
25291,5200,1,3
25292,6111,2,1
25293,5157,1,1
25294,5007,1,1
25295,5554,1,1
25296,5925,1,1
25297,6025,2,4
25298,6047,1,4
25299,6369,2,3
25300,5171,1,1
25301,5724,1,4
25302,5388,2,3
25303,6486,1,1
25304,5130,1,2
25305,5701,1,2
25306,5981,2,3
25307,5062,1,4
25308,5886,1,4
25309,5435,1,2
25310,6272,2,4
25311,6201,2,1
25312,5465,2,4
25313,6142,1,4
25314,5660,2,3
25315,5408,1,1
25316,5928,1,1
25317,6170,1,1
25318,6362,1,3
25319,5852,2,1
25320,5646,1,1
25321,5275,1,1
25322,6215,1,4
25323,6013,2,3
25324,5246,2,1
25325,6307,1,2
25326,5640,2,4
25327,5601,1,1
25328,5113,1,2
25329,6426,1,4
25330,5314,1,3
25331,5844,1,3
25332,5154,1,3
25333,5615,1,1
25334,5054,1,3
25335,5379,2,1
25336,5282,2,1
25337,5743,1,1
25338,5542,1,3
25339,5254,1,2
25340,6193,1,2
25341,5101,1,3
25342,6127,2,1
25343,6460,2,3
25344,6132,2,3
25345,5206,1,1
25346,5639,1,1
25347,6348,1,3
25348,5107,1,1
25349,5194,2,1
25350,5219,1,1
25351,5961,1,4
25352,6110,1,3
25353,5326,2,2
25354,5168,1,2
25355,5380,2,1
25356,6292,1,4
25357,5448,2,2
25358,5347,2,2
25359,5836,1,3
25360,6182,2,2
25361,6009,2,2
25362,5122,1,2
25363,6256,2,4
25364,5395,2,3
25365,5706,1,4
25366,6210,1,3
25367,5552,1,1
25368,6448,1,3
25369,6328,2,4
25370,5003,1,4
25371,6210,1,3
25372,6416,1,2
25373,6313,2,1
25374,6375,1,2
25375,6457,1,2
25376,5512,2,1
25377,6498,1,4
25378,5273,1,3
25379,5231,2,1
25380,6335,1,1
25381,6426,1,4
25382,5220,1,2
25383,5916,1,2
25384,6484,2,1
25385,5756,1,4
25386,5776,2,3
25387,5909,2,2
25388,6301,1,2
25389,5798,1,2
25390,6364,2,2
25391,6004,1,3
25392,5896,1,3
25393,5007,1,4
25394,5325,1,1
25395,5940,2,3
25396,5418,1,1
25397,5589,1,3
25398,5573,1,4
25399,5029,1,1
25400,6202,1,3
25401,5621,2,2
25402,5921,1,3
25403,5977,1,3
25404,5329,1,2
25405,5898,1,1
25406,5481,2,4
25407,5788,1,2
25408,5225,1,3
25409,6070,1,1
25410,5557,2,3
25411,5827,1,1
25412,6162,1,2
25413,5580,1,2
25414,6369,2,2
25415,6286,1,1
25416,5306,1,3
25417,6413,2,4
25418,6164,1,1
25419,5986,1,2
25420,5223,2,3
25421,6477,1,3
25422,6426,1,2
25423,6288,1,3
25424,5197,1,4
25425,6280,1,2
25426,5666,1,3
25427,5731,1,2
25428,6091,1,4
25429,5467,1,1
25430,6413,1,1
25431,6158,1,2
25432,5842,1,2
25433,5957,1,1
25434,5211,2,4
25435,6472,1,2
25436,5440,1,3
25437,5199,1,3
25438,5024,2,4
25439,5247,1,4
25440,5429,1,3
25441,5485,2,1
25442,5192,1,2
25443,5091,1,3
25444,6109,1,1
25445,6003,1,4
25446,5678,1,1
25447,6032,2,2
25448,6179,1,1
25449,5875,2,3
25450,5731,1,2
25451,5056,2,1
25452,6285,2,1
25453,6367,1,2
25454,5353,1,2
25455,5093,2,2
25456,5402,1,2
25457,5272,1,4
25458,5126,2,4
25459,5463,2,2
25460,5065,1,2
25461,5751,2,3
25462,6407,1,2
25463,6409,1,2
25464,5971,1,1
25465,5351,1,1
25466,6092,1,4
25467,5223,1,2
25468,5434,1,2
25469,5851,1,4
25470,5470,2,2
25471,5546,2,3
25472,5928,1,2
25473,5920,1,2
25474,6252,1,3
25475,5647,1,2
25476,5042,1,4
25477,5606,1,4
25478,5187,2,1
25479,6423,1,1
25480,5471,2,1
25481,6148,1,4
25482,6331,2,2
25483,5109,2,2
25484,6104,1,2
25485,5493,1,1
25486,5495,2,1
25487,5695,2,1
25488,5532,1,3
25489,6125,1,2
25490,5091,1,4
25491,5421,1,2
25492,6432,2,1
25493,6061,1,4
25494,5147,1,1
25495,5660,1,2
25496,6396,1,3
25497,5062,1,1
25498,5056,2,1
25499,6481,1,1
25500,5661,1,1
25501,5170,2,2
25502,5985,1,4
25503,6104,2,3
25504,5118,2,1
25505,6473,1,3
25506,5641,1,1
25507,6033,2,3
25508,5599,1,2
25509,5175,2,2
25510,6230,2,4
25511,5589,1,1
25512,5309,1,3
25513,6027,2,1
25514,5644,1,4
25515,5083,2,4
25516,5958,1,1
25517,6228,1,1
25518,6356,1,2
25519,5774,1,3
25520,5182,1,3
25521,6086,1,4
25522,5774,2,1
25523,5483,1,2
25524,5552,2,2
25525,5659,1,1
25526,5750,1,2
25527,6182,1,1
25528,6132,2,1
25529,6281,1,1
25530,5833,1,2
25531,5841,2,4
25532,6266,1,1
25533,6279,2,2
25534,5258,1,1
25535,5549,1,1
25536,5803,1,1
25537,6139,2,1
25538,5536,2,3
25539,6319,1,4
25540,6021,1,2
25541,5775,2,2
25542,6083,2,1
25543,5819,1,2
25544,5318,2,1
25545,5290,2,4
25546,6268,2,3
25547,6487,1,3
25548,5835,1,2
25549,5043,1,4
25550,6469,1,3
25551,6480,2,4
25552,5439,1,3
25553,5516,1,4
25554,5084,1,3
25555,6294,1,2
25556,5727,1,3
25557,5087,1,4
25558,5470,2,3
25559,5697,2,2
25560,5602,1,1
25561,6370,1,4
25562,5773,1,4
25563,5574,1,1
25564,5463,2,1
25565,5755,1,2
25566,5565,1,2
25567,5954,2,1
25568,6380,2,3
25569,5077,1,1
25570,5597,1,2
25571,5443,1,3
25572,5398,2,3
25573,6203,1,1
25574,5809,2,2
25575,5290,1,1
25576,5194,2,4
25577,6078,1,1
25578,6115,1,2
25579,5494,2,1
25580,6293,2,2
25581,6009,1,2
25582,5830,2,3
25583,5463,1,4
25584,5072,2,1
25585,5172,2,4
25586,5671,1,1
25587,5946,2,4
25588,6132,2,1
25589,5022,1,2
25590,5055,1,1
25591,5686,1,1
25592,6126,1,1
25593,5501,2,4
25594,5684,1,4
25595,5541,2,3
25596,6221,1,4
25597,5007,2,2
25598,5803,1,3
25599,5275,1,1
25600,5638,2,1
25601,5253,2,3
25602,5223,2,3
25603,5463,1,4
25604,6086,1,3
25605,5055,2,2
25606,5835,1,2
25607,6481,1,2
25608,6243,2,2
25609,5151,1,4
25610,5564,1,3
25611,5857,1,1
25612,5523,1,3
25613,5267,2,4
25614,5088,1,1
25615,5692,1,4
25616,5810,1,4
25617,5095,2,1
25618,5239,2,2
25619,5874,1,1
25620,5396,1,2
25621,5740,1,4
25622,6245,1,1
25623,5792,1,4
25624,5149,1,2
25625,5205,1,2
25626,5521,1,3
25627,5107,1,2
25628,5894,2,1
25629,5995,2,4
25630,5870,2,2
25631,6273,1,3
25632,5595,2,1
25633,5238,1,3
25634,6136,1,4
25635,5398,1,3
25636,5487,1,2
25637,5835,1,2
25638,5479,2,3
25639,6259,2,1
25640,5110,1,3
25641,5925,2,1
25642,6241,1,3
25643,6157,2,1
25644,5593,1,2
25645,5033,2,4
25646,5523,2,2
25647,5826,2,4
25648,6279,2,4
25649,6346,1,4
25650,5184,2,3
25651,5298,2,3
25652,6187,1,2
25653,5301,1,1
25654,5603,1,3
25655,6167,2,2
25656,5359,1,1
25657,5379,1,3
25658,5290,1,4
25659,6155,2,1
25660,5836,2,1
25661,6143,1,2
25662,5816,2,1
25663,5937,1,1
25664,6315,1,2
25665,5443,1,2
25666,6065,2,2
25667,5668,2,3
25668,6332,1,2
25669,6347,2,1
25670,5584,1,3
25671,5835,2,1
25672,5292,2,4
25673,5700,1,2
25674,5832,2,3
25675,6116,2,2
25676,5890,2,3
25677,5192,2,4
25678,6174,1,3
25679,5834,2,1
25680,5444,1,4
25681,5873,1,2
25682,5390,2,3
25683,6171,1,1
25684,5516,1,3
25685,5817,2,2
25686,5493,2,3
25687,6043,1,1
25688,5061,1,4
25689,5459,1,1
25690,6368,2,4
25691,6230,1,4
25692,5129,1,1
25693,5793,2,2
25694,5154,1,2
25695,6254,1,1
25696,5099,1,4
25697,6081,1,3
25698,5165,1,1
25699,5659,1,4
25700,5836,1,2
25701,6193,1,4
25702,6285,1,1
25703,6495,1,2
25704,6306,1,3
25705,5035,1,4
25706,5907,2,3
25707,5801,1,1
25708,6463,1,2
25709,6487,1,4
25710,6376,1,2
25711,5706,1,1
25712,6008,2,4
25713,5788,1,2
25714,6158,2,1
25715,5540,1,4
25716,6074,2,3
25717,5138,1,2
25718,5416,1,2
25719,5183,1,3
25720,5733,2,2
25721,5415,1,4
25722,5223,1,1
25723,5951,1,2
25724,5337,2,1
25725,5161,2,2
25726,5001,1,1
25727,5449,1,2
25728,6052,2,3
25729,5272,1,4
25730,6119,2,3
25731,5771,1,2
25732,5447,1,1
25733,6368,2,3
25734,5629,1,1
25735,6487,1,3
25736,5098,1,4
25737,5603,2,1
25738,5194,1,3
25739,5584,1,2
25740,5926,1,3
25741,5209,1,4
25742,6095,1,2
25743,5949,2,4
25744,6367,2,2
25745,5383,1,1
25746,5331,2,1
25747,6007,2,2
25748,5210,2,2
25749,5535,2,4
25750,5352,2,3
25751,6007,2,4
25752,5479,1,2
25753,6105,1,1
25754,6056,1,3
25755,5837,1,3
25756,5469,2,4
25757,5047,1,4
25758,5825,2,1
25759,5929,1,1
25760,5825,1,2
25761,5830,2,2
25762,5032,1,1
25763,5771,2,2
25764,5173,2,2
25765,5370,1,3
25766,5672,2,2
25767,5177,1,3
25768,5031,1,4
25769,5215,2,3
25770,5830,2,2
25771,5150,2,2
25772,5149,2,2
25773,5671,2,4
25774,5936,2,1
25775,6142,2,3
25776,5482,1,3
25777,6120,1,2
25778,5260,1,3
25779,5070,2,2
25780,6357,2,4
25781,6473,2,3
25782,6040,1,2
25783,5611,2,3
25784,6249,2,1
25785,6326,1,3
25786,5711,1,4
25787,5074,2,4
25788,5188,1,2
25789,5482,2,4
25790,5917,1,4
25791,5402,2,2
25792,5054,2,4
25793,5563,1,1
25794,6258,1,4
25795,6014,2,4
25796,5788,2,2
25797,6278,2,4
25798,6036,1,2
25799,5266,1,2
25800,6012,2,1
25801,6318,2,3
25802,6396,2,1
25803,5817,2,2
25804,6398,2,2
25805,5756,1,3
25806,5062,2,3
25807,5800,1,3
25808,6405,1,1
25809,5063,2,1
25810,5344,1,2
25811,5702,1,3
25812,5515,1,4
25813,5944,2,4
25814,5402,1,3
25815,6253,1,2
25816,6308,1,2
25817,6400,2,3
25818,5802,1,2
25819,6119,2,1
25820,5697,1,2
25821,5534,1,3
25822,5383,2,3
25823,6480,1,2
25824,5704,1,2
25825,6179,1,4
25826,6207,1,2
25827,5704,2,3
25828,5210,1,1
25829,6147,2,4
25830,5757,1,1
25831,6323,1,3
25832,5792,2,3
25833,5033,2,3
25834,5999,2,3
25835,5536,1,1
25836,5398,1,1
25837,6384,2,1
25838,5232,1,4
25839,5338,1,2
25840,6069,2,3
25841,6192,1,3
25842,5078,1,3
25843,5431,1,3
25844,5181,1,3
25845,5930,1,3
25846,5672,1,1
25847,5444,2,2
25848,5750,2,2
25849,5860,1,1
25850,5488,1,4
25851,5650,1,1
25852,6272,1,2
25853,6428,2,1
25854,5581,1,1
25855,5725,1,4
25856,5785,2,1
25857,6426,2,4
25858,6150,1,2
25859,5979,1,3
25860,5740,1,2
25861,6054,2,3
25862,5824,1,2
25863,5678,2,4
25864,5853,1,3
25865,6196,2,4
25866,5922,2,4
25867,5573,1,2
25868,5284,1,3
25869,6045,1,3
25870,6109,2,3
25871,6205,1,3
25872,5650,2,3
25873,5365,2,2
25874,5624,2,1
25875,5170,2,4
25876,5681,1,2
25877,5013,1,1
25878,5320,1,3
25879,6310,1,2
25880,5149,1,2
25881,6317,1,3
25882,5650,1,2
25883,5012,1,3
25884,5985,1,2
25885,6298,2,4
25886,6138,2,2
25887,6397,1,3
25888,5622,1,4
25889,5791,2,4
25890,5296,1,2
25891,5867,1,4
25892,6474,1,4
25893,5307,2,1
25894,5266,1,2
25895,5756,1,2
25896,5143,2,2
25897,5355,2,1
25898,5274,1,1
25899,5259,1,2
25900,6322,1,3
25901,6279,1,1
25902,5773,2,1
25903,5185,2,2
25904,5851,1,4
25905,5328,1,4
25906,5707,1,2
25907,5966,1,1
25908,6363,1,2
25909,5371,1,4
25910,5951,1,3
25911,5744,2,3
25912,5991,1,4
25913,5317,2,1
25914,5667,1,1
25915,6047,2,4
25916,5784,2,2
25917,6495,1,4
25918,5109,2,2
25919,6472,1,1
25920,6322,1,2
25921,5130,1,2
25922,5407,1,2
25923,6157,2,2
25924,5060,1,2
25925,5354,1,2
25926,5844,1,1
25927,5875,1,1
25928,6312,1,2
25929,6133,2,2
25930,5485,1,3
25931,6338,1,2
25932,6183,2,2
25933,5656,2,3
25934,5547,1,1
25935,6002,2,4
25936,6010,1,2
25937,5806,1,2
25938,5041,2,3
25939,5535,1,4
25940,6252,2,1
25941,5370,1,4
25942,5006,1,2
25943,5902,1,2
25944,5114,1,2
25945,6366,2,4
25946,6080,1,1
25947,5439,1,3
25948,5284,2,2
25949,5268,1,1
25950,6383,1,2
25951,5747,1,1
25952,6123,1,2
25953,5078,1,3
25954,6136,1,4
25955,6063,2,4
25956,5716,2,2
25957,6420,2,3
25958,6367,2,3
25959,5379,1,4
25960,5125,1,2
25961,5036,1,3
25962,5484,1,1
25963,6173,2,3
25964,5225,1,1
25965,5711,1,2
25966,6491,2,1
25967,5047,1,2
25968,6495,2,3
25969,6360,1,1
25970,5621,1,4
25971,5568,2,2
25972,5117,2,2
25973,5011,2,4
25974,5963,1,2
25975,6407,2,4
25976,5191,2,1
25977,5298,1,1
25978,6297,1,2
25979,5237,1,2
25980,5242,2,4
25981,5840,1,2
25982,5110,1,1
25983,5238,1,4
25984,5825,1,2
25985,5371,1,1
25986,6265,2,1
25987,5915,1,3
25988,6356,2,4
25989,5510,1,2
25990,5076,1,2
25991,5884,1,3
25992,5427,2,1
25993,6353,1,4
25994,6333,2,3
25995,6067,1,2
25996,5578,1,1
25997,5185,1,1
25998,6144,2,4
25999,6281,2,2
26000,5691,1,3
