ReturnID,SaleID,ReasonKey,ReturnAmount
1,18004,3,702.39
2,13641,3,2009.99
3,29474,3,396.76
4,24958,2,529.08
5,13389,4,2298.05
6,10418,2,2939.69
7,17732,1,423.15
8,18119,3,1744.93
9,7671,3,665.33
10,22192,1,2159.61
11,15169,1,2804.57
12,2688,4,2131.49
13,11265,1,2222.18
14,13087,4,1661.89
15,8404,4,1847.74
16,4532,4,1131.81
17,26400,4,1817.6
18,24091,3,1915.03
19,5814,3,1763.2
20,23452,4,2346.33
21,2968,2,2420.18
22,19554,1,1611.44
23,20224,2,2570.09
24,1214,2,1151.89
25,27372,3,2202.86
26,14271,2,1469.82
27,2651,1,2521.39
28,239,2,1813.71
29,2699,2,1256.15
30,6831,3,306.68
31,7180,4,1750.65
32,25607,4,2195.23
33,11699,4,2309.06
34,12907,4,2210.36
35,20842,4,2742.4
36,10421,2,2190.5
37,25877,3,2625.12
38,28155,2,631.11
39,28999,4,2359.96
40,9370,3,2620.2
41,11541,1,1112.52
42,26838,4,2317.35
43,12758,3,724.17
44,24638,4,2139.95
45,842,4,1265.86
46,15719,4,1544.42
47,29350,3,2882.27
48,24646,2,1310.61
49,13423,4,1743.88
50,15497,1,610.56
51,25378,1,1743.02
52,24598,2,1749.76
53,23924,1,1509.07
54,28075,1,2302.27
55,2833,4,865.19
56,13718,4,1135.01
57,28850,3,2022.25
58,28301,2,1205.78
59,2692,1,2676.51
60,9129,3,2835.24
61,15247,1,1814.88
62,18628,2,2499.1
63,28347,3,1099.82
64,3554,2,419.82
65,8153,1,2732.96
66,17299,2,2748.91
67,24253,1,457.65
68,28561,2,1765.18
69,2230,1,467.81
70,7878,3,980.13
71,8568,3,2033.17
72,27849,4,2860.77
73,7724,1,1592.4
74,28154,4,1024.89
75,26795,1,1963.76
76,5600,3,1718.53
77,10913,4,1866.14
78,22656,2,2441.41
79,28331,2,472.96
80,1531,1,1219.13
81,24723,3,1916.19
82,6695,3,2791.35
83,3211,2,2847.57
84,6673,3,979.93
85,26458,4,423.47
86,29952,4,2551.52
87,10320,2,517.33
88,8244,2,1082.91
89,28233,4,1678.3
90,15587,2,1294.91
91,8001,2,1156.11
92,16140,3,2051.44
93,3166,1,2309.81
94,4152,4,2069.35
95,28953,2,1238.71
96,1196,1,2231.16
97,11495,2,1628.48
98,29374,3,2528.93
99,1272,3,1614.71
100,21588,3,1926.19
101,21878,2,1497.75
102,29838,4,391.36
103,11273,1,1207.97
104,28511,2,237.83
105,9856,3,1137.86
106,22473,3,2091.04
107,20122,4,494.99
108,1796,3,2881.76
109,24362,3,2673.6
110,17737,2,473.75
111,15759,4,854.54
112,15926,2,1428.28
113,11944,4,427.68
114,20677,3,424.6
115,3994,1,2782.74
116,21984,4,1711.79
117,19908,1,1322.04
118,24393,3,1226.2
119,276,2,397.1
120,4664,3,541.69
121,2171,4,1095.5
122,9258,2,702.52
123,5465,3,1126.11
124,2006,3,1359.34
125,24244,4,2013.77
126,15509,1,506.59
127,24667,4,2937.16
128,20982,3,2573.75
129,14077,1,879.8
130,9417,4,2260.89
131,17691,3,958.94
132,4079,1,2637.99
133,23723,4,1091.48
134,9972,4,536.77
135,19102,3,1813.49
136,3224,4,292.61
137,25594,1,1941.86
138,19644,1,983.85
139,7358,2,2204.33
140,10546,1,594.77
141,5405,4,962.97
142,24434,3,2852.09
143,21348,1,1751.4
144,15216,4,1292.06
145,22437,2,878.3
146,13536,1,1321.3
147,17489,3,2017.3
148,18447,3,2568.73
149,13916,4,2795.93
150,13371,2,838.03
151,21274,1,1520.84
152,4368,3,376.3
153,6847,2,1846.24
154,7654,2,1789.1
155,944,1,2878.32
156,23210,1,2658.77
157,28535,2,2500.58
158,8697,1,1167.12
159,15873,2,2004.78
160,27621,3,1266.03
161,21050,1,2195.77
162,6084,1,2837.47
163,19198,4,2445.06
164,6507,2,2498.29
165,12928,4,617.59
166,18509,2,1986.68
167,5604,4,2749.68
168,21411,1,2645.34
169,27904,2,904.21
170,12927,2,460.2
171,18577,3,2160.32
172,27143,4,1566.34
173,27932,2,2424.36
174,3055,3,1987.14
175,16529,3,2948.15
176,20617,2,1689.46
177,12746,2,1597.4
178,24266,3,1125.63
179,11667,1,2793.9
180,29421,4,2245.39
181,21505,2,1772.9
182,11484,1,2745.58
183,12258,1,1224.58
184,29962,1,2869.52
185,1112,3,1141.92
186,21408,3,2767.16
187,29494,1,2227.81
188,28342,1,2403.19
189,2135,4,2492.01
190,24974,1,2212.32
191,20080,3,1801.69
192,1221,4,2820.72
193,23193,1,1725.05
194,8466,3,1508.47
195,19171,4,2694.77
196,1186,1,1607.35
197,11460,2,217.11
198,13016,3,435.28
199,8650,4,1079.99
200,29398,2,1369.43
201,2992,1,2332.47
202,15018,3,2765.79
203,10631,1,1276.39
204,352,2,1237.37
205,28616,4,1449.95
206,21957,4,1818.81
207,587,3,928.52
208,10277,1,721.1
209,13395,4,464.37
210,3871,1,2767.88
211,29543,4,1630.64
212,11635,2,2604.74
213,21269,4,1659.7
214,18930,2,2123.96
215,23593,4,1179.62
216,17504,2,1500.98
217,7711,2,1918.07
218,8528,4,1777.48
219,8580,3,2841.87
220,23726,3,2665.78
221,6233,3,2790.94
222,17718,1,1562.59
223,24736,2,2832.94
224,9015,3,1325.54
225,5150,4,2677.54
226,11572,2,1575.58
227,17569,4,1247.74
228,9072,1,1202.58
229,22154,1,2638.59
230,28237,4,940.32
231,20959,3,1081.25
232,2761,2,1764.18
233,14709,3,2694.46
234,26364,3,1714.38
235,27384,4,2610.76
236,17414,4,2877.02
237,25575,1,2932.46
238,8275,4,2067.56
239,13736,2,1854.61
240,8863,3,1110.19
241,5928,3,1056.31
242,21012,3,286.63
243,28891,3,926.45
244,9320,4,1153.93
245,85,4,224.39
246,6028,2,2308.49
247,20671,1,1012.43
248,785,1,2493.71
249,3311,3,1536.12
250,18162,3,1890.06
251,7690,2,564.17
252,19099,3,1718.37
253,3657,2,1956.79
254,6828,1,2975.88
255,20313,1,1556.45
256,9143,1,882.65
257,19746,2,1248.28
258,29899,3,2634.69
259,19782,1,1788.87
260,26945,3,798.14
261,15814,3,2084.25
262,29682,2,2324.41
263,8441,2,714.27
264,8755,2,1864.06
265,29134,4,1134.47
266,9413,2,817.12
267,18435,4,855.85
268,26078,1,1132.0
269,3432,2,1661.66
270,21877,1,935.93
271,19427,4,2657.43
272,19535,3,1065.57
273,29045,2,1509.36
274,18093,4,1719.29
275,18028,4,2732.21
276,11104,1,2793.05
277,9501,2,758.99
278,26874,1,589.17
279,25336,4,1816.39
280,26283,4,2948.7
281,14158,2,2242.16
282,13338,2,1857.95
283,22288,1,2085.82
284,18174,2,501.48
285,4285,2,1682.32
286,12672,2,2239.69
287,17304,4,205.13
288,6261,2,576.55
289,17170,4,1615.03
290,12990,1,2089.0
291,29046,1,1934.24
292,5867,4,2634.21
293,23133,2,737.54
294,27703,2,1264.95
295,7851,2,922.98
296,28181,2,1713.33
297,27554,3,1287.02
298,17741,2,617.13
299,27947,4,2062.2
300,18320,1,984.15
301,29273,4,2484.77
302,6939,2,2716.98
303,3934,3,2556.83
304,27162,3,1187.07
305,26280,1,1279.98
306,4773,2,2224.99
307,28803,3,2063.17
308,3802,2,2590.45
309,14476,3,2407.91
310,12047,4,1498.35
311,3330,1,2697.41
312,15857,3,1274.95
313,16150,1,1138.9
314,17036,3,1480.41
315,20834,2,1838.82
316,26415,2,2032.33
317,469,2,1187.59
318,7540,1,1198.76
319,13742,4,790.85
320,3240,4,501.61
321,20674,2,2386.29
322,24848,4,2198.34
323,2101,1,2808.34
324,12486,3,1096.05
325,7962,4,2622.44
326,13943,3,1329.35
327,7763,3,943.74
328,25786,2,785.1
329,27421,1,765.66
330,8345,3,1149.0
331,13054,3,2249.92
332,20658,1,1170.57
333,25697,4,1628.31
334,14496,3,1475.59
335,1620,3,1780.42
336,21347,1,2406.7
337,29231,2,422.09
338,23606,3,1875.11
339,5162,1,2458.48
340,8695,4,1922.6
341,8834,4,1816.5
342,918,2,617.04
343,11124,2,2992.49
344,17075,3,1895.98
345,3739,1,2138.29
346,28584,4,1552.35
347,5887,2,2429.41
348,5974,2,2504.67
349,17941,4,802.86
350,3978,3,2462.13
351,18824,2,473.2
352,17463,2,1671.85
353,9208,1,2946.44
354,11836,2,737.72
355,4198,4,2395.88
356,25009,2,2542.43
357,4783,1,2690.89
358,4936,4,1677.92
359,11769,1,960.59
360,15122,3,2285.73
361,26970,2,1959.7
362,16087,2,1262.66
363,8089,1,1253.02
364,9527,4,2837.28
365,17439,3,2404.94
366,27883,1,1530.17
367,17871,2,2549.96
368,23126,1,945.05
369,18702,3,1234.25
370,1194,1,2333.33
371,15085,2,1063.71
372,25413,1,2403.69
373,7802,2,360.92
374,26775,4,2271.29
375,5587,4,2919.53
376,21015,1,1982.23
377,22897,1,275.12
378,17363,4,1572.83
379,5988,2,1689.92
380,22473,2,1990.11
381,13788,4,2545.91
382,7659,2,1727.47
383,12738,1,1088.69
384,4746,3,306.68
385,6813,1,1592.59
386,10751,2,891.41
387,10205,3,461.82
388,25388,1,1567.29
389,5061,3,1705.51
390,19499,2,1277.79
391,27066,4,806.03
392,25888,4,944.78
393,29841,1,1172.7
394,25554,4,2284.54
395,23251,2,2842.7
396,13756,2,301.72
397,26238,2,2238.57
398,12550,3,2486.36
399,19855,3,1982.08
400,4685,4,2874.4
401,11684,1,2695.26
402,10477,3,537.22
403,18589,3,1520.79
404,5354,1,777.31
405,19158,1,1637.37
406,19134,1,2453.41
407,3606,4,2115.81
408,12491,1,402.02
409,5928,1,2981.62
410,20474,4,1785.31
411,1697,2,2658.88
412,1327,2,1907.63
413,12574,4,1102.77
414,6235,4,1276.39
415,15282,2,791.75
416,17774,1,2171.07
417,28864,2,215.62
418,8576,3,1620.14
419,28931,2,2886.76
420,7574,3,804.48
421,3897,4,308.56
422,29966,3,787.44
423,23029,1,1533.97
424,19049,4,2771.39
425,16707,4,958.24
426,7800,2,2131.03
427,29456,4,449.13
428,18979,3,1668.64
429,11915,1,455.61
430,17692,3,2974.05
431,4334,4,2208.5
432,23520,3,1906.73
433,18244,1,2312.09
434,14633,3,224.46
435,2741,2,330.36
436,16236,3,2452.09
437,1992,4,2610.37
438,13456,2,1144.26
439,9355,2,489.05
440,19553,2,1520.94
441,7788,2,1077.57
442,23619,4,2313.5
443,29771,3,1491.61
444,17369,4,2986.44
445,11384,2,1551.1
446,14365,2,1483.06
447,25784,4,2803.15
448,12454,2,2467.62
449,4314,4,914.39
450,25547,3,930.06
451,5478,4,516.55
452,3653,1,2899.98
453,9065,4,2091.81
454,28505,4,1025.73
455,16151,2,2999.0
456,12187,1,2377.81
457,7389,1,247.03
458,9716,2,945.61
459,26321,4,1700.7
460,3316,2,408.08
461,5232,4,393.43
462,915,3,2376.96
463,23590,4,2513.72
464,21315,2,1186.91
465,16702,4,1767.05
466,11274,4,465.74
467,28417,4,1731.64
468,21029,1,806.07
469,908,1,529.07
470,16447,1,2622.77
471,19644,4,391.64
472,12122,1,825.41
473,16886,3,1471.67
474,7352,4,1916.15
475,13394,3,2684.98
476,1569,2,813.09
477,7444,1,875.23
478,5206,4,899.81
479,20154,2,1053.3
480,14518,4,971.38
481,20371,1,2064.07
482,12848,1,1977.69
483,2967,3,1332.6
484,26353,1,550.94
485,15856,2,2250.98
486,8073,1,2598.16
487,3793,4,1377.13
488,12178,2,2727.31
489,18088,4,2978.82
490,4109,2,607.3
491,8325,3,2390.43
492,27367,3,1983.91
493,20371,2,518.89
494,27287,1,1242.93
495,16873,2,989.28
496,12425,4,2703.96
497,5164,2,1946.85
498,24538,4,1902.29
499,2127,4,1385.28
500,17909,1,1120.79
501,6218,1,1324.0
502,13561,2,1223.88
503,28021,3,1589.39
504,9475,3,220.67
505,627,4,456.02
506,28211,3,2724.64
507,7482,2,2462.11
508,7001,4,1516.16
509,29116,4,205.84
510,22805,2,379.99
511,9085,1,381.29
512,27523,3,1529.88
513,9701,2,889.24
514,17558,2,1285.96
515,1996,4,1779.42
516,3665,1,1794.75
517,20851,4,1032.09
518,22272,2,2736.5
519,4060,2,1985.67
520,8950,4,396.15
521,8531,4,202.4
522,15888,1,1751.66
523,3959,1,221.85
524,17118,4,1635.77
525,12365,1,2592.99
526,16032,4,1937.22
527,1516,4,2188.62
528,15910,3,794.41
529,5433,4,1039.87
530,6329,2,2958.76
531,26255,3,1380.38
532,14739,2,2434.48
533,22587,3,936.69
534,20346,3,926.68
535,4818,3,1106.53
536,26108,2,652.23
537,4996,4,421.95
538,25728,3,2644.28
539,795,2,2994.91
540,18682,1,1412.39
541,24693,2,2235.3
542,21218,3,2840.65
543,17713,4,1416.44
544,22895,4,1656.47
545,19177,3,2853.14
546,28291,3,1970.18
547,26134,3,2517.46
548,26854,3,924.52
549,25596,2,2929.24
550,6408,1,2515.75
551,24406,3,1997.55
552,12595,4,1032.74
553,23324,3,898.59
554,24341,1,1838.69
555,10934,2,528.95
556,23311,4,232.29
557,24816,1,2084.3
558,7357,3,2361.44
559,6809,2,1450.0
560,29258,1,561.1
561,9024,3,1464.78
562,21640,3,699.33
563,11472,4,813.86
564,8987,4,777.82
565,23771,2,1252.59
566,3441,4,296.41
567,3190,1,2902.57
568,12671,4,2576.68
569,27153,1,2412.87
570,823,2,2655.94
571,23590,2,2307.07
572,10466,3,649.23
573,4662,1,1340.64
574,7601,3,1847.73
575,14682,1,1047.4
576,21971,2,2993.92
577,7226,4,2970.61
578,29887,3,2679.84
579,7117,3,1033.88
580,6015,1,2605.25
581,25261,4,712.12
582,26262,2,2935.11
583,21340,2,1266.97
584,27066,4,2666.85
585,3469,2,222.2
586,14215,4,385.84
587,21356,4,2374.77
588,6446,2,673.35
589,4823,2,2783.25
590,29777,3,1635.39
591,19049,1,2365.9
592,19778,3,341.89
593,29564,1,2806.62
594,28835,3,2004.94
595,3387,4,834.25
596,22375,3,920.42
597,4279,1,803.86
598,12822,4,1614.11
599,7234,2,2576.34
600,13379,3,1666.79
601,2720,4,1425.37
602,826,1,2296.81
603,3006,3,1675.22
604,15832,3,2309.45
605,2861,3,851.02
606,16951,3,2939.53
607,22426,1,211.1
608,5642,2,1371.93
609,28286,1,2756.24
610,1398,2,417.27
611,4463,3,2180.6
612,18422,4,401.91
613,13745,4,2727.53
614,19796,3,2995.5
615,19694,2,528.38
616,10296,4,1950.1
617,14468,1,872.96
618,17017,1,1421.24
619,12688,1,2628.81
620,1313,1,2259.09
621,25384,3,2803.07
622,27019,1,2911.66
623,10008,3,1553.86
624,9569,1,1871.12
625,9100,1,2840.73
626,28637,4,285.47
627,11650,3,1288.95
628,28034,1,1570.74
629,4083,2,2049.55
630,2730,2,1294.11
631,1700,3,857.39
632,14032,2,1113.99
633,8109,1,271.1
634,4675,1,2951.89
635,12894,3,2960.89
636,2852,2,884.68
637,16335,1,256.58
638,15962,2,2787.02
639,14160,4,1515.54
640,2558,4,1372.89
641,16765,2,2762.51
642,21486,3,1259.27
643,6361,2,2798.88
644,115,2,1098.17
645,2482,3,2458.7
646,26672,2,2638.8
647,12786,4,1498.3
648,8725,1,2471.48
649,27840,1,671.23
650,10362,4,990.36
651,17686,3,2231.19
652,27291,2,2066.81
653,23867,1,2121.79
654,11241,4,372.15
655,23866,1,2199.47
656,28447,3,2873.07
657,20534,4,1906.97
658,1055,3,998.86
659,22706,1,2404.29
660,15081,4,1661.86
661,19891,1,1958.98
662,12267,4,2259.14
663,6396,2,1075.93
664,14650,3,2345.13
665,1367,1,699.77
666,18344,2,1567.36
667,25995,4,2107.38
668,6567,1,2513.48
669,24076,2,2223.69
670,15092,1,941.35
671,19389,1,1452.53
672,26487,3,2296.66
673,26040,1,2491.29
674,19505,2,1754.92
675,29859,3,2691.33
676,25937,1,433.13
677,18245,1,1575.67
678,19973,1,2860.61
679,20509,3,1488.99
680,29506,2,229.08
681,23390,4,985.07
682,26750,1,1619.3
683,14519,2,666.56
684,8130,4,235.37
685,26470,3,1549.35
686,23514,2,2274.73
687,9511,1,307.02
688,9182,2,2981.26
689,14335,4,1629.93
690,2672,4,664.94
691,16052,2,1679.92
692,8031,2,844.0
693,26270,2,1094.28
694,15364,1,1008.01
695,16234,1,607.2
696,25250,3,1018.06
697,18133,3,2684.81
698,12878,1,368.76
699,10105,4,1126.01
700,24611,2,415.43
701,7964,4,1694.5
702,27388,3,349.37
703,19094,1,439.8
704,129,3,532.98
705,16271,4,2129.43
706,28361,2,1443.78
707,6700,3,2268.79
708,10852,1,1771.51
709,9892,4,2596.27
710,12575,1,650.91
711,21970,1,2861.03
712,3135,1,773.01
713,15026,4,323.94
714,15603,4,772.48
715,5376,4,1132.83
716,12216,1,505.77
717,6324,3,2947.3
718,22035,4,1123.99
719,25091,4,1218.73
720,28052,4,415.48
721,26746,1,1928.46
722,22505,4,1783.28
723,7743,3,2853.37
724,14738,3,857.44
725,23711,3,2720.99
726,7452,4,1758.48
727,4835,4,2526.44
728,11463,1,970.28
729,20874,4,2163.81
730,29216,4,1203.95
731,3849,4,257.1
732,9048,1,574.2
733,17331,3,855.81
734,3120,4,419.2
735,22661,3,721.24
736,14024,1,1323.03
737,28262,1,1800.86
738,27525,2,2345.85
739,27933,4,873.42
740,16771,4,220.76
741,18506,3,1133.16
742,11166,1,1412.8
743,2655,2,1664.37
744,25916,4,1784.56
745,16290,3,481.33
746,20312,3,346.42
747,21496,3,2399.08
748,16236,4,587.54
749,3599,4,2174.87
750,6956,2,1364.43
751,3079,1,2861.18
752,22977,1,1187.04
753,24918,1,2154.11
754,8306,4,1660.66
755,5850,2,918.51
756,16460,4,2164.14
757,17827,1,1565.22
758,13815,2,975.28
759,4467,2,667.37
760,21705,3,978.06
761,23950,3,2313.1
762,10580,1,1151.69
763,25790,3,980.74
764,24760,3,881.43
765,2912,4,479.33
766,10298,3,1651.2
767,27930,3,438.03
768,24158,1,2522.48
769,6458,2,2615.52
770,27642,1,2757.78
771,18250,2,2310.66
772,17434,4,1350.75
773,23597,1,903.7
774,17448,2,2635.43
775,16726,3,2907.11
776,29456,2,2837.91
777,27502,2,861.73
778,7891,4,733.79
779,7310,1,2732.4
780,12988,4,2325.05
781,2838,4,1738.05
782,2733,4,2371.27
783,1216,1,810.86
784,21110,3,1818.24
785,18739,3,2732.57
786,1044,1,2830.15
787,17773,1,2240.33
788,21440,1,975.16
789,12425,4,2559.9
790,5930,3,2447.02
791,13855,3,622.49
792,4992,2,2077.78
793,3726,3,1094.75
794,18489,1,1683.98
795,17278,3,1467.15
796,25944,3,2457.7
797,14675,3,441.82
798,22242,1,478.4
799,27647,1,578.51
800,935,2,444.92
801,1700,1,1930.54
802,14836,3,1859.41
803,22157,2,761.32
804,19630,1,881.02
805,21184,1,1867.66
806,6208,4,622.16
807,25867,4,2226.72
808,13515,4,355.05
809,17203,2,2468.11
810,794,3,1418.83
811,14824,2,996.71
812,21446,2,2717.66
813,21073,2,1460.33
814,8401,2,2869.01
815,15428,4,1374.55
816,7839,3,1916.56
817,23751,1,1453.49
818,9927,1,2495.88
819,3179,3,1459.1
820,14511,4,1697.75
821,29868,2,2182.55
822,13668,2,525.57
823,16666,3,2310.38
824,3893,4,523.43
825,20936,4,1514.6
826,28175,4,2641.85
827,10843,1,1363.3
828,13445,4,2241.81
829,13935,3,1285.24
830,12530,1,2788.81
831,23513,3,1861.65
832,4898,1,2529.85
833,3656,4,927.7
834,22704,4,2893.99
835,11576,2,2490.07
836,1678,2,2819.42
837,1900,2,682.9
838,9888,3,244.75
839,16897,4,2223.17
840,16986,4,784.77
841,9243,2,898.64
842,10369,4,2006.3
843,22342,2,1252.41
844,27931,4,1923.61
845,24383,2,640.4
846,29602,2,2580.5
847,16026,3,906.04
848,9344,2,1678.57
849,13309,1,1270.48
850,11931,4,324.34
851,25489,3,2758.81
852,15421,1,2645.46
853,20069,3,2739.61
854,27383,4,523.53
855,3655,2,2084.67
856,3315,3,1551.03
857,2435,4,920.72
858,14872,2,2641.92
859,10006,1,2931.02
860,12520,2,2149.84
861,24300,2,860.83
862,24457,3,710.26
863,21576,2,805.12
864,29323,4,1625.46
865,25628,4,2301.21
866,4843,1,833.96
867,26741,3,795.13
868,1372,2,230.0
869,27797,1,2618.39
870,18945,2,2556.89
871,10593,3,242.23
872,13948,4,2662.95
873,29765,2,2258.21
874,21533,3,1941.59
875,23902,4,1208.87
876,4718,3,570.13
877,8282,2,2077.79
878,9533,2,623.95
879,18584,3,554.01
880,23596,2,1567.33
881,22896,1,930.69
882,29712,4,1755.8
883,5973,3,2076.5
884,26978,3,1745.24
885,10319,4,719.82
886,20426,3,1833.64
887,7111,1,788.23
888,13629,1,2432.87
889,2443,2,2392.35
890,28941,1,509.84
891,8684,1,1590.04
892,12164,1,2435.92
893,10637,1,2707.13
894,7361,2,1371.6
895,8168,4,2956.83
896,27076,4,1691.26
897,2813,2,1955.18
898,19492,1,1558.05
899,3670,1,1385.54
900,15205,3,2463.98
901,18740,3,2409.8
902,17334,1,2182.52
903,9230,4,2327.57
904,23671,3,819.78
905,3141,3,2727.33
906,11271,3,775.46
907,12377,4,2522.37
908,1777,4,2718.88
909,4598,3,1160.65
910,5726,3,955.39
911,634,3,1223.85
912,1031,4,804.82
913,8679,3,856.98
914,2285,2,1089.07
915,23793,3,2318.61
916,11335,1,1424.55
917,27721,4,445.44
918,5517,4,609.29
919,22686,2,1305.24
920,6885,3,785.48
921,2833,4,694.02
922,23801,4,2334.25
923,18238,2,1565.38
924,15599,1,1961.09
925,10514,2,1298.46
926,19946,3,1723.07
927,26710,3,2266.13
928,16434,2,2642.08
929,3317,1,981.43
930,29069,1,729.44
931,2274,1,2307.23
932,26717,1,1287.26
933,8167,4,1067.49
934,29919,1,2389.64
935,6536,2,866.03
936,19505,1,2011.81
937,25046,1,894.71
938,28908,3,1189.71
939,20890,2,1001.89
940,8958,1,2046.82
941,21134,3,2898.56
942,18296,3,1273.5
943,9137,3,1087.24
944,10725,2,506.77
945,18896,1,2066.36
946,9408,2,1019.15
947,2842,3,923.01
948,13783,3,1056.67
949,3673,4,1395.67
950,1618,3,1823.97
951,24949,2,2788.95
952,7117,2,1493.47
953,10636,3,840.23
954,25115,4,2924.54
955,4921,3,638.42
956,27642,1,2907.85
957,13904,1,899.89
958,4189,1,397.88
959,7077,1,1379.8
960,28205,1,1674.74
961,24820,3,952.28
962,8710,3,417.92
963,20251,4,1796.13
964,12841,1,1678.66
965,21370,3,1884.76
966,20141,2,989.56
967,29954,1,1883.83
968,9515,2,2296.64
969,6592,2,1693.73
970,7798,4,492.0
971,18250,3,2870.64
972,14760,4,1092.79
973,6654,3,865.65
974,28910,3,2999.35
975,27079,4,2671.82
976,13324,3,2741.32
977,15279,3,265.18
978,14213,4,1522.27
979,20050,4,2940.72
980,11661,2,1002.08
981,18340,1,2356.47
982,16201,3,2644.91
983,15771,2,541.95
984,12870,4,933.1
985,24961,3,876.21
986,7788,1,853.3
987,22703,3,2993.51
988,12866,1,1239.43
989,1391,2,938.98
990,13431,1,2347.2
991,6979,3,886.08
992,9322,1,1694.84
993,21064,4,1304.44
994,18898,4,1486.02
995,7456,4,964.58
996,22081,3,2957.08
997,8296,1,2718.16
998,19420,3,1356.06
999,17263,2,1164.94
1000,18338,1,1859.02
1001,9594,2,1390.7
1002,26133,4,220.11
1003,13731,4,469.64
1004,1786,4,1796.96
1005,6720,2,2470.94
1006,407,4,1339.23
1007,13452,3,799.77
1008,7212,2,1016.18
1009,3235,1,2863.86
1010,14195,1,1078.26
1011,11539,4,1640.82
1012,3238,4,1217.91
1013,8352,1,2977.64
1014,28235,2,1420.57
1015,26759,3,1935.54
1016,6420,3,663.01
1017,9107,1,1916.71
1018,18751,2,1796.75
1019,14896,2,518.25
1020,8297,4,2387.52
1021,1311,4,556.22
1022,28677,1,2029.85
1023,23027,4,2590.2
1024,11470,1,2327.25
1025,28842,1,1283.41
1026,23941,2,948.74
1027,23199,2,2043.23
1028,25783,1,1567.92
1029,16996,1,800.92
1030,5913,4,767.52
1031,6089,1,1678.54
1032,8436,3,1097.43
1033,18595,2,1841.02
1034,15537,2,1921.89
1035,28981,4,1573.65
1036,20333,4,2234.22
1037,17592,1,1484.55
1038,26246,3,1859.0
1039,7828,1,1781.3
1040,12902,1,1875.79
1041,10759,2,1601.35
1042,1848,3,1181.16
1043,17406,2,916.57
1044,26773,1,1785.9
1045,23168,3,1334.81
1046,26741,3,2179.88
1047,11801,2,2969.89
1048,4983,4,2893.72
1049,20411,2,1655.38
1050,1034,2,425.32
1051,3716,1,1951.66
1052,17029,4,1620.35
1053,13017,1,1430.26
1054,11418,1,1088.36
1055,363,3,1069.73
1056,14532,3,909.32
1057,6783,4,1631.07
1058,14835,1,1380.93
1059,359,4,204.52
1060,830,3,2907.73
1061,1508,2,2764.31
1062,8956,1,2797.02
1063,12423,1,2108.43
1064,27922,1,667.47
1065,26978,2,901.56
1066,5382,1,1260.19
1067,26723,4,1621.83
1068,27572,4,1125.35
1069,2940,2,1424.97
1070,19874,3,490.58
1071,14567,2,761.54
1072,29191,2,2192.7
1073,11949,2,1595.25
1074,15376,3,1326.24
1075,21626,4,2732.59
1076,16794,2,1529.45
1077,22979,3,1193.66
1078,2329,4,2374.63
1079,24586,1,1943.54
1080,18183,2,2097.17
1081,22225,2,2023.85
1082,21030,1,959.17
1083,29205,4,243.45
1084,5692,3,1994.86
1085,9027,3,723.19
1086,17664,3,2873.84
1087,18045,3,2384.09
1088,22860,1,731.05
1089,17499,3,2266.44
1090,21866,4,2355.52
1091,778,2,2493.18
1092,20723,4,2147.61
1093,11895,4,2318.27
1094,8279,4,1347.08
1095,1189,3,604.15
1096,7380,1,2890.74
1097,4864,2,616.35
1098,21340,2,1955.82
1099,7075,2,1770.68
1100,8809,3,2596.81
1101,9078,4,2580.04
1102,344,1,329.17
1103,20701,3,1552.59
1104,28545,1,2650.06
1105,25017,3,2461.7
1106,8332,3,280.97
1107,10254,2,696.03
1108,28748,2,673.77
1109,17074,3,2465.15
1110,25518,3,1560.93
1111,8357,1,565.92
1112,7124,4,1648.37
1113,2090,2,2396.24
1114,23615,4,294.74
1115,21381,4,1820.41
1116,29968,3,1096.34
1117,20371,2,1590.37
1118,12982,2,2366.03
1119,13329,4,667.48
1120,16315,4,584.95
1121,4962,2,2640.25
1122,5607,2,1768.49
1123,17314,1,2755.11
1124,19271,2,302.36
1125,4917,1,1577.13
1126,12586,3,2557.75
1127,10929,3,1325.77
1128,15499,1,1355.01
1129,18486,2,1399.12
1130,9119,3,289.45
1131,27451,3,2951.33
1132,22947,2,2252.64
1133,15483,2,1264.89
1134,26697,2,2544.18
1135,25379,3,328.39
1136,25918,4,2220.59
1137,19360,2,1783.53
1138,19918,3,1000.15
1139,26833,2,1332.93
1140,13759,4,2510.71
1141,7816,4,264.82
1142,21052,4,394.45
1143,1852,3,2736.86
1144,4961,3,2092.07
1145,26281,1,2627.29
1146,19950,3,2156.93
1147,23684,1,1512.24
1148,17211,3,230.35
1149,16672,4,591.89
1150,8696,2,2774.43
1151,19773,1,2395.64
1152,20770,2,2819.2
1153,26925,4,1735.52
1154,4208,1,1951.98
1155,25161,3,585.95
1156,14130,1,1690.2
1157,29158,4,476.5
1158,4336,3,2929.98
1159,1012,3,2712.78
1160,10000,4,2674.64
1161,17706,3,2162.69
1162,24775,1,911.53
1163,6873,2,2251.27
1164,26456,2,612.81
1165,9232,1,375.2
1166,15072,1,2228.57
1167,15965,3,929.53
1168,4985,1,1610.75
1169,14788,4,865.01
1170,6105,1,244.75
1171,16625,2,2899.65
1172,19010,1,262.01
1173,5235,4,2610.63
1174,19586,2,1701.73
1175,6196,3,2007.6
1176,25968,3,2861.49
1177,1029,4,827.02
1178,1687,2,728.04
1179,23478,3,1753.52
1180,12273,3,710.45
1181,17400,1,868.45
1182,1082,4,1058.76
1183,16850,2,775.09
1184,172,1,1670.87
1185,16870,1,2323.42
1186,20042,2,1217.58
1187,26882,4,882.91
1188,7043,1,2512.94
1189,11712,4,780.3
1190,8318,4,1777.15
1191,17939,1,577.89
1192,2887,1,2383.84
1193,25143,1,1744.92
1194,19198,3,1159.47
1195,15190,3,1205.9
1196,18120,1,1737.42
1197,15870,4,1468.42
1198,12665,2,1731.03
1199,3878,2,2555.97
1200,21394,1,1460.16
1201,12853,1,2297.17
1202,3141,2,644.7
1203,29652,1,2801.65
1204,26745,3,2911.88
1205,10193,2,2553.26
1206,29582,2,768.24
1207,5674,4,607.04
1208,11729,1,476.96
1209,14706,2,1611.83
1210,419,2,2026.53
1211,23326,2,1076.19
1212,1028,3,2870.21
1213,14586,1,2011.12
1214,2992,3,804.7
1215,13261,2,1584.66
1216,846,1,2072.85
1217,20870,2,235.21
1218,3655,4,2957.48
1219,21692,3,1846.93
1220,10824,3,2351.12
1221,18686,4,2565.46
1222,16835,3,202.88
1223,16877,4,1558.62
1224,22190,3,558.73
1225,1151,4,290.29
1226,13477,4,1913.71
1227,7217,4,2438.28
1228,28889,1,600.51
1229,8491,2,484.05
1230,14578,2,691.62
1231,7277,4,1164.1
1232,8027,1,2517.81
1233,17470,2,2641.84
1234,1231,2,1990.46
1235,11259,4,2073.61
1236,16191,3,774.12
1237,11804,2,1468.66
1238,7196,3,2886.83
1239,22038,2,2207.25
1240,12513,1,2478.99
1241,21505,1,2504.55
1242,13600,2,1754.66
1243,3064,1,2523.34
1244,18887,3,2968.52
1245,29845,3,837.61
1246,3493,1,2846.08
1247,15142,4,571.42
1248,24276,2,1985.8
1249,3542,2,1726.52
1250,17309,3,1635.08
1251,20483,4,1112.28
1252,16228,3,980.73
1253,23599,3,2406.87
1254,7705,4,894.11
1255,23494,2,2878.8
1256,23333,3,2804.47
1257,29475,1,1168.59
1258,15978,1,948.46
1259,12470,3,1675.6
1260,27759,2,933.35
1261,7776,1,795.82
1262,18155,1,2380.16
1263,15658,4,398.56
1264,5321,2,1062.05
1265,17983,4,357.47
1266,17248,1,1738.11
1267,10355,4,594.86
1268,8714,3,1935.27
1269,22628,1,2839.89
1270,9074,4,1502.95
1271,4551,4,612.46
1272,5519,1,2717.6
1273,26320,1,358.2
1274,16391,1,1066.64
1275,26551,2,985.0
1276,20520,4,1534.11
1277,29921,2,797.35
1278,21138,1,1696.46
1279,15164,3,324.63
1280,10100,1,556.77
1281,14661,3,2703.71
1282,5396,3,2579.83
1283,25233,1,1081.19
1284,17834,4,1516.28
1285,23420,2,1064.36
1286,24065,4,1347.13
1287,23707,2,1982.4
1288,12111,4,1212.36
1289,4285,4,1420.02
1290,25247,4,1068.06
1291,12953,3,726.87
1292,1982,3,1688.11
1293,29872,3,623.64
1294,7448,2,744.86
1295,11707,3,566.8
1296,3468,2,2682.66
1297,24521,2,2049.08
1298,8444,2,2692.96
1299,7730,2,723.62
1300,13609,4,1861.7
1301,8927,4,239.56
1302,21061,4,2141.02
1303,24666,4,814.66
1304,17697,3,1580.65
1305,2013,2,1179.81
1306,16798,3,2652.69
1307,28642,3,2758.52
1308,13592,3,2336.01
1309,26415,3,987.33
1310,26436,2,1943.55
1311,7218,2,2054.3
1312,626,2,2702.34
1313,15026,1,1657.17
1314,10037,3,254.4
1315,25715,3,2115.03
1316,20537,4,2172.74
1317,7530,3,637.64
1318,6608,1,960.0
1319,3325,4,273.58
1320,18565,1,2507.84
1321,8972,4,1088.32
1322,23867,4,939.59
1323,27155,1,240.45
1324,29612,3,878.33
1325,14932,1,2669.66
1326,18179,2,1957.86
1327,11628,2,669.49
1328,10275,1,723.01
1329,8780,4,1513.14
1330,29760,1,2508.5
1331,20970,4,722.0
1332,8560,1,425.72
1333,13945,2,1283.86
1334,14133,2,1552.56
1335,16799,2,716.84
1336,10957,1,1119.83
1337,29234,4,1151.09
1338,8331,3,2740.08
1339,26858,2,2896.58
1340,5612,4,691.3
1341,17671,4,626.66
1342,7810,3,2176.71
1343,20560,1,1178.01
1344,20557,3,2785.74
1345,18519,2,2199.1
1346,25237,1,2609.48
1347,23371,1,1244.5
1348,6784,4,1470.11
1349,19352,4,2202.19
1350,10594,3,1711.91
1351,26060,2,2192.67
1352,2153,3,361.43
1353,27692,4,1789.99
1354,22837,2,2905.82
1355,15713,2,837.76
1356,27308,3,631.57
1357,20388,3,505.69
1358,7686,3,2837.36
1359,28902,3,2692.44
1360,6620,4,1807.26
1361,9263,4,1331.08
1362,2743,1,1503.69
1363,14787,4,229.95
1364,3937,3,1582.71
1365,9833,3,2110.57
1366,17646,3,1519.0
1367,19247,2,222.13
1368,21218,4,2231.26
1369,4815,4,1511.69
1370,15634,2,1199.99
1371,25299,2,447.33
1372,24361,2,1822.15
1373,27727,4,1912.5
1374,9961,4,1851.51
1375,6264,3,991.84
1376,14587,4,1143.41
1377,27670,3,1977.26
1378,27485,1,2777.14
1379,14564,4,2731.27
1380,7519,1,2619.52
1381,11937,1,637.68
1382,11635,2,1413.14
1383,26573,4,1240.31
1384,12748,2,2058.34
1385,18739,2,715.83
1386,19690,3,2278.04
1387,9667,1,1560.34
1388,22079,2,2959.73
1389,5653,3,668.52
1390,24439,1,1433.28
1391,9785,1,2536.75
1392,16702,1,307.65
1393,11806,4,732.0
1394,19759,1,2262.22
1395,10014,2,2407.28
1396,12736,4,460.06
1397,1840,1,820.97
1398,23586,2,504.32
1399,23557,2,1305.88
1400,8239,3,488.21
1401,28826,4,1298.88
1402,21589,4,2837.43
1403,20987,1,1891.97
1404,6232,1,2650.56
1405,26897,4,1522.73
1406,25088,4,2515.07
1407,19393,2,1861.41
1408,10824,4,492.23
1409,21004,4,2963.85
1410,2846,4,935.81
1411,25610,2,2828.29
1412,6452,2,1055.15
1413,20016,4,964.63
1414,24437,1,2824.0
1415,14323,4,1735.72
1416,9435,3,1612.5
1417,19391,1,2029.45
1418,5253,3,2555.75
1419,7245,4,1488.19
1420,5727,2,2958.84
1421,6309,2,1302.24
1422,25168,2,2234.19
1423,9205,1,2408.07
1424,19985,4,2169.56
1425,11087,1,868.15
1426,19860,3,1948.61
1427,18367,1,280.25
1428,15302,4,2163.4
1429,21450,3,456.48
1430,21006,3,926.28
1431,27156,2,2947.38
1432,14307,3,1200.99
1433,22369,4,2317.45
1434,5654,2,2148.69
1435,9140,3,2611.25
1436,15276,4,1583.28
1437,1894,4,1360.58
1438,24418,1,2632.03
1439,10045,1,606.79
1440,24034,3,296.42
1441,207,1,1173.02
1442,24156,1,2671.31
1443,18517,4,2685.39
1444,26948,2,1281.52
1445,4015,2,831.17
1446,4503,3,2334.67
1447,23482,3,2498.32
1448,21758,3,1810.41
1449,23523,4,549.32
1450,7812,4,1024.72
1451,506,3,2025.07
1452,13742,4,2786.64
1453,23685,4,1332.29
1454,27614,2,1008.92
1455,11377,1,2730.76
1456,6397,1,2912.92
1457,18126,3,2669.85
1458,19859,3,1197.88
1459,6959,3,2825.99
1460,7419,1,1760.57
1461,16128,3,1726.84
1462,28088,1,1493.79
1463,22051,2,2832.05
1464,20587,1,2293.42
1465,5185,1,1136.43
1466,2027,4,2557.74
1467,22134,3,581.64
1468,29502,1,737.46
1469,8294,4,908.6
1470,26537,3,2996.19
1471,6771,2,1708.54
1472,26647,2,2571.18
1473,4853,4,1903.35
1474,8701,1,2556.81
1475,3501,3,1755.72
1476,7663,3,2667.75
1477,8821,3,611.52
1478,7170,1,2487.81
1479,23637,2,2155.52
1480,5633,3,1263.63
1481,3437,4,2819.64
1482,28768,1,2037.47
1483,7317,3,2569.99
1484,3624,2,2452.35
1485,23703,1,628.15
1486,5426,4,233.99
1487,5406,3,915.75
1488,27199,1,2498.97
1489,21282,3,2752.36
1490,3893,1,2979.17
1491,3929,2,2588.32
1492,26043,4,1466.61
1493,8035,3,2661.45
1494,15062,2,1746.1
1495,20742,1,2736.76
1496,13903,4,2649.55
1497,6607,3,2011.66
1498,2443,4,635.42
1499,1853,2,1583.34
1500,25772,1,2512.56
1501,17516,2,1833.46
1502,468,1,2961.56
1503,23254,2,2750.3
1504,13989,4,261.55
1505,7196,1,2390.82
1506,26530,4,2595.39
1507,7887,2,553.45
1508,27089,2,1734.75
1509,17404,1,1317.83
1510,14520,3,2995.85
1511,12189,3,835.05
1512,9705,2,2781.28
1513,17043,2,1716.96
1514,13655,2,205.34
1515,29279,2,514.99
1516,27742,1,2491.66
1517,24478,1,2719.99
1518,23173,4,2129.29
1519,21256,4,1162.84
1520,26289,2,1831.96
1521,27301,3,776.56
1522,1310,2,2556.96
1523,14719,4,1899.91
1524,11764,3,1959.9
1525,17112,4,2675.06
1526,4411,2,1836.88
1527,12106,4,1782.87
1528,6068,4,307.27
1529,24837,3,455.23
1530,161,3,2610.6
1531,19420,2,645.75
1532,4674,3,2756.04
1533,15557,1,1136.92
1534,27209,1,917.33
1535,11297,3,2218.28
1536,20951,2,1157.07
1537,8134,2,1421.0
1538,17777,1,2140.34
1539,18773,2,2788.31
1540,7265,2,687.03
1541,28460,2,1778.17
1542,26619,4,1134.54
1543,5611,4,2126.93
1544,6586,4,1681.56
1545,27651,2,2657.75
1546,414,1,595.59
1547,2392,3,689.35
1548,741,4,1641.17
1549,188,3,432.63
1550,3283,1,2992.95
1551,5558,4,1415.55
1552,10567,3,2781.69
1553,12229,4,733.18
1554,14316,3,450.1
1555,591,4,2638.01
1556,17569,1,2827.29
1557,22867,3,2462.14
1558,25826,4,2872.28
1559,14060,4,445.13
1560,19096,4,2142.43
1561,20279,1,1198.95
1562,10297,2,1397.48
1563,2968,4,1291.89
1564,6912,3,356.17
1565,13622,2,1016.75
1566,11230,1,659.42
1567,19033,4,1610.18
1568,6110,2,1994.51
1569,28587,4,2079.19
1570,19648,1,2954.68
1571,1130,2,1476.11
1572,22280,4,2374.32
1573,17244,3,1743.09
1574,21221,4,1547.65
1575,24432,2,343.16
1576,13612,1,880.27
1577,17735,1,1335.87
1578,23201,1,2789.31
1579,14488,2,293.8
1580,25403,3,575.18
1581,11774,3,2037.25
1582,4141,4,2355.33
1583,308,3,980.73
1584,17003,3,1820.27
1585,14059,3,2292.3
1586,9510,1,2725.13
1587,1405,2,388.04
1588,19154,4,2374.24
1589,17008,2,2096.65
1590,6414,4,399.42
1591,15814,4,2987.99
1592,17910,1,2308.76
1593,16556,2,535.3
1594,25204,1,1048.75
1595,5877,2,1449.98
1596,12153,2,895.18
1597,17989,3,273.82
1598,17285,2,2684.03
1599,7165,4,1113.64
1600,315,1,2180.67
1601,11769,4,1487.9
1602,13058,4,1126.48
1603,18720,3,2393.34
1604,21563,3,886.53
1605,2143,3,1349.07
1606,23620,3,1292.94
1607,18805,4,1927.29
1608,7906,2,365.75
1609,17891,3,467.85
1610,7196,4,2221.66
1611,25133,1,2377.99
1612,6351,1,1613.89
1613,2896,4,2904.21
1614,21586,3,2625.8
1615,5542,1,1005.88
1616,26023,3,2484.24
1617,13564,3,507.71
1618,7476,1,2178.18
1619,16226,4,1245.92
1620,1798,2,1809.6
1621,10967,4,1131.97
1622,29320,3,1225.66
1623,25395,2,1213.05
1624,22239,3,2785.72
1625,7839,4,605.57
1626,11265,2,1837.52
1627,2346,3,364.38
1628,13729,1,2085.94
1629,7428,3,1216.14
1630,15968,2,2284.98
1631,22227,1,1524.42
1632,29943,4,2696.44
1633,27682,3,1584.86
1634,1629,2,603.98
1635,29446,2,919.89
1636,22091,3,1178.46
1637,2423,3,690.43
1638,13022,3,2902.24
1639,16697,2,402.34
1640,26856,1,1457.67
1641,26857,3,1071.59
1642,23870,3,2740.44
1643,5249,2,1158.91
1644,21581,1,205.28
1645,5618,2,1456.03
1646,24720,2,2665.51
1647,18718,2,1471.99
1648,2114,3,1171.37
1649,12275,4,291.38
1650,10934,3,530.54
1651,23930,4,2040.08
1652,2809,3,1643.55
1653,18686,1,2944.15
1654,3476,2,2480.68
1655,25230,3,1117.75
1656,11922,1,703.13
1657,23415,4,334.48
1658,5281,2,1397.72
1659,9255,4,959.41
1660,1722,3,1632.76
1661,19223,1,991.84
1662,8512,4,2627.5
1663,26918,3,1869.18
1664,23059,1,1067.85
1665,27723,1,2151.47
1666,27142,2,1833.31
1667,11311,3,517.2
1668,5857,4,2010.75
1669,21273,4,2623.9
1670,14536,1,1871.73
1671,24086,3,1074.54
1672,7508,1,2605.71
1673,2276,3,372.55
1674,9094,3,2725.57
1675,18440,1,1079.22
1676,22310,4,1279.89
1677,18083,3,1582.68
1678,17524,4,997.39
1679,16141,3,2873.57
1680,18982,1,1867.38
1681,7355,3,827.78
1682,3294,2,2380.03
1683,29026,1,2156.27
1684,28279,1,1733.54
1685,19076,2,1007.7
1686,17233,3,1796.82
1687,17341,3,1038.4
1688,27301,1,2997.52
1689,15800,2,2459.73
1690,9947,3,2659.94
1691,14787,3,911.06
1692,2462,3,2826.51
1693,5565,1,1027.09
1694,2163,1,1722.64
1695,10041,1,1333.24
1696,7244,4,2738.84
1697,22458,3,1146.34
1698,1328,1,2991.54
1699,12918,1,279.83
1700,10187,1,851.11
1701,29715,1,1099.28
1702,28368,1,2109.44
1703,1041,3,579.31
1704,1576,1,604.6
1705,21237,1,1507.33
1706,26697,2,2278.74
1707,5859,1,1601.72
1708,13420,1,2605.33
1709,11873,3,1822.75
1710,8774,2,475.54
1711,16815,4,2616.55
1712,25591,1,758.89
1713,22471,2,1068.2
1714,19632,4,2131.7
1715,18214,4,1985.01
1716,5522,1,348.72
1717,7969,2,644.61
1718,14426,1,1883.38
1719,29402,4,552.62
1720,12341,1,2529.98
1721,25628,1,2115.66
1722,82,3,2405.96
1723,22878,4,423.95
1724,22477,4,920.09
1725,3046,4,479.95
1726,12813,3,319.71
1727,21342,4,600.82
1728,17890,4,827.07
1729,23938,3,2459.9
1730,3128,1,2761.06
1731,20297,2,2892.25
1732,5769,4,1951.7
1733,21275,1,596.16
1734,29688,3,2693.5
1735,2971,1,1369.29
1736,13352,4,2747.33
1737,4642,2,1242.0
1738,21152,3,1906.38
1739,24496,4,1353.67
1740,26914,3,1428.55
1741,2182,1,1662.85
1742,6653,2,2930.23
1743,10664,4,459.07
1744,2943,4,219.11
1745,13654,1,575.0
1746,5057,2,2645.54
1747,26268,3,1655.59
1748,3617,2,2608.07
1749,17942,3,968.5
1750,15859,2,1216.85
1751,10809,2,1549.29
1752,13468,4,1219.52
1753,24321,3,1463.14
1754,4393,2,804.86
1755,8116,3,2328.1
1756,9891,3,574.16
1757,29460,2,835.52
1758,14283,4,1137.37
1759,28904,1,757.11
1760,22247,1,1649.65
1761,2811,4,2431.46
1762,15290,2,2859.91
1763,11385,1,2978.16
1764,9219,3,2957.05
1765,28414,4,2446.69
1766,29662,3,1754.69
1767,18887,2,997.63
1768,2089,4,1033.3
1769,12513,2,2522.06
1770,18120,4,232.05
1771,23546,1,2291.45
1772,22766,1,2046.15
1773,19545,1,2924.97
1774,14341,4,225.96
1775,17486,4,1383.15
1776,11722,4,1988.36
1777,6577,2,278.18
1778,29478,2,2529.4
1779,6404,3,257.39
1780,25264,3,1747.8
1781,18595,1,2490.77
1782,22394,3,712.89
1783,17629,3,1769.04
1784,17542,1,2039.88
1785,8877,4,331.37
1786,25487,2,1643.09
1787,23307,4,2792.27
1788,378,3,1028.68
1789,1680,2,2330.0
1790,15122,1,954.48
1791,16162,4,2073.34
1792,17756,3,2516.12
1793,6573,4,1625.63
1794,9405,3,1147.02
1795,16260,4,2305.83
1796,14672,3,1231.62
1797,27318,2,281.17
1798,3735,1,377.37
1799,8222,2,2988.4
1800,27026,3,2897.11
1801,19786,1,1613.18
1802,10951,4,1964.21
1803,5264,4,1694.38
1804,28929,2,631.21
1805,20523,2,1095.5
1806,5577,3,2881.61
1807,29059,2,2085.33
1808,15382,4,1606.21
1809,11110,3,1371.2
1810,21899,2,1298.06
1811,22814,2,2471.81
1812,26365,2,1241.78
1813,27463,1,2349.51
1814,7126,1,1774.43
1815,24965,2,1091.8
1816,10939,2,343.75
1817,26528,3,469.97
1818,29739,3,2614.35
1819,27539,2,1976.88
1820,17147,2,1193.77
1821,10648,4,2004.65
1822,6140,4,283.06
1823,10706,3,1761.37
1824,21792,4,638.48
1825,227,4,2230.4
1826,26847,3,2595.48
1827,4927,3,2348.15
1828,14300,3,2325.93
1829,11348,1,1616.93
1830,29847,1,2060.74
1831,17788,4,2966.38
1832,4128,2,2744.96
1833,25517,2,861.99
1834,21318,4,1456.13
1835,14649,2,948.86
1836,20858,3,1489.16
1837,23425,3,1734.91
1838,29909,1,2363.35
1839,26071,1,2437.11
1840,22715,1,1292.13
1841,10336,2,2111.21
1842,24164,1,1994.92
1843,25639,2,2333.19
1844,4409,2,2917.73
1845,21303,3,225.09
1846,16207,2,2199.23
1847,19129,1,2573.04
1848,5454,1,374.03
1849,29473,3,2375.05
1850,18493,3,2773.27
1851,8381,1,779.68
1852,28065,4,735.91
1853,21716,1,2666.91
1854,6225,2,2078.29
1855,27963,3,310.98
1856,19613,3,430.44
1857,9015,1,777.48
1858,13265,4,616.22
1859,3553,3,363.26
1860,25405,3,1637.34
1861,7091,4,730.78
1862,10464,3,378.74
1863,8430,1,1430.26
1864,25268,1,625.05
1865,8355,2,983.38
1866,4292,2,2970.72
1867,28371,1,2450.62
1868,6153,4,293.45
1869,12590,3,2278.15
1870,20738,3,1669.92
1871,22830,4,2501.21
1872,29859,1,1569.44
1873,18513,4,541.72
1874,20897,4,2502.01
1875,19664,4,2149.96
1876,21537,2,2066.36
1877,3079,2,350.04
1878,12877,3,2344.07
1879,3489,1,1093.73
1880,7318,2,1455.07
1881,955,3,2526.19
1882,3528,4,1965.67
1883,1541,1,1495.11
1884,22512,1,2540.22
1885,29410,2,237.81
1886,5040,1,2322.39
1887,29969,4,2574.23
1888,2748,3,477.04
1889,19783,1,2633.46
1890,25626,2,1140.1
1891,4178,4,1543.11
1892,23173,2,753.37
1893,8722,1,1164.64
1894,25545,4,1313.7
1895,28334,2,2336.43
1896,3552,1,725.01
1897,20395,4,1463.12
1898,12094,3,2973.77
1899,25754,2,1904.18
1900,1123,2,854.52
1901,24952,4,555.2
1902,7621,4,2968.26
1903,27210,1,1284.35
1904,16394,1,475.32
1905,3062,3,2038.27
1906,14452,3,1770.1
1907,6799,1,831.32
1908,957,2,467.12
1909,15935,1,2098.82
1910,1924,3,1330.83
1911,5020,2,2451.12
1912,10561,1,1382.44
1913,29919,3,2226.6
1914,16422,2,1538.55
1915,21761,2,946.29
1916,23189,1,258.01
1917,15774,2,1216.51
1918,26690,1,2442.81
1919,17577,3,1975.3
1920,13840,4,1658.99
1921,13780,1,2964.25
1922,29828,1,1025.98
1923,21346,3,2903.87
1924,3562,2,402.85
1925,17420,1,225.97
1926,5192,3,1046.25
1927,21143,1,1901.49
1928,11027,3,258.68
1929,6627,1,1737.02
1930,27097,3,1911.67
1931,471,3,2920.25
1932,28847,3,1987.05
1933,22957,4,1717.49
1934,28753,1,2745.52
1935,16741,2,2900.49
1936,26054,1,2447.43
1937,2097,3,1519.69
1938,15534,3,1729.01
1939,16343,4,2861.5
1940,26704,4,1867.35
1941,27099,1,2131.11
1942,19171,2,2238.32
1943,1262,4,215.35
1944,7751,3,1321.29
1945,28916,2,457.73
1946,3967,3,2186.37
1947,7123,3,2020.06
1948,26891,1,1628.48
1949,14239,1,2207.1
1950,12176,1,1111.84
1951,8898,4,1416.54
1952,13794,2,2384.36
1953,3762,3,1169.43
1954,2122,4,1785.0
1955,25555,2,2813.54
1956,11561,2,1324.01
1957,25262,4,583.65
1958,4846,4,1773.99
1959,12021,4,2994.57
1960,6561,3,2664.54
1961,13377,1,410.64
1962,24470,1,1187.44
1963,5074,2,1247.95
1964,23034,1,1224.01
1965,20536,2,2709.42
1966,11344,4,1862.24
1967,16559,1,1967.15
1968,7817,1,1051.8
1969,2901,2,2662.51
1970,16728,4,1337.3
1971,4001,3,2714.6
1972,25037,2,733.49
1973,20321,1,331.54
1974,21551,1,1531.44
1975,17807,4,1967.34
1976,4348,2,2254.97
1977,13170,4,2957.3
1978,12904,2,1590.6
1979,16139,2,1687.14
1980,18660,1,713.2
1981,207,4,2634.82
1982,5608,1,1411.68
1983,7572,3,1548.92
1984,14644,1,939.59
1985,4144,2,428.53
1986,11757,2,2783.15
1987,24696,1,833.2
1988,24053,1,943.32
1989,22112,3,247.9
1990,24600,2,788.76
1991,23453,3,764.41
1992,26016,4,1374.27
1993,2167,3,528.67
1994,8927,1,2326.76
1995,21800,1,2427.33
1996,4766,2,2090.79
1997,22393,1,1628.6
1998,28975,2,2903.42
1999,22034,2,1909.69
2000,5576,4,2907.69
2001,22162,3,905.55
2002,13419,1,1917.66
2003,10394,3,1668.76
2004,26280,4,2100.43
2005,14236,3,1861.18
2006,11651,3,1470.47
2007,22209,1,1035.82
2008,8258,2,613.87
2009,11517,2,827.48
2010,21664,4,2979.27
2011,19639,1,938.32
2012,13471,3,2958.4
2013,17952,2,2562.17
2014,1216,1,1605.6
2015,8148,2,2936.34
2016,28841,4,1896.3
2017,4978,4,2045.14
2018,11269,1,2412.32
2019,19575,4,475.12
2020,17877,4,2613.75
2021,19805,3,2412.81
2022,2476,3,2536.4
2023,2396,2,2607.23
2024,4705,2,2641.98
2025,24576,3,1321.0
2026,9444,2,937.03
2027,28417,2,458.48
2028,2323,1,498.24
2029,8098,3,322.63
2030,4876,2,2005.75
2031,28520,3,236.5
2032,1177,2,763.34
2033,28190,4,1936.78
2034,7575,3,2776.97
2035,20274,3,2860.07
2036,26095,4,2429.26
2037,16152,3,890.14
2038,13370,4,2041.16
2039,15825,1,837.6
2040,26632,4,1560.86
2041,9333,2,2871.21
2042,17572,4,2244.67
2043,7789,1,322.24
2044,2437,2,617.83
2045,16549,1,2191.73
2046,28438,4,2789.02
2047,5866,2,2676.45
2048,13936,2,1605.52
2049,15967,4,2138.23
2050,23569,4,2157.29
2051,9022,2,1393.5
2052,2775,1,1791.94
2053,27397,3,1468.81
2054,24399,1,1461.26
2055,1642,2,942.99
2056,24694,4,1599.35
2057,13619,1,2269.62
2058,17743,4,2130.97
2059,8777,3,2476.64
2060,10298,2,2579.6
2061,13465,3,2407.87
2062,24914,1,730.56
2063,29066,1,265.82
2064,28515,3,2666.21
2065,25422,1,1624.08
2066,14807,3,2831.31
2067,24409,4,1474.74
2068,7027,1,851.31
2069,16768,2,369.33
2070,24798,1,1757.87
2071,11320,4,1761.56
2072,22230,3,2476.51
2073,12761,2,2620.64
2074,11888,3,2731.85
2075,1104,4,2653.52
2076,6581,2,1515.62
2077,11679,1,644.89
2078,11657,1,1699.24
2079,14868,2,2662.09
2080,14875,3,1018.46
2081,25917,4,2126.24
2082,25869,3,635.6
2083,19255,1,1175.51
2084,12987,1,1053.03
2085,11354,1,759.7
2086,19429,2,2172.95
2087,7383,1,2001.85
2088,26306,4,2585.62
2089,9306,1,1019.61
2090,4620,2,2188.66
2091,26659,1,2961.83
2092,20851,4,1495.6
2093,16243,3,2654.61
2094,3757,4,2868.61
2095,4083,3,2216.22
2096,4166,2,2299.57
2097,1736,1,2216.53
2098,10038,2,2811.02
2099,24152,2,686.33
2100,5511,3,2795.22
2101,9838,4,2300.92
2102,28727,2,1629.47
2103,16299,2,1904.93
2104,4361,3,1467.81
2105,3549,2,1830.65
2106,4983,1,1996.01
2107,18581,4,2661.45
2108,22164,4,973.77
2109,29305,4,1873.46
2110,29883,4,2550.22
2111,8579,3,2369.04
2112,25208,1,1531.45
2113,10627,1,2284.02
2114,9161,3,1529.99
2115,11474,4,2682.39
2116,7420,2,270.84
2117,27657,1,1585.56
2118,21109,4,354.74
2119,3355,4,2243.64
2120,13704,4,673.07
2121,7666,3,2241.47
2122,16846,4,1295.6
2123,10657,3,734.78
2124,9366,3,2593.82
2125,20760,4,660.21
2126,26529,1,1009.49
2127,3159,2,2453.68
2128,20411,4,2409.56
2129,10710,4,2571.17
2130,6669,2,2511.24
2131,8028,1,924.55
2132,18041,4,1356.69
2133,14374,4,767.71
2134,12498,1,1492.01
2135,29165,4,1435.53
2136,7280,1,1811.97
2137,10132,4,1194.28
2138,19742,3,2683.6
2139,28836,1,763.05
2140,19350,3,2254.62
2141,5272,1,2526.19
2142,7888,3,1484.25
2143,11927,4,2017.52
2144,2806,2,1283.41
2145,7683,1,971.88
2146,26297,3,1859.06
2147,23668,2,346.14
2148,19779,4,2392.09
2149,16273,4,1455.83
2150,2638,4,356.19
2151,13357,4,2590.13
2152,9422,1,2156.16
2153,2667,4,2219.07
2154,21005,3,1744.59
2155,16938,1,1162.73
2156,26725,3,2892.39
2157,15673,3,2243.26
2158,19159,3,858.13
2159,4736,2,1821.96
2160,19622,2,1362.81
2161,14389,1,1928.62
2162,3920,1,2105.32
2163,16234,2,597.97
2164,1923,1,1492.26
2165,15117,1,1621.94
2166,21698,3,2386.6
2167,25103,3,945.34
2168,22281,3,1330.34
2169,19103,2,709.01
2170,19297,3,800.01
2171,13011,2,1996.19
2172,19500,2,668.13
2173,15729,4,2007.07
2174,7697,2,599.6
2175,5887,1,1415.85
2176,21881,1,1717.23
2177,2715,3,1156.82
2178,24248,4,2930.03
2179,19826,1,1471.47
2180,179,3,2588.69
2181,8810,2,2238.62
2182,8797,2,650.78
2183,27463,3,2910.59
2184,9082,3,2567.12
2185,24629,1,2992.67
2186,7123,2,2697.25
2187,26908,3,2701.19
2188,17291,3,1563.15
2189,11740,4,2714.44
2190,4848,3,585.4
2191,792,2,433.52
2192,26572,1,478.92
2193,13544,1,1106.36
2194,6756,3,2607.9
2195,28599,4,1074.98
2196,20111,3,957.93
2197,6146,4,1638.7
2198,5727,2,720.19
2199,1865,3,381.06
2200,16923,3,2453.85
2201,26434,4,622.07
2202,27990,2,2046.09
2203,26540,2,2733.31
2204,16636,3,1012.81
2205,4957,1,2632.36
2206,7796,3,201.8
2207,19764,1,1547.62
2208,2198,3,1572.63
2209,16368,2,407.04
2210,10898,4,369.42
2211,25775,2,1734.87
2212,10284,4,240.52
2213,21475,4,1628.08
2214,10783,1,1888.26
2215,13506,3,2223.7
2216,28441,4,742.1
2217,27396,2,406.02
2218,20576,2,2789.89
2219,29094,1,2497.54
2220,8897,3,1734.06
2221,25618,3,1714.28
2222,26034,4,1256.95
2223,11285,1,612.37
2224,1345,4,227.23
2225,21554,3,908.38
2226,24158,4,880.99
2227,8704,2,2479.91
2228,26786,2,895.94
2229,4990,3,332.38
2230,3389,3,1543.3
2231,21401,2,2095.06
2232,19422,4,1893.83
2233,17565,2,2126.4
2234,15020,1,2665.83
2235,14003,1,341.44
2236,16250,1,1754.4
2237,7839,3,2095.02
2238,26718,2,2869.33
2239,10867,3,403.46
2240,2253,4,2513.72
2241,8284,4,727.85
2242,21842,3,2691.13
2243,23668,3,2249.99
2244,2293,3,281.95
2245,16078,1,2468.82
2246,26001,1,2582.46
2247,25870,1,1999.61
2248,5315,3,2575.24
2249,1930,4,1843.14
2250,14088,3,1208.42
2251,3946,3,1364.85
2252,9005,2,1644.54
2253,20012,1,367.8
2254,12104,3,2421.37
2255,29745,4,1949.75
2256,7780,3,624.55
2257,11008,3,739.99
2258,13898,4,1826.91
2259,4263,3,2788.97
2260,11996,2,1508.59
2261,243,4,2444.06
2262,13217,3,2204.94
2263,6589,4,1234.2
2264,17550,2,2489.79
2265,23955,4,1863.1
2266,24010,4,1560.95
2267,26538,3,1050.12
2268,27942,1,1568.98
2269,19856,1,1374.05
2270,28321,3,766.5
2271,28159,1,1170.11
2272,7792,3,2563.73
2273,18582,3,711.36
2274,13161,4,1133.17
2275,17761,3,2123.39
2276,26798,2,304.12
2277,3385,3,332.08
2278,2041,3,229.25
2279,9974,3,724.27
2280,18307,3,1964.11
2281,19906,3,1988.33
2282,6697,1,498.09
2283,3597,3,1784.81
2284,14764,3,822.43
2285,18838,1,431.76
2286,16300,3,212.59
2287,24511,2,2481.8
2288,5587,2,1987.73
2289,1825,2,2727.39
2290,25720,2,1515.6
2291,28603,1,1334.52
2292,27828,4,2807.29
2293,25335,3,2050.29
2294,19620,4,1781.36
2295,11021,3,2737.3
2296,4043,1,2501.16
2297,4538,3,552.55
2298,4744,3,616.19
2299,26789,2,283.26
2300,355,2,1756.43
2301,25570,4,374.14
2302,11012,1,1305.33
2303,15545,2,1920.18
2304,27405,3,2589.11
2305,24229,4,1717.91
2306,10980,3,2653.44
2307,21396,3,1772.58
2308,1725,3,1813.07
2309,11441,4,1301.84
2310,25687,2,2082.68
2311,10589,3,1730.73
2312,6222,1,1389.05
2313,20497,2,2986.29
2314,24576,1,1787.83
2315,1956,2,2529.27
2316,776,4,311.56
2317,5685,2,452.79
2318,8540,3,983.05
2319,7517,2,1605.3
2320,2411,2,1955.34
2321,24223,4,1045.82
2322,17736,1,258.58
2323,24911,1,1637.93
2324,29776,1,2421.01
2325,22420,2,735.94
2326,1430,3,811.65
2327,17256,2,2091.96
2328,6709,2,249.93
2329,29314,4,255.62
2330,29433,4,659.79
2331,16016,4,1392.0
2332,26898,2,2289.21
2333,923,2,915.18
2334,15650,2,2287.61
2335,23928,3,2821.68
2336,23226,3,2611.5
2337,5930,4,263.43
2338,22153,2,589.29
2339,3088,4,2614.47
2340,6438,4,1773.67
2341,29288,3,1355.87
2342,2239,2,1906.33
2343,14992,4,687.18
2344,23378,1,1807.43
2345,23154,1,1895.28
2346,18387,3,2233.25
2347,11431,3,787.84
2348,17478,4,395.39
2349,14206,1,569.43
2350,11737,3,742.11
2351,24431,3,1858.79
2352,14234,2,2090.75
2353,4915,2,1303.97
2354,3074,4,2617.71
2355,7490,2,1649.43
2356,9388,3,1059.23
2357,98,2,2208.09
2358,22917,2,2041.35
2359,8508,2,2949.86
2360,15671,2,2569.43
2361,21736,4,2246.93
2362,11492,1,1756.11
2363,5989,4,1184.9
2364,17642,2,657.04
2365,26726,1,478.38
2366,26835,2,1728.18
2367,11660,3,2389.44
2368,26743,1,2584.74
2369,21247,2,1125.77
2370,14857,3,1533.61
2371,21726,4,1851.82
2372,5243,4,2716.77
2373,9521,2,1230.59
2374,10159,1,1755.58
2375,25830,1,2645.48
2376,6293,1,1591.27
2377,3786,1,1121.75
2378,15782,3,2970.22
2379,4143,3,618.67
2380,17181,4,1233.37
2381,5872,4,2285.73
2382,12698,1,2527.39
2383,4141,2,1231.72
2384,10731,3,1091.1
2385,25838,3,2796.32
2386,12617,3,217.21
2387,12744,1,1371.58
2388,8128,1,596.03
2389,25092,1,2182.87
2390,19280,1,1426.7
2391,3789,3,2411.58
2392,3022,2,2652.91
2393,6108,3,2104.13
2394,28115,2,1669.39
2395,28205,1,587.78
2396,20763,4,2223.77
2397,19469,4,2444.57
2398,12034,1,2546.75
2399,1654,4,364.41
2400,1548,2,2131.9
2401,20711,2,1241.94
2402,6460,4,2930.76
2403,10138,1,2494.99
2404,840,4,2163.75
2405,21627,3,2458.22
2406,983,4,899.59
2407,1566,2,1905.44
2408,6706,2,599.41
2409,18470,4,1743.43
2410,28342,2,2061.47
2411,16694,2,1161.6
2412,12817,4,1953.28
2413,6265,2,2940.71
2414,19753,3,2076.98
2415,24370,3,1602.52
2416,8318,4,1126.21
2417,15273,3,2109.01
2418,11661,3,1761.63
2419,12128,4,261.44
2420,1934,4,2433.01
2421,13606,4,2675.71
2422,23373,1,440.28
2423,14392,3,1088.73
2424,16970,4,2772.63
2425,12610,3,1669.4
2426,2048,1,2937.46
2427,22603,1,1980.27
2428,4956,1,547.93
2429,1594,4,1703.41
2430,19905,1,1132.69
2431,25452,1,649.2
2432,27882,3,1494.13
2433,2332,4,672.36
2434,13156,4,2525.45
2435,1025,3,2740.9
2436,20854,2,2489.5
2437,12855,2,2126.5
2438,10095,3,1514.94
2439,7831,2,1768.42
2440,595,2,1041.71
2441,4865,4,2686.28
2442,18219,4,1329.36
2443,23438,1,1823.77
2444,29133,2,2458.54
2445,22469,4,870.07
2446,14366,1,328.13
2447,9695,2,1318.73
2448,18224,3,285.52
2449,10393,1,702.66
2450,26200,3,1858.97
2451,21932,3,210.21
2452,21562,1,1082.56
2453,24754,2,1066.21
2454,3763,1,1619.73
2455,22096,4,2693.66
2456,11192,4,640.87
2457,9118,3,664.82
2458,13237,2,1680.38
2459,2969,3,2933.11
2460,15474,2,1295.29
2461,17987,2,2470.46
2462,84,2,1926.23
2463,27397,2,848.59
2464,14023,3,1020.02
2465,25055,2,1517.31
2466,14487,1,2943.17
2467,16090,2,2014.69
2468,15195,1,889.51
2469,25775,1,1984.31
2470,19023,2,550.09
2471,6011,1,2454.54
2472,25433,1,804.97
2473,28492,3,2835.32
2474,20816,1,2112.59
2475,27136,3,1287.87
2476,17297,4,2517.09
2477,6912,3,860.46
2478,29849,2,703.41
2479,7201,4,2252.82
2480,27053,1,1767.53
2481,21449,1,2974.84
2482,16284,2,824.9
2483,26054,3,494.65
2484,23095,2,1809.03
2485,5800,4,1299.41
2486,6991,2,1231.72
2487,8782,3,515.91
2488,1522,1,2489.18
2489,8839,1,1053.34
2490,3418,4,2970.9
2491,22994,4,1618.3
2492,20565,4,904.88
2493,17978,3,2122.45
2494,12572,3,1345.79
2495,14669,4,2092.11
2496,6695,2,2779.69
2497,7742,1,1714.7
2498,13403,2,346.83
2499,17262,3,1853.71
2500,19442,4,2056.78
2501,17605,1,1463.58
2502,27489,2,850.37
2503,13769,4,1925.47
2504,8167,4,2078.52
2505,11082,3,2477.06
2506,7258,1,1663.23
2507,23482,3,1567.12
2508,4456,4,2593.51
2509,23083,1,2637.68
2510,21543,4,2780.21
2511,17654,3,416.22
2512,29537,1,1718.24
2513,1093,1,2698.23
2514,13402,1,1084.48
2515,4410,3,1149.78
2516,5208,1,1411.89
2517,14982,4,668.82
2518,21564,4,2174.24
2519,19789,2,746.31
2520,13373,4,2705.22
2521,6136,2,2985.66
2522,17888,3,2197.6
2523,17470,4,321.45
2524,24842,3,2274.85
2525,14836,1,2913.34
2526,8850,2,1561.39
2527,12561,4,2752.88
2528,19289,2,1623.87
2529,17113,4,634.58
2530,14131,1,1094.5
2531,16277,3,1651.19
2532,22451,4,210.52
2533,12557,3,2731.73
2534,21174,1,2927.26
2535,21314,4,2550.75
2536,24485,3,2251.45
2537,28071,3,1380.8
2538,8723,2,526.08
2539,8319,2,1173.72
2540,7600,1,1479.01
2541,17179,1,2688.84
2542,2250,1,2427.76
2543,11134,1,864.27
2544,28872,3,659.72
2545,13586,1,324.89
2546,22541,2,1139.46
2547,26617,3,1958.55
2548,22368,4,978.21
2549,25598,3,2543.63
2550,28954,2,1350.32
2551,8804,1,1248.11
2552,28627,2,1644.93
2553,18770,3,2870.4
2554,2090,1,1261.06
2555,19888,4,233.76
2556,11301,1,1037.78
2557,5037,1,1153.07
2558,11489,2,928.26
2559,3001,1,729.35
2560,11788,4,2890.29
2561,22532,2,2355.03
2562,7675,1,2067.72
2563,18607,3,2991.32
2564,13136,1,200.81
2565,20207,1,388.23
2566,2114,4,2874.68
2567,14967,1,707.91
2568,3386,3,1767.56
2569,25705,3,1835.26
2570,18414,1,1258.62
2571,355,3,1761.77
2572,20679,2,806.27
2573,17501,1,1880.02
2574,17976,4,712.29
2575,254,4,632.86
2576,16482,1,991.67
2577,1983,3,2110.77
2578,28065,3,2087.43
2579,22642,2,502.52
2580,24905,1,1939.59
2581,170,4,717.02
2582,13280,4,1681.37
2583,19820,3,1630.45
2584,26795,2,727.92
2585,25329,4,1238.35
2586,8928,3,2204.17
2587,13861,1,2345.36
2588,7629,2,1782.99
2589,10788,2,2635.11
2590,21810,1,2347.75
2591,12260,3,265.35
2592,20321,3,2879.47
2593,27522,2,2034.01
2594,13916,3,236.21
2595,24285,2,2148.35
2596,11441,3,2908.15
2597,23563,4,648.91
2598,19350,2,1104.56
2599,28214,2,1146.98
2600,14041,2,2573.32
2601,5192,4,2824.94
2602,13289,3,2617.57
2603,15600,3,1790.73
2604,17647,3,1787.65
2605,6821,3,2189.05
2606,13312,1,2015.1
2607,17106,2,837.13
2608,8201,1,2155.45
2609,20140,3,1698.65
2610,2568,1,2188.94
2611,13318,1,502.57
2612,19457,1,410.4
2613,270,4,1069.61
2614,25085,4,289.2
2615,14261,2,356.94
2616,22040,1,702.97
2617,5846,1,1092.38
2618,6980,1,928.73
2619,1886,2,2776.61
2620,17319,2,594.84
2621,6900,1,1077.89
2622,15893,3,947.89
2623,9408,4,1015.91
2624,13980,1,1857.03
2625,10465,1,318.49
2626,25589,1,1636.15
2627,11248,1,2885.03
2628,3037,4,889.46
2629,25156,2,379.32
2630,18029,4,275.74
2631,22580,2,818.22
2632,1097,2,406.29
2633,9654,3,1932.6
2634,27880,2,2860.64
2635,24880,4,1559.66
2636,1533,3,1985.56
2637,15597,1,466.22
2638,15026,3,2694.85
2639,24125,2,956.08
2640,4938,2,697.05
2641,23315,3,748.86
2642,2211,4,889.31
2643,3225,1,1151.42
2644,7386,1,2500.39
2645,3549,1,1120.34
2646,3832,2,2139.19
2647,1172,2,1484.87
2648,4208,3,2073.83
2649,10690,1,296.17
2650,28553,2,2169.18
2651,10607,2,2042.04
2652,17627,2,243.66
2653,12574,3,2787.47
2654,11978,3,1385.76
2655,15777,4,2837.29
2656,12234,2,2519.05
2657,24036,1,899.73
2658,24462,3,1587.29
2659,4386,4,840.82
2660,7399,1,2183.09
2661,28864,3,1090.88
2662,3406,2,892.3
2663,10400,1,729.48
2664,3094,1,1718.89
2665,19090,4,1703.22
2666,24117,4,2021.76
2667,25474,3,2213.57
2668,21524,2,2284.6
2669,25888,4,258.8
2670,10890,4,2320.31
2671,8448,4,783.43
2672,16941,3,2893.55
2673,7903,2,2757.31
2674,20612,2,2267.12
2675,28706,2,2523.58
2676,3553,2,2423.21
2677,5605,3,329.32
2678,11802,4,765.47
2679,18737,3,695.53
2680,17614,3,2130.43
2681,12518,4,552.26
2682,14982,3,695.24
2683,16884,4,1502.8
2684,11295,1,2683.71
2685,14315,1,1935.9
2686,18616,3,1915.03
2687,2949,1,1788.76
2688,12335,2,863.59
2689,26084,3,383.2
2690,11989,1,1592.66
2691,27116,1,1055.12
2692,12177,3,2879.7
2693,17725,2,2615.26
2694,28962,1,1622.65
2695,15625,3,1722.52
2696,6220,2,488.79
2697,25401,3,543.88
2698,23555,4,2857.6
2699,23761,3,495.07
2700,17942,2,773.71
2701,18120,1,2380.08
2702,4349,4,2292.78
2703,7617,4,1114.31
2704,4687,1,1560.07
2705,14040,4,1426.31
2706,12136,3,2262.46
2707,26479,2,1765.13
2708,8311,4,2702.56
2709,13034,4,1273.52
2710,15566,1,2044.58
2711,28171,2,809.5
2712,22360,4,1472.99
2713,5607,4,848.22
2714,28883,1,285.2
2715,1197,4,1138.97
2716,7209,3,2137.99
2717,16305,2,2946.73
2718,7877,3,690.75
2719,22930,2,377.04
2720,19889,2,2390.05
2721,20167,2,1544.85
2722,1462,2,1695.95
2723,25049,3,511.68
2724,19070,4,1146.54
2725,14908,2,247.55
2726,19818,4,2368.43
2727,7241,1,2808.15
2728,1989,1,2148.53
2729,17813,3,2126.25
2730,4059,1,2711.78
2731,25480,2,1812.58
2732,8980,3,1259.81
2733,1973,1,2516.4
2734,12154,3,2718.66
2735,4382,4,969.07
2736,29326,3,1123.33
2737,12220,3,1778.21
2738,21843,4,1782.24
2739,13750,4,1594.39
2740,9323,2,2917.96
2741,2858,1,1582.83
2742,19936,2,2605.67
2743,26607,3,2106.09
2744,25660,2,1667.5
2745,748,2,1791.08
2746,3848,3,503.16
2747,21229,1,397.97
2748,9863,4,1357.65
2749,1224,3,1253.21
2750,20762,4,629.95
2751,17288,3,2646.29
2752,11512,1,2094.47
2753,17663,4,2729.92
2754,9485,3,938.19
2755,22476,1,471.0
2756,9521,2,1562.57
2757,18843,1,1779.12
2758,19908,2,356.15
2759,5194,1,902.11
2760,20586,4,2237.8
2761,27032,3,770.75
2762,8328,2,1211.24
2763,330,2,2516.56
2764,18728,2,1407.06
2765,20547,2,1683.7
2766,4948,3,538.52
2767,17550,3,2224.96
2768,7202,3,1069.45
2769,13425,4,1082.15
2770,20964,2,1118.92
2771,3691,3,2158.01
2772,23796,4,1824.48
2773,8682,4,2327.42
2774,24679,3,623.32
2775,4684,3,2435.4
2776,3046,4,2324.82
2777,8120,1,2484.06
2778,2951,1,2195.09
2779,27434,1,1172.63
2780,833,2,1401.65
2781,24815,2,2189.58
2782,18954,4,972.82
2783,29481,4,1909.27
2784,18326,2,998.69
2785,24469,4,331.92
2786,22172,1,2865.71
2787,24608,1,2855.49
2788,10123,2,2401.82
2789,6500,2,595.25
2790,22522,4,2746.0
2791,2551,4,1567.82
2792,14836,4,1988.47
2793,13097,1,770.72
2794,27653,2,2083.87
2795,2116,4,411.6
2796,15253,1,879.19
2797,5157,2,411.94
2798,3315,3,1340.81
2799,14762,3,1970.26
2800,9518,4,1397.43
2801,18605,1,255.08
2802,22512,4,409.88
2803,20521,2,1068.37
2804,27270,1,1959.21
2805,25602,3,2730.38
2806,18016,4,2558.08
2807,24815,2,413.96
2808,27794,1,1457.61
2809,19280,2,371.92
2810,24832,2,1703.72
2811,7579,2,2942.11
2812,26443,2,812.98
2813,20929,4,348.85
2814,13501,2,2996.18
2815,10803,3,270.97
2816,9558,1,619.36
2817,12943,3,787.71
2818,4789,3,2063.18
2819,10650,4,1994.61
2820,15685,3,1234.85
2821,12549,4,288.74
2822,2866,3,724.18
2823,3088,1,2956.01
2824,24226,1,713.94
2825,18469,3,1717.36
2826,27913,2,507.73
2827,14690,3,2928.82
2828,12777,3,1135.42
2829,24418,3,2961.03
2830,17904,4,1502.47
2831,27032,3,877.84
2832,7042,3,2327.58
2833,11057,4,2191.71
2834,5954,3,902.51
2835,19529,2,2601.57
2836,18740,2,2013.0
2837,5304,2,2849.35
2838,2996,3,2347.34
2839,25143,1,518.25
2840,8902,3,314.59
2841,19831,3,647.97
2842,12682,2,1335.54
2843,15938,3,279.13
2844,29943,3,1331.18
2845,17741,3,2741.63
2846,23917,1,1011.16
2847,11214,3,1009.62
2848,2770,4,454.03
2849,21462,1,887.13
2850,25194,1,1139.14
2851,13629,4,2033.67
2852,691,4,2053.21
2853,29855,3,1712.67
2854,2992,3,2885.9
2855,1175,2,940.5
2856,22861,3,202.72
2857,26394,1,1761.54
2858,18935,3,1868.04
2859,21656,3,1259.92
2860,13376,2,634.0
2861,29960,4,525.3
2862,7236,3,2445.97
2863,24888,3,1487.69
2864,22882,4,2510.64
2865,16638,4,2337.71
2866,21295,1,1754.83
2867,768,1,2677.55
2868,15845,4,866.97
2869,15809,2,2519.7
2870,17934,4,1744.25
2871,11405,3,1796.24
2872,1812,3,1016.79
2873,22070,2,1078.35
2874,17487,4,632.4
2875,21652,3,2774.79
2876,25007,4,214.68
2877,2631,1,2741.01
2878,14113,3,2136.13
2879,4755,2,798.18
2880,19052,3,1987.69
2881,22165,3,2867.99
2882,23983,2,2836.34
2883,24610,2,408.62
2884,26780,3,1380.53
2885,3995,1,1772.34
2886,12718,3,616.7
2887,23333,3,645.01
2888,18836,2,2486.15
2889,14138,3,2109.67
2890,1996,2,2486.15
2891,3623,4,2409.67
2892,7135,4,1680.66
2893,2015,1,1905.47
2894,17388,1,347.74
2895,18052,4,1681.19
2896,10610,1,1705.45
2897,6646,1,2435.45
2898,20865,2,1615.42
2899,15370,1,1996.13
2900,26063,3,1756.27
2901,10334,3,461.55
2902,25871,3,1479.17
2903,2497,4,1583.6
2904,632,2,2978.34
2905,17402,1,2074.56
2906,24710,3,2558.15
2907,288,2,706.59
2908,8501,4,2866.72
2909,20408,3,759.08
2910,2623,3,1985.81
2911,25137,4,332.46
2912,22320,2,2241.76
2913,27451,2,1742.04
2914,8826,3,2326.68
2915,20173,3,1096.17
2916,9483,4,1546.04
2917,12030,4,2894.55
2918,5910,1,2855.29
2919,22293,4,2563.77
2920,23457,2,2085.33
2921,22118,4,2507.31
2922,18315,2,583.63
2923,28758,1,418.82
2924,28333,1,2217.86
2925,9741,3,1816.69
2926,25346,2,254.56
2927,26425,2,1186.25
2928,16473,3,1219.8
2929,13534,3,2732.83
2930,24301,2,862.62
2931,20356,4,2836.4
2932,2748,1,1296.68
2933,23192,3,824.09
2934,3033,1,2903.99
2935,3843,2,2105.64
2936,9210,2,691.87
2937,29027,3,1046.62
2938,3669,4,1109.43
2939,10303,1,2387.95
2940,8094,2,291.63
2941,27831,3,762.52
2942,5933,4,1488.64
2943,12585,2,1637.96
2944,2,3,2890.28
2945,14780,4,2405.81
2946,4682,1,2913.21
2947,24975,3,463.92
2948,7099,1,579.47
2949,13691,2,2887.96
2950,22626,2,490.7
2951,1934,1,1299.67
2952,29767,2,1062.53
2953,8351,3,2059.68
2954,5330,1,1838.16
2955,19178,1,307.3
2956,12595,3,2457.16
2957,7698,1,2482.98
2958,7588,2,820.45
2959,13969,3,2772.65
2960,20423,4,2512.53
2961,28117,1,2337.54
2962,13155,1,1949.29
2963,2334,1,2456.11
2964,15771,2,1519.23
2965,11270,4,2133.3
2966,8696,4,215.42
2967,694,2,1612.76
2968,4180,1,436.84
2969,1919,3,2761.69
2970,8244,4,520.55
2971,17313,3,1445.73
2972,7160,3,2749.82
2973,5501,4,853.42
2974,2984,4,2103.27
2975,28213,1,369.09
2976,2891,4,1846.72
2977,4842,3,2709.41
2978,9002,3,1161.12
2979,27078,3,1931.96
2980,10752,1,509.81
2981,14056,2,874.21
2982,19692,3,1776.82
2983,13356,3,730.22
2984,4304,2,843.49
2985,23222,4,1596.07
2986,7706,4,2654.62
2987,8010,3,503.89
2988,19302,4,930.66
2989,17852,2,2550.88
2990,2740,4,1448.96
2991,23816,3,2503.43
2992,15537,4,2742.01
2993,21986,2,2382.63
2994,11332,2,2114.67
2995,23949,1,1899.57
2996,17562,4,2053.22
2997,12188,3,1624.99
2998,3720,3,1770.7
2999,28335,1,694.73
3000,24283,2,1063.46
