CustomerKey,CustomerName,Phone,Email,City,CustomerTier,RegistrationDate
1,Kimberly Allen,592-750-2694x954,mgay@example.net,Fullerfurt,Silver,20-03-2023
2,Brittany Mack,001-525-692-4665x7759,christopher94@example.net,Curtisland,Silver,24-03-2024
3,,(567)521-5494x7601,leah29@example.com,Barkerland,,22-02-2024
4,Cody Bryant,866-273-3546,jillianwaters@example.com,Monicaberg,Gold,29-10-2025
5,Alexander Johnson,841-620-5372,kjames@example.net,Kathryntown,Gold,07-05-2025
6,Kelly Anderson,001-846-284-7230x9247,marissa47@example.org,East Alexistown,Platinum,27-12-2024
7,Jesse Ramirez,784-675-7149x74916,,Lake Julieton,Silver,27-11-2023
8,Daniel Rice,+1-337-754-7423x57140,uwilliams@example.org,West Stephenhaven,Gold,19-05-2024
9,Aaron Smith,4799152676,krussell@example.net,Allenport,Silver,22-08-2023
10,Virginia Watkins,427-426-0803,smithmichelle@example.net,Rayfurt,Gold,07-02-2024
11,Jacob Dodson,001-910-843-1037x8327,gwhite@example.com,,Silver,08-07-2025
12,Dwayne Holland,480.571.8992x81498,dbrown@example.com,Katherineton,Silver,
13,Lori Hunter,2288708699,acooley@example.com,New Taraport,Silver,01-06-2024
14,Gina Kramer,8273722603,riosmelissa@example.org,New Benjamin,Silver,09-07-2024
15,Jacob Anderson,5838509387,michele05@example.net,Contrerasburgh,Silver,12-04-2025
16,Diana Garcia,606.805.3775x4576,uorr@example.org,Oconnellport,Gold,12-10-2024
17,Charles Rivera,441.205.8374x9126,leachmichelle@example.net,Johnshire,Silver,18-02-2024
18,Mark Burton,001-200-444-5774x026,ftorres@example.com,West Mistyborough,Silver,14-01-2024
19,Ms. Joan Mcdowell,,megancompton@example.org,Wilsonside,Silver,14-12-2023
20,Samantha Burnett,(857)927-9719,angela75@example.net,East Kelli,Silver,06-11-2023
21,Keith Ramos,001-317-368-6264x7516,john88@example.org,East Christopher,Gold,29-09-2024
22,Martha Acosta,8314232930,dana97@example.org,Joseview,Silver,15-09-2023
23,Michael Diaz,971.955.0101,xblake@example.net,Owensborough,Silver,22-07-2025
24,Samantha Chavez,+1-707-623-1242x63514,isabelrobinson@example.com,Smithmouth,Silver,01-11-2024
25,Larry Rodriguez,(600)460-4171x506,jonathandavidson@example.com,New Marissa,Silver,23-11-2025
26,Randall Robinson,331.685.3074x515,lindathompson@example.org,Campbellbury,Gold,12-09-2025
27,Benjamin Blake,976-431-1848,kfry@example.com,Melissastad,Silver,04-06-2024
28,Carla Tucker,+1-337-633-3570x4803,kathleendurham@example.com,Richardshire,Silver,24-05-2025
29,Jeremy Boyle,785-899-3030x26833,ruiztabitha@example.org,Lewisview,Silver,06-08-2023
30,Sheri Charles,375.447.6449x5455,charles44@example.org,Newmanmouth,Silver,28-10-2025
31,Victoria Graham,001-451-802-1245x74931,wendy02@example.com,North Steven,Silver,18-03-2025
32,Justin Washington,+1-827-330-6976x2834,allenkenneth@example.net,New Melissamouth,Silver,22-01-2024
33,Christine Pennington,236-572-2880x201,loriburke@example.net,Gonzalezberg,Gold,18-07-2024
34,Jessica Garcia,(545)851-1905,avilabrandi@example.com,Lake William,Silver,18-12-2025
35,Wendy Thomas,668-361-3321x25291,baileyconnie@example.net,South Jonathan,Gold,18-06-2025
36,Susan Wilson,-10985,emilyperez@example.org,West Robert,Gold,29-03-2023
37,Jonathan Clark,+1-587-858-8932x4638,donald77@example.org,Davisborough,Silver,08-09-2024
38,Laurie Pope,695-447-4631x060,kristystevenson@example.com,Michelleburgh,Silver,14-09-2025
39,Felicia Stevens,-6000,ljones@example.org,Woodtown,Silver,23-04-2023
40,David Richards,2822636312,masseytodd@example.com,Nathanborough,Silver,31-08-2023
41,Kim Freeman,(635)561-2731x7765,brittanyjenkins@example.net,Davisberg,Platinum,03-05-2025
42,Dylan Cunningham,001-529-621-5186x463,parrishandrew@example.net,East Ronald,Silver,26-09-2024
43,Michael Holt,240-723-2783,jillperkins@example.com,Alexandermouth,Gold,24-08-2024
44,Tim Barnes,+1-342-863-0603x212,sshort@example.net,Lake Ashleyton,Gold,25-04-2024
45,Kathleen Holden,001-865-621-7153x152,cindysims@example.com,New Gregorytown,Gold,09-09-2024
46,Teresa Taylor,431-270-6006,marysimon@example.org,South Lisamouth,Gold,30-04-2023
47,Brian Medina,803-274-8554x45856,smithlynn@example.net,East Zacharymouth,Platinum,05-02-2025
48,Andres Griffin,+1-799-763-7995x079,brookehuang@example.org,South Eric,Silver,23-07-2023
49,Kerry Short,384-463-8398,piercecraig@example.org,East Sarah,Silver,17-07-2024
50,Kevin Meyer,001-256-351-2425x1066,michael36@example.com,Christopherchester,Silver,29-11-2025
51,Ashley Coleman,+1-939-492-3278x30898,hallen@example.org,Josephmouth,Silver,29-12-2024
52,Travis Thomas,258-521-5569x668,edwardgutierrez@example.net,Jeremyside,Gold,18-04-2023
53,Kelly Pierce,001-777-751-7855x5524,cmckee@example.net,Greenhaven,Silver,03-11-2025
54,Jessica Arnold,494.544.0509x92487,eric28@example.net,Port Natalie,Silver,24-03-2024
55,David Mason,001-988-908-0764x73777,haley78@example.net,Lake Dannyshire,Gold,05-07-2024
56,Lindsey Reynolds,(780)700-5282,susan01@example.net,Natashaland,Gold,28-10-2025
57,Michael Clayton,+1-669-608-2704x9826,paula14@example.com,East Matthewton,Silver,14-06-2023
58,David Wood,001-252-534-0131x334,jillali@example.org,Josephborough,Gold,22-12-2024
59,Michael Gomez,940.507.7685x901,vanessareyes@example.net,Leeshire,Gold,28-06-2024
60,Scott Robinson,001-858-663-7651x60643,lopezdavid@example.org,Port Kimberlyberg,Silver,26-05-2023
61,Zachary Gallegos,+1-229-554-5194x984,christopher26@example.net,East Hannahfort,Gold,02-03-2025
62,Francisco Russo DDS,967.366.3417x8819,wandamcdonald@example.org,Lake Chadmouth,Platinum,23-02-2024
63,Eric Elliott,+1-428-875-7848x225,zmiller@example.org,Stephanieberg,Silver,15-04-2024
64,Robert Benjamin,945.781.4719x937,xvalencia@example.org,Garzastad,Silver,15-09-2023
65,Ann Ray,(748)921-0434,stephanie17@example.net,Hansonberg,Silver,07-08-2023
66,Lori Gordon,(761)280-6257x608,valenzuelanicole@example.net,New Joseph,Gold,07-05-2024
67,Jeffrey Wells,5979642961,lmendoza@example.net,West Matthewberg,Platinum,11-07-2025
68,Krista Douglas,225.498.2338x03054,robertsrichard@example.org,Aimeetown,Silver,25-06-2024
69,Patricia Beck DVM,208.646.3350,elliottjohn@example.net,Jordanhaven,Gold,24-07-2023
70,Joshua Moore,858-642-6469x9616,rgraham@example.com,Lake Susan,Silver,24-11-2024
71,Danielle Bradley,(636)321-5533,sabrinafloyd@example.net,South Brianna,Gold,18-11-2024
72,April Clarke,(614)486-9630x5354,karicastro@example.net,New Olivialand,Gold,11-11-2023
73,Richard Morris,(712)667-9607,brandi65@example.net,East Sheilatown,Silver,26-11-2023
74,Katherine Parsons,723.753.1915,franklinmitchell@example.com,Clementsshire,Gold,03-03-2025
75,Gabriel Martin,423-872-8303x274,alexandersimpson@example.net,Lake Paul,Gold,11-03-2023
76,Haley Thomas,(929)409-1946x346,brandonbailey@example.org,New Johnathan,Gold,18-09-2023
77,Jason Wu,900-783-4835,benjaminrogers@example.net,East Laurie,Silver,05-05-2024
78,Leslie Peterson,(687)295-3961,harrisrebecca@example.org,South Vicki,Platinum,03-05-2023
79,Emily West,(826)915-0098,jeffrey77@example.com,Port Ernest,Gold,01-03-2024
80,Emma Fernandez,001-427-821-9575x380,lelliott@example.net,West Christopherport,Silver,22-05-2025
81,Michael Lane,+1-384-741-8230x9598,russellzoe@example.com,Lake Michaelfort,Silver,25-03-2024
82,Adam Pruitt,001-775-712-0149x43823,goodmandana@example.org,Mendozastad,Silver,13-12-2023
83,Rachel Bell,001-745-366-4753,kathleen45@example.com,Brittneyton,Silver,15-07-2025
84,Bailey Kane,228-659-4023x90805,christopher01@example.org,Elaineberg,Silver,17-11-2025
85,Joseph Jones,935-841-0690,lambertchristopher@example.net,Port Tracy,Gold,09-09-2023
86,Mark Sullivan,-8309,hamiltonlisa@example.net,Pamelashire,Gold,02-07-2023
87,Nancy Lewis,(369)504-7299,merrittjames@example.org,East James,Silver,06-10-2025
88,Joseph Graham,+1-548-685-8607x896,kathryn05@example.org,Paulton,Platinum,28-10-2025
89,Kelly Chavez,001-851-787-6859,adamsbrandon@example.org,West Donna,Gold,04-02-2025
90,Jesse Miller,639.581.1827,peterscarlos@example.org,New Charleneberg,Gold,02-04-2023
91,Carrie Davis,607.338.8588x973,jsimpson@example.org,Susanborough,Gold,10-02-2024
92,Stephen Young,(203)602-4139x74518,michael50@example.org,Port Johnmouth,Silver,28-07-2025
93,Stephanie Flores,001-864-203-7412x956,danielallen@example.com,Davidfort,Gold,07-04-2025
94,Jennifer Miller,416.272.4579,khorton@example.org,Lake Jamiehaven,Platinum,20-10-2024
95,Jessica Short,8663637551,bowmanchristine@example.net,Davisview,Silver,06-02-2023
96,Diane Johnson,001-991-496-7765x70068,lisaboyer@example.net,Lesterville,Gold,04-05-2024
97,Terry Smith,(552)698-3061,changjoel@example.com,North Amanda,Silver,19-05-2023
98,Christopher Shannon,001-826-531-8988x39365,kenneth58@example.com,New David,Silver,27-12-2024
99,James Briggs,+1-711-711-3455x0421,wolfmatthew@example.org,Josephstad,Silver,28-06-2025
100,Duane Zhang,5884727504,alexandradavis@example.com,Tammyhaven,Gold,26-06-2023
101,Gary Jones,861.671.3840,ericapatel@example.net,Melanieshire,Silver,28-11-2025
102,John Roberts,916-589-5766x8394,bradleymorris@example.org,East Donnashire,Gold,30-06-2023
103,Elizabeth Benson,591.917.4011x359,gregory55@example.org,South Michael,Gold,16-07-2025
104,David Griffin,766.506.6359,schneiderrichard@example.net,Alyssabury,Silver,31-12-2025
105,Melanie Adams,819.774.3332,johnsondesiree@example.net,South Jerryville,Gold,08-11-2024
106,Omar Murray,(350)273-4273x039,rayala@example.net,New Erinport,Silver,11-11-2025
107,William Shea,(917)691-6895,crobinson@example.org,Lake Manuel,Silver,08-01-2026
108,Jeffrey Graham,983-381-5487x4149,kimberly31@example.com,Williamsside,Gold,14-11-2024
109,Manuel Wilson,(800)989-2074,medinajerry@example.net,West Taylorfort,Silver,23-08-2025
110,Jennifer Farmer,(929)684-3210,cristian50@example.org,Robinsonville,Silver,06-05-2025
111,Jessica Ramirez,(618)742-3622x2578,michellesoto@example.org,Perrymouth,Gold,31-12-2023
112,Dennis Henry,(898)952-6033,vincent21@example.org,Port Elainefurt,Silver,29-03-2025
113,Vincent Lawrence,(293)817-6489x0148,jonestaylor@example.org,Wallaceburgh,Silver,12-10-2023
114,Dustin Carter,(842)776-2233x890,lunadavid@example.net,Novakton,Gold,29-06-2024
115,Tonya Osborne,001-782-265-5112x464,lryan@example.org,Adrianland,Silver,14-07-2023
116,Lauren Ray,+1-658-568-2756x65727,lorismith@example.net,Port Scott,Gold,27-08-2023
117,Melissa Phillips,9738193968,matthewortiz@example.net,Roberthaven,Gold,20-04-2023
118,Jerry Harrison,925.557.6059x083,joneskenneth@example.net,Port Joannaton,Silver,07-03-2024
119,Kirk Garcia,001-576-645-7817x251,ujackson@example.com,Josephland,Silver,27-02-2023
120,Andrew White,(592)549-1649x7343,matthewspencer@example.org,Gracefurt,Platinum,27-08-2024
121,Tiffany White,(944)906-4395,hvalenzuela@example.net,East Stephanieburgh,Silver,18-07-2023
122,Roy Blackburn,9148549628,josephstewart@example.net,Petersside,Gold,12-12-2025
123,Lindsay Simmons,+1-497-315-4157x01670,tinasanders@example.net,South Mariafurt,Silver,25-01-2025
124,Jack Peterson,+1-741-845-1521x2419,deborah70@example.com,West Megan,Gold,14-11-2024
125,Carla Davis,543.230.0109x990,pcook@example.com,Lake Peterside,Gold,02-06-2024
126,Eugene Allen,(240)484-9132,vberger@example.com,North Samuelchester,Gold,28-12-2024
127,Jordan Howell,803.331.9675x7179,karen03@example.com,South Rodneyberg,Silver,13-03-2023
128,Mitchell Hernandez MD,(974)532-8581,richardalexander@example.net,Terrymouth,Gold,27-05-2023
129,Jacob Green,(400)789-6678,robertgonzales@example.org,West Elizabethberg,Silver,20-09-2025
130,Michael Bauer,(349)288-7383x35537,stonestephen@example.net,Deborahton,Silver,20-06-2025
131,Colleen Christensen,786.797.3699x274,kristy98@example.com,Woodsmouth,Gold,11-05-2025
132,Emily Smith,+1-309-886-6626x989,jmcfarland@example.com,West Briana,Silver,08-08-2023
133,Isaac Smith,+1-385-749-2259x17142,andersontheresa@example.net,Johntown,Silver,13-06-2024
134,Steven Reyes,+1-855-231-3250x805,ychavez@example.com,South Alexanderville,Silver,29-11-2023
135,Jennifer Waters,271.529.4368x7515,heather11@example.net,South Diane,Silver,17-07-2025
136,Jamie Carlson,9146657190,christopher24@example.net,Lovebury,Silver,16-08-2023
137,Alfred Dean,762.343.6586,sherrijackson@example.com,Patriciatown,Gold,17-04-2024
138,Maria King,537.371.9022,mooreerik@example.com,Barrstad,Silver,08-08-2025
139,Michael Rodriguez,325-862-7695,nancycole@example.net,Catherineborough,Gold,01-05-2025
140,Patty Barrett,798-503-9018x54707,asmith@example.org,Harperside,Silver,23-07-2025
141,Alex Gould,311.373.4549x225,hernandezjoseph@example.com,Samanthafort,Silver,30-07-2023
142,Denise Fields,383-736-2983x77375,lisamalone@example.net,Lake Aaronchester,Silver,03-06-2023
143,Brandon Escobar MD,001-250-201-7864,briannahenry@example.com,Tylerton,Silver,24-08-2025
144,Alan Decker,+1-811-782-6121x82877,lyonschristopher@example.org,Jessicachester,Silver,21-04-2025
145,Sierra Reyes,+1-223-881-0231x6733,kimberly89@example.net,New Shannon,Silver,15-03-2023
146,Wendy Williams,336.475.9216,miranda53@example.net,North Jasonside,Gold,07-09-2023
147,Bryan Giles,645-230-3718x7331,wpugh@example.net,Lake Eugene,Silver,03-01-2026
148,Marie Noble,(363)603-7419,brittney25@example.org,South Lori,Silver,23-07-2025
149,Joshua Barton,(915)431-8510x337,lcohen@example.org,West Jennifer,Silver,22-12-2023
150,George Mendoza,923.482.1514,alexanderhamilton@example.net,Stevetown,Gold,04-04-2025
151,Melissa Pace,+1-344-475-6498x2345,dianegonzalez@example.com,Collinshaven,Platinum,29-05-2025
152,Julie Rogers,5424751013,jacobsteele@example.com,Port Cynthia,Silver,07-05-2023
153,Kenneth Lane,754.889.4824x39036,susanbrown@example.org,Mckeeberg,Silver,14-10-2024
154,Brian Bates,6047198030,ashleyterry@example.net,Terriland,Silver,07-05-2023
155,Timothy Copeland,3679507901,claire12@example.net,West Russellburgh,Silver,24-08-2023
156,Joshua Berry,899-797-8350x654,hernandezlinda@example.org,South Jillianberg,Silver,09-07-2024
157,Thomas Graham,703.810.4304,kelly08@example.net,Ginahaven,Silver,05-01-2025
158,Cindy Collins,(496)873-5688,lisathompson@example.net,East Vanessaport,Silver,28-01-2024
159,Natalie Romero,377.256.9599x6762,robert44@example.org,Shannontown,Silver,15-01-2025
160,Nicholas Banks,-2398,ashleylewis@example.net,West Victoriaton,Silver,12-06-2025
161,Gloria Rodriguez,-2685,brandon32@example.com,Robertsstad,Platinum,30-07-2024
162,Bailey Collins,-6058,xsalazar@example.org,North Andrea,Silver,12-03-2024
163,Patricia Garner,562-693-3298x843,jeffrey63@example.com,South Ashley,Gold,27-04-2025
164,Heidi Wood,(814)599-0328,charles22@example.org,Jamesbury,Silver,07-03-2023
165,James Smith,001-394-658-7870x9632,tanya08@example.com,Port Jasminhaven,Gold,29-12-2025
166,Caleb Benson,872.874.5247,uwilliams@example.net,Robertsonborough,Silver,03-05-2025
167,Richard Logan,847-671-5852x62909,luis89@example.org,Bryantfurt,Gold,24-05-2024
168,Hannah Nelson,(674)806-2369x7074,dbarrett@example.net,Lawrenceshire,Silver,24-10-2023
169,Jason Murphy,001-793-304-2157x58047,andrewrodriguez@example.org,Davidside,Silver,01-09-2023
170,Stephen Walters,(483)575-1281x427,kristine53@example.org,Monroeberg,Silver,15-10-2023
171,Amy Johnson,548-334-0142x4736,rhansen@example.com,Port Jeffrey,Silver,17-08-2023
172,Alec Smith,(725)569-5072,anguyen@example.org,South Stacyport,Silver,13-01-2025
173,Thomas Hicks,4827315905,stephanie13@example.org,South Katie,Platinum,22-10-2023
174,William Pena,5279701878,colleencampbell@example.com,West Robert,Silver,03-03-2023
175,Marissa Harvey,001-929-361-2390x3521,carljackson@example.com,Martinchester,Gold,30-12-2023
176,Bryan Rhodes,504-710-1427,johnsonmaureen@example.net,Dustinhaven,Silver,08-10-2024
177,Mary Martinez,-9452,pfoster@example.net,Tamimouth,Silver,11-06-2023
178,Jeremy Harrington MD,318.537.6391,vhoffman@example.org,Lake Marychester,Gold,23-11-2023
179,Nicole Rosales,371.761.0237x6389,wesleysweeney@example.com,South Kristafort,Silver,24-09-2023
180,Michael Alvarez,+1-700-910-2935x104,nhughes@example.com,South Christopherchester,Silver,21-02-2025
181,Courtney Nguyen,001-364-994-1198,christophermitchell@example.org,South Jasonborough,Silver,14-02-2023
182,Julie Lucero,+1-734-487-9041x62811,rmyers@example.com,New Sarah,Silver,13-01-2024
183,Patricia Hughes,(794)272-6503,dobrien@example.com,West Jeffrey,Platinum,31-12-2024
184,Janice Fisher,534-238-5170x6126,whitenicole@example.net,Juliamouth,Silver,26-03-2024
185,Geoffrey Rodriguez,202-665-9684,terridelgado@example.com,Mackenzieville,Gold,18-12-2024
186,Alexandra Simon,(284)578-5591,pamela34@example.com,East Timothyland,Gold,26-01-2026
187,Henry Bruce,(227)376-8249x73896,bhayes@example.net,Kristinaville,Gold,11-06-2024
188,Steven Peterson,(962)654-3582,bateslawrence@example.com,Bauershire,Silver,12-07-2024
189,Jennifer Roach,(249)964-8156,jacksonburke@example.org,East Michael,Silver,30-07-2024
190,David Jones,001-678-372-6468x77248,kellykrueger@example.org,New Joseph,Silver,15-03-2023
191,Judith Hernandez,720-658-3130,donnaschroeder@example.net,Williamsfurt,Silver,24-10-2025
192,Aaron Williams,-1717,zmiller@example.org,Ruthport,Gold,06-11-2025
193,Allen Smith,521.213.6720x213,joseph86@example.com,North Randyburgh,Platinum,13-04-2023
194,Daniel Williams,+1-532-298-0080x68427,btaylor@example.org,New Scott,Silver,27-08-2025
195,Stephanie Weaver,+1-418-437-0802x5889,wferguson@example.com,Gilbertmouth,Gold,25-08-2024
196,David Chavez,663-595-9307x6193,nathan73@example.org,Lake Kathy,Gold,25-08-2025
197,Amanda Simon DDS,001-728-814-9475x183,macksteven@example.org,Lake Meagan,Gold,20-04-2024
198,Charles Martinez,702-879-9028x9536,victoria70@example.org,Billyshire,Platinum,30-09-2023
199,Walter Flowers,(791)906-0531,fwilson@example.net,Deniseton,Silver,04-02-2023
200,Lisa Perkins,001-682-476-0962,tmccullough@example.org,Lake Shanehaven,Silver,18-12-2023
201,Ruben Jones,001-689-562-6884,jonesjason@example.com,Timothyville,Gold,23-12-2024
202,Lorraine Ramos,249-476-2510x74874,wjames@example.org,Michelleton,Silver,26-07-2024
203,Shannon Gregory,8176585797,murphyroberto@example.com,Parkerville,Silver,18-03-2023
204,Autumn Johnson,(886)643-9730,sherri50@example.net,Danielshire,Silver,03-04-2024
205,Daniel Brown,+1-464-706-3975x22432,douglas19@example.net,Parkerfort,Silver,28-07-2024
206,Angela Morse,+1-500-412-1040x56657,loritran@example.org,South Gerald,Silver,29-11-2023
207,Kristy Rodriguez,-7526,williamsjohn@example.com,West Jimmy,Silver,14-01-2026
208,Larry Pope MD,+1-355-204-7427x36385,sweeneyjane@example.com,West Justinstad,Silver,24-07-2023
209,Calvin Thompson,(456)639-5279,kelly68@example.org,South Michelle,Silver,03-03-2024
210,Marissa Salas,285-478-3370x53717,mahoneyscott@example.com,Jamesborough,Gold,11-04-2025
211,Jennifer Torres,398.824.5187,johnsondaniel@example.net,South Jeremy,Gold,13-04-2024
212,James Friedman,968.765.5841x014,martineztyler@example.net,East Aimee,Silver,27-09-2025
213,Howard Kim,(768)637-7624x62151,kenneth53@example.org,Nelsontown,Gold,14-10-2024
214,Melissa Riley,(822)237-9736,santosaustin@example.org,Silvafort,Platinum,30-12-2025
215,Kevin Jefferson,485.642.7993x108,angela14@example.net,North Autumn,Gold,03-10-2025
216,Ryan Mendoza,472.819.6292x6951,wjacobs@example.org,Kristinamouth,Gold,17-06-2025
217,Dylan Moore,943.990.7354x4513,sanderswilliam@example.net,West Cheryltown,Gold,29-12-2025
218,Matthew Hawkins,(742)497-8452x646,williambaker@example.com,New Haleyside,Platinum,29-12-2024
219,Christina Sellers,-9930,clarkjacob@example.org,Andersonfurt,Silver,27-10-2025
220,Angela Brown,573-256-0203,marvin34@example.net,Matthewland,Silver,12-06-2025
221,Timothy Schneider,-8224,michael37@example.org,West Cheryl,Gold,09-11-2023
222,Cory Washington,618.604.7285x8920,christinaperez@example.net,New Kennethborough,Platinum,23-04-2024
223,Theresa Allison,266.673.0643,psmith@example.com,Johnmouth,Gold,01-10-2024
224,Shannon Bailey,2894229677,qgreen@example.com,Proctorfurt,Silver,26-08-2024
225,Eric Wright,(453)629-8199x422,campbelledward@example.net,Hammondchester,Silver,26-02-2025
226,Mrs. Susan Bond,561.530.9202x3874,tmartin@example.net,East Elizabethside,Silver,26-11-2024
227,Eric Hogan,(728)215-0578,welchsamantha@example.net,Sharonmouth,Gold,04-10-2025
228,Jonathon Campos,(273)237-1143x9217,cantrelljohn@example.org,New Tonya,Silver,24-12-2023
229,Lori Banks,381-893-2477x7379,ublackwell@example.org,Deborahfurt,Silver,08-11-2024
230,John Day,(991)570-4545x031,scottmarshall@example.net,West Daltonchester,Silver,07-12-2025
231,Stephen Ortega,437.313.0399x0328,coffeystephanie@example.net,East Samuel,Gold,13-08-2023
232,Mario Harris,7095653139,johnstongabrielle@example.org,North David,Gold,29-11-2023
233,Eric Stanley,5285450059,christopher44@example.net,East Jesusmouth,Platinum,12-10-2024
234,Candice Mccall,(675)562-1972x54532,jameschristopher@example.com,South Peter,Silver,15-01-2026
235,Kathleen Mathis,(715)251-9009,vherrera@example.org,Morrisonborough,Silver,11-07-2024
236,George Allen,4239805170,patrick90@example.net,Andersonchester,Silver,09-05-2024
237,Dennis Herrera,250.240.7328x22078,lauren91@example.net,Russellton,Silver,16-01-2024
238,Gabriel Hughes,760-717-7125x97583,melissa62@example.com,New Daniel,Silver,03-09-2023
239,Karen Bryant,775.911.5018,tyronecarr@example.com,Masonmouth,Silver,25-11-2024
240,Brett Webb,+1-880-288-4646x052,william43@example.org,West Philip,Silver,11-08-2025
241,Jonathan Horton,001-213-449-3130,ggardner@example.net,South Steven,Silver,29-12-2023
242,Dalton Rollins,+1-668-810-3442x270,louiscompton@example.com,Lake Alisontown,Platinum,01-01-2024
243,Joshua Ryan,833-841-0815x396,nathaniel25@example.org,Randyville,Gold,03-01-2025
244,Allen Wells,+1-589-384-2077x3473,dhawkins@example.com,Lake Jodifort,Silver,25-08-2025
245,Michael Trujillo,001-358-841-2017x6031,cheryl36@example.org,East Rickystad,Platinum,13-09-2025
246,Justin Marshall,263-573-3388,michelleproctor@example.org,West Alexander,Platinum,03-08-2023
247,Kathleen Thompson,(312)459-8420,ellissamantha@example.com,Lake Shawn,Gold,15-12-2023
248,James Moran,+1-794-644-1056x8901,josemorgan@example.org,Danielside,Silver,26-03-2023
249,Jordan Benson,(998)520-5724x056,evan29@example.net,Austintown,Silver,08-04-2025
250,Tracy Clark,001-886-567-9308,jennifer50@example.net,Rebekahborough,Gold,21-10-2025
251,Frank Gray,773.553.1437x171,dcurtis@example.com,North Jonathanshire,Silver,10-01-2026
252,Kyle Lin,001-888-772-3908x2901,mkline@example.org,Bairdside,Gold,05-10-2024
253,Janet Thompson,202-631-3895,ukim@example.org,Matthewfurt,Platinum,27-08-2025
254,Derek Smith,8915768504,trodriguez@example.com,Angelahaven,Silver,16-12-2024
255,Greg Martin,324-505-6236x08309,eharrison@example.net,Port John,Silver,09-09-2024
256,Monique Martin,341-764-4350x5347,flynndakota@example.com,New Jared,Gold,15-07-2025
257,Carrie Higgins,300.753.8364,jdunn@example.org,Dunlapfurt,Silver,28-10-2023
258,Courtney Fisher,(395)236-6547,warrensusan@example.org,Brownbury,Silver,05-01-2026
259,Catherine Rivas,6024405609,martinezcraig@example.com,Josephton,Silver,31-07-2024
260,Donald Love,001-520-750-0693x9420,jramirez@example.net,Scottbury,Silver,01-12-2025
261,Anthony Peters,474-440-4910x366,ihansen@example.net,Lake Samanthabury,Gold,08-09-2023
262,Christy Reyes,(663)984-9143,vasquezcorey@example.com,North Michellefort,Gold,05-04-2024
263,Joshua Medina,(429)899-1308x7142,stephen59@example.net,Carolstad,Silver,08-11-2023
264,Scott Garcia,261.350.9993x031,nguyenjames@example.com,North Kevin,Gold,28-03-2023
265,Mrs. Teresa Morgan,001-820-276-7495x1161,adamsrobyn@example.org,Lake Matthew,Silver,25-06-2025
266,Traci Reed,643-725-4107,susanjimenez@example.org,North Taylorland,Platinum,12-12-2024
267,Jacob Smith,863.660.4697,qhuber@example.net,Morrisonbury,Gold,18-12-2024
268,Krystal Villanueva,916-333-9482,maria81@example.org,Martinfurt,Silver,15-10-2025
269,Natasha Soto,+1-696-342-0389x98008,jonathan19@example.org,Snyderstad,Silver,26-05-2023
270,Samantha Ward,(952)349-6664x5303,leethomas@example.org,Oliverton,Silver,12-01-2024
271,Stacy Gentry,922.278.6890,montgomerydonna@example.com,Lake Matthewfurt,Silver,14-12-2024
272,Dr. Peter Edwards,6975112373,keithkennedy@example.net,Rodriguezburgh,Platinum,26-05-2023
273,Patrick Jackson,949-412-4423x46171,megan47@example.net,Lisashire,Silver,15-02-2023
274,Paul Harrison,219.404.5046x7660,kristen39@example.net,Port Kennethchester,Silver,02-07-2024
275,Michaela Miller,+1-521-719-7268x7107,meghan37@example.net,East Brianna,Platinum,17-05-2025
276,Cynthia Noble,+1-778-832-8397x59035,allison28@example.net,Port Amber,Gold,28-10-2023
277,Emily Ramirez,679.513.9561x17096,lynchchristine@example.com,East Amystad,Silver,29-07-2024
278,Natasha Tucker,(671)773-8539x0983,stephanieperez@example.net,Lake Alexisview,Silver,16-10-2023
279,Chad Torres,(641)664-5258x6796,michael30@example.com,Codychester,Silver,04-10-2025
280,Natasha Davis,(201)542-0039x8365,jeffery87@example.org,Lake Teresashire,Silver,12-12-2024
281,Matthew Maldonado,330.408.4895x13999,harrisamber@example.org,Lewishaven,Gold,04-09-2023
282,Christy Hughes,+1-409-392-2968x6156,lisa72@example.net,North Barbara,Gold,13-02-2023
283,Mrs. Victoria Mccoy,001-453-892-9473x4102,potterbrandon@example.net,South Mary,Gold,22-09-2024
284,Thomas Perkins,(425)949-0965,jacksonjames@example.com,Michaelfort,Silver,27-11-2023
285,Vanessa Butler,(483)922-4951,dwheeler@example.com,South Christine,Silver,22-01-2025
286,Mr. Thomas Gallagher,+1-794-691-9384x258,kaylawilliams@example.com,Gregorymouth,Platinum,25-01-2025
287,Jacqueline Wise,001-910-779-8785,briangonzalez@example.com,Raymondberg,Silver,01-04-2025
288,Andrew Bell,(517)736-9837x68733,julia55@example.com,South Carolyn,Gold,07-01-2025
289,Chad Donovan MD,(605)276-8127,kellyjody@example.com,Kimberlymouth,Silver,08-08-2024
290,Andrea Cherry,001-860-793-2871,ngonzalez@example.com,Fisherstad,Platinum,25-08-2025
291,Anthony Melendez,(949)441-9030,beasleyamanda@example.net,Coryton,Gold,28-06-2024
292,David Chavez,496-874-4012,juliarussell@example.org,Richardville,Silver,07-12-2024
293,James Hammond,+1-690-808-0401x0832,garciamichael@example.com,East Davidmouth,Silver,24-09-2025
294,Martin Garcia,(349)515-5132x561,vmeyer@example.net,Lindseyton,Silver,21-04-2023
295,David Noble,349.906.5067,bailey81@example.net,New Anthonyfort,Silver,26-09-2023
296,Louis Gillespie,745-315-9006,pterry@example.com,Toddview,Silver,16-02-2024
297,Amy White,(503)404-1962x37728,williambradley@example.com,Lake Austin,Platinum,03-02-2024
298,David Guerra,+1-972-375-7493x805,rodriguezrobert@example.net,Thomasview,Platinum,22-01-2024
299,Robert Lopez,001-452-223-2112,dhull@example.org,East Davidberg,Silver,01-03-2025
300,Brandon Ramirez,(580)511-0346x593,alec05@example.net,Lopezhaven,Silver,27-04-2023
